run,ordinal,engineGeneration,frameID,ptsValue,ptsTimescale,warmup,submittedHostSeconds,workerStartHostSeconds,completedHostSeconds,firstPositivePresentedHostSeconds,presentations,lastRedrawVideoMinusAudioSeconds,completedWorkSeconds,occupiedSlots,retainedBytes,processResidentBytes,inferenceWallSeconds,motionWallSeconds,reservedModelPayloadBytes,activationStatus,activationCount,activationLogLine,activationPlaybackGeneration,activationToken,activationPTSSeconds,feedbackHostSeconds,activationUserPlaying,audioBeforeSeconds,audioAfterSeconds,anchorAudioSeconds,anchorOutputEpoch,temporaryAudioUnavailable,activationMinusAudioBeforeSeconds,activationMinusAudioAfterSeconds,steadyEligible,steadyExclusionReasons
"""baseline-1""",0,6,0,733,1000,true,1059046.3457691253,1059053.2285453752,1059053.6041672085,1059053.7600124585,39,-4.165552798422483,0.37562183337286115,3,8665536,446185472,0.158692625,0.001371709,291576650,"""unavailable: legacy/no activation audit""",0,,,,,,,,,,,,,,,
"""baseline-1""",1,6,1,767,1000,true,1059046.3768625837,1059053.6042649169,1059054.3614335835,1059054.4016772085,11,-4.312997837840016,0.7571686666924506,3,8665536,448626688,0.252960709,0.490998083,291576650,"""unavailable: legacy/no activation audit""",0,,,,,,,,,,,,,,,
"""baseline-1""",2,6,207,7633,1000,true,1059053.2450715837,1059054.3614875418,1059054.5501652085,1059054.5850099586,201,-0.7961151602689549,0.18867766670882702,2,5777024,450641920,0.13574675,0.001676625,291576650,"""unavailable: legacy/no activation audit""",0,,,,,,,,,,,,,,,
"""baseline-1""",3,6,223,8167,1000,false,1059057.6607771253,1059057.660811917,1059057.9059466668,1059057.9349992918,11,-0.4435807820795432,0.2451347499154508,3,8665536,444825600,0.183709042,0.006079875,291576650,"""unavailable: legacy/no activation audit""",0,,,,,,,,,,,,,,,
"""baseline-1""",4,6,224,8200,1000,false,1059057.6940656253,1059057.9059775835,1059058.0837748752,1059058.1183321252,12,-0.6216626545105033,0.17779729166068137,3,8665536,443219968,0.151097833,0.02137875,291576650,"""unavailable: legacy/no activation audit""",0,,,,,,,,,,,,,,,
"""baseline-1""",5,6,231,8433,1000,false,1059057.9274973753,1059058.0838024586,1059058.2890663336,1059058.3183314586,11,-0.5621394844082968,0.20526387495920062,3,8665536,445382656,0.150640708,0.001434125,291576650,"""unavailable: legacy/no activation audit""",0,,,,,,,,,,,,,,,
"""baseline-1""",6,6,237,8633,1000,false,1059058.1273817918,1059058.2890985836,1059058.4633451253,1059058.5016642085,10,-0.5405784816298063,0.17424654169008136,3,8665536,445546496,0.125533834,0.001556,291576650,"""unavailable: legacy/no activation audit""",0,,,,,,,,,,,,,,,
"""baseline-1""",7,6,243,8833,1000,false,1059058.327347417,1059058.463364417,1059058.636547792,1059058.6683303337,10,-0.5059847293666326,0.17318337503820658,3,8665536,445628416,0.130199542,0.001469209,291576650,"""unavailable: legacy/no activation audit""",0,,,,,,,,,,,,,,,
"""baseline-1""",8,6,248,9000,1000,false,1059058.4940183752,1059058.6365693752,1059058.8035490003,1059058.834996542,10,-0.49598093541731103,0.16697962512262166,3,8665536,445677568,0.117382458,0.002156125,291576650,"""unavailable: legacy/no activation audit""",0,,,,,,,,,,,,,,,
"""baseline-1""",9,6,254,9200,1000,false,1059058.6940076253,1059058.803571042,1059058.9700822919,1059059.0016626252,9,-0.44539372476390326,0.1665112499613315,3,8665536,445677568,0.117425791,0.001475917,291576650,"""unavailable: legacy/no activation audit""",0,,,,,,,,,,,,,,,
"""baseline-1""",10,6,258,9333,1000,false,1059058.827355292,1059058.9701075836,1059059.1202432918,1059059.151662167,9,-0.46225888891711975,0.15013570827431977,3,8665536,445759488,0.101816625,0.003931041,291576650,"""unavailable: legacy/no activation audit""",0,,,,,,,,,,,,,,,
"""baseline-1""",11,6,263,9500,1000,false,1059058.9940237503,1059059.1202626252,1059059.2603416252,1059059.301661667,6,-0.3965298031438298,0.1400790000334382,3,8665536,445890560,0.097272584,0.001395084,291576650,"""unavailable: legacy/no activation audit""",0,,,,,,,,,,,,,,,
"""baseline-1""",12,6,268,9667,1000,false,1059059.1601873336,1059059.2603610836,1059059.376877042,1059059.4016613336,9,-0.37894959254372296,0.11651595844887197,3,8665536,446054400,0.073344541,0.001208791,291576650,"""unavailable: legacy/no activation audit""",0,,,,,,,,,,,,,,,
"""baseline-1""",13,6,272,9800,1000,false,1059059.2940197086,1059059.3768955003,1059059.511478042,1059059.5516608336,9,-0.39466875705112514,0.13458254165016115,3,8665536,446136320,0.090420583,0.001405833,291576650,"""unavailable: legacy/no activation audit""",0,,,,,,,,,,,,,,,
"""baseline-1""",14,6,275,9900,1000,false,1059059.3940169169,1059059.5114975418,1059059.661336042,1059059.7016603753,8,-0.42793163077306495,0.14983850019052625,3,8665536,446218240,0.107305,0.001258625,291576650,"""unavailable: legacy/no activation audit""",0,,,,,,,,,,,,,,,
"""baseline-1""",15,6,280,10067,1000,false,1059059.5606827086,1059059.6613605001,1059059.8055886251,1059059.8349932502,9,-0.4109601700934604,0.1442281249910593,3,8665536,446267392,0.10050125,0.001371084,291576650,"""unavailable: legacy/no activation audit""",0,,,,,,,,,,,,,,,
"""baseline-1""",16,6,284,10200,1000,false,1059059.6940137502,1059059.8056381668,1059059.9445863753,1059059.9849927502,8,-0.4106266259340927,0.1389482084196061,3,8665536,446332928,0.089974709,0.001523125,291576650,"""unavailable: legacy/no activation audit""",0,,,,,,,,,,,,,,,
"""baseline-1""",17,6,288,10333,1000,false,1059059.827355167,1059059.9446174586,1059060.0789310003,1059060.1183257087,9,-0.4322843732189323,0.13431354169733822,3,8665536,444760064,0.089073,0.00174875,291576650,"""unavailable: legacy/no activation audit""",0,,,,,,,,,,,,,,,
"""baseline-1""",18,6,293,10500,1000,false,1059059.994022542,1059060.0790068752,1059060.2415337085,1059060.2683252085,11,-0.4466204544144947,0.16252683335915208,3,8665536,444334080,0.104605458,0.001848541,291576650,"""unavailable: legacy/no activation audit""",0,,,,,,,,,,,,,,,
"""baseline-1""",19,6,297,10633,1000,false,1059060.126947792,1059060.2415637502,1059060.4224200835,1059060.4516579586,9,-0.4633747853605694,0.18085633334703743,3,8665536,442220544,0.112157334,0.003014,291576650,"""unavailable: legacy/no activation audit""",0,,,,,,,,,,,,,,,
"""baseline-1""",20,6,301,10767,1000,false,1059060.2602185418,1059060.422449667,1059060.5695451668,1059060.601657417,9,-0.4783560745647186,0.14709549979306757,3,8665536,441286656,0.097455541,0.001619167,291576650,"""unavailable: legacy/no activation audit""",0,,,,,,,,,,,,,,,
"""baseline-1""",21,6,307,10967,1000,false,1059060.4607582919,1059060.569572667,1059060.7117216252,1059060.7516570003,8,-0.41166178067450865,0.1421489582862705,3,8665536,441401344,0.096182375,0.00157275,291576650,"""unavailable: legacy/no activation audit""",0,,,,,,,,,,,,,,,
"""baseline-1""",22,6,311,11100,1000,false,1059060.5940372085,1059060.7117450836,1059060.8525902086,1059060.8849898335,9,-0.42797207005552274,0.14084512507542968,3,8665536,441647104,0.096977667,0.001384458,291576650,"""unavailable: legacy/no activation audit""",0,,,,,,,,,,,,,,,
"""baseline-1""",23,6,316,11267,1000,false,1059060.760712792,1059060.8526112502,1059061.0027356253,1059061.0349893335,8,-0.39489773432017117,0.15012437500990927,3,8665536,441761792,0.099748166,0.005175166,291576650,"""unavailable: legacy/no activation audit""",0,,,,,,,,,,,,,,,
"""baseline-1""",24,6,320,11400,1000,false,1059060.8940085836,1059061.0027614168,1059061.1304465001,1059061.1683222502,7,-0.3792617329099066,0.12768508330918849,3,8665536,441810944,0.079232459,0.002963708,291576650,"""unavailable: legacy/no activation audit""",0,,,,,,,,,,,,,,,
"""baseline-1""",25,6,324,11533,1000,false,1059061.0273752501,1059061.1304662502,1059061.2470667502,1059061.2849884585,6,-0.34704102243857626,0.11660049995407462,3,8665536,441827328,0.074936,0.001502209,291576650,"""unavailable: legacy/no activation audit""",0,,,,,,,,,,,,,,,
"""baseline-1""",26,6,328,11667,1000,false,1059061.1606799169,1059061.247084792,1059061.3559428751,1059061.3766548752,7,-0.33102410420561057,0.10885808314196765,3,8665536,441876480,0.067995584,0.0013245,291576650,"""unavailable: legacy/no activation audit""",0,,,,,,,,,,,,,,,
"""baseline-1""",27,6,332,11800,1000,false,1059061.2934897086,1059061.3559621668,1059061.4697371253,1059061.5016544168,7,-0.3146850603536073,0.11377495853230357,3,8665536,441925632,0.07281575,0.001313083,291576650,"""unavailable: legacy/no activation audit""",0,,,,,,,,,,,,,,,
"""baseline-1""",28,6,335,11900,1000,false,1059061.393483917,1059061.4697576251,1059061.587177417,1059061.6183207086,7,-0.33210797580639984,0.11741979187354445,3,8665536,441991168,0.07582525,0.001299375,291576650,"""unavailable: legacy/no activation audit""",0,,,,,,,,,,,,,,,
"""baseline-1""",29,6,338,12000,1000,false,1059061.494001417,1059061.5872013336,1059061.6990891253,1059061.7349869586,7,-0.34399639041892094,0.11188779165968299,3,8665536,441974784,0.065671208,0.001292292,291576650,"""unavailable: legacy/no activation audit""",0,,,,,,,,,,,,,,,
"""baseline-1""",30,6,342,12133,1000,false,1059061.6268289168,1059061.6991186251,1059061.8157263335,1059061.8516532502,7,-0.32843059722660684,0.11660770839080215,3,8665536,441876480,0.074428375,0.001376542,291576650,"""unavailable: legacy/no activation audit""",0,,,,,,,,,,,,,,,
"""baseline-1""",31,6,345,12233,1000,false,1059061.7273485418,1059061.8157587086,1059061.9365634168,1059061.9683195003,7,-0.34560784484952833,0.120804708218202,3,8665536,441663488,0.078611125,0.001362083,291576650,"""unavailable: legacy/no activation audit""",0,,,,,,,,,,,,,,,
"""baseline-1""",32,6,349,12367,1000,false,1059061.8606770418,1059061.9365817502,1059062.054781667,1059062.084985792,8,-0.34497513419890424,0.11819991678930819,3,8665536,441106432,0.076510042,0.001374375,291576650,"""unavailable: legacy/no activation audit""",0,,,,,,,,,,,,,,,
"""baseline-1""",33,6,352,12467,1000,false,1059061.9606833751,1059062.0548055419,1059062.1873735837,1059062.2183186668,8,-0.37839521633559237,0.13256804179400206,3,8665536,441335808,0.087666542,0.003067167,291576650,"""unavailable: legacy/no activation audit""",0,,,,,,,,,,,,,,,
"""baseline-1""",34,6,356,12600,1000,false,1059062.0940169585,1059062.187397292,1059062.319056667,1059062.3516515836,7,-0.3626825057743037,0.13165937503799796,3,8665536,441286656,0.086206916,0.003197042,291576650,"""unavailable: legacy/no activation audit""",0,,,,,,,,,,,,,,,
"""baseline-1""",35,6,360,12733,1000,false,1059062.2273564585,1059062.3190762086,1059062.4363410003,1059062.4683178335,7,-0.34712496270301507,0.11726479162462056,3,8665536,441335808,0.074675,0.00137625,291576650,"""unavailable: legacy/no activation audit""",0,,,,,,,,,,,,,,,
"""baseline-1""",36,6,364,12867,1000,false,1059062.3606733335,1059062.4363657085,1059062.551386667,1059062.5849841253,6,-0.3144180852478389,0.11502095847390592,3,8665536,440827904,0.070074834,0.001398375,291576650,"""unavailable: legacy/no activation audit""",0,,,,,,,,,,,,,,,
"""baseline-1""",37,6,367,12967,1000,false,1059062.4606813337,1059062.551408167,1059062.660397542,1059062.6849837503,8,-0.3481500424018886,0.10898937494494021,3,8665536,440729600,0.065676833,0.001350083,291576650,"""unavailable: legacy/no activation audit""",0,,,,,,,,,,,,,,,
"""baseline-1""",38,6,371,13100,1000,false,1059062.5940038753,1059062.6604168753,1059062.7772244168,1059062.8183166669,7,-0.33250687323158346,0.11680754157714546,3,8665536,441155584,0.071074125,0.001619834,291576650,"""unavailable: legacy/no activation audit""",0,,,,,,,,,,,,,,,
"""baseline-1""",39,6,374,13200,1000,false,1059062.6940435835,1059062.7772467919,1059062.8983862086,1059062.9349829585,7,-0.3444357880360762,0.12113941670395434,3,8665536,441335808,0.079313791,0.001605917,291576650,"""unavailable: legacy/no activation audit""",0,,,,,,,,,,,,,,,
"""baseline-1""",40,6,378,13333,1000,false,1059062.8273405419,1059062.8984058753,1059063.0163350003,1059063.0516492086,8,-0.34475778677166424,0.1179291249718517,3,8665536,441450496,0.075239291,0.00259525,291576650,"""unavailable: legacy/no activation audit""",0,,,,,,,,,,,,,,,
"""baseline-1""",41,6,381,13433,1000,false,1059062.9273398335,1059063.0163563753,1059063.1466804587,1059063.1849821669,8,-0.37819757585818614,0.13032408338040113,3,8665536,441139200,0.084688167,0.001621875,291576650,"""unavailable: legacy/no activation audit""",0,,,,,,,,,,,,,,,
"""baseline-1""",42,6,385,13567,1000,false,1059063.0607510419,1059063.1467040419,1059063.2823825835,1059063.3183149586,9,-0.3982244065810949,0.1356785416137427,3,8665536,440287232,0.081269,0.001797083,291576650,"""unavailable: legacy/no activation audit""",0,,,,,,,,,,,,,,,
"""baseline-1""",43,6,389,13700,1000,false,1059063.194044917,1059063.2824046253,1059063.4291847502,1059063.4683145003,7,-0.3778694879563709,0.14678012486547232,3,8665536,440467456,0.098149,0.001592459,291576650,"""unavailable: legacy/no activation audit""",0,,,,,,,,,,,,,,,
"""baseline-1""",44,6,393,13833,1000,false,1059063.3273698753,1059063.4292067501,1059063.5464329585,1059063.5849807502,8,-0.3859815702232492,0.1172262083273381,3,8665536,440565760,0.073503083,0.001470375,291576650,"""unavailable: legacy/no activation audit""",0,,,,,,,,,,,,,,,
"""baseline-1""",45,6,397,13967,1000,false,1059063.4607025003,1059063.5464567502,1059063.6889673753,1059063.718313667,8,-0.3770534844173401,0.1425106250680983,3,8665536,440664064,0.094295541,0.001739166,291576650,"""unavailable: legacy/no activation audit""",0,,,,,,,,,,,,,,,
"""baseline-1""",46,6,401,14100,1000,false,1059063.594019417,1059063.6889915003,1059063.8133975836,1059063.8516465002,7,-0.3697519820237236,0.1244060832541436,3,8665536,440827904,0.077264334,0.001478084,291576650,"""unavailable: legacy/no activation audit""",0,,,,,,,,,,,,,,,
"""baseline-1""",47,6,405,14233,1000,false,1059063.727355042,1059063.813418417,1059063.936955042,1059063.968312792,8,-0.36232593899168464,0.12353662494570017,3,8665536,440926208,0.081932792,0.001215833,291576650,"""unavailable: legacy/no activation audit""",0,,,,,,,,,,,,,,,
"""baseline-1""",48,6,409,14367,1000,false,1059063.8602078336,1059063.9369753753,1059064.0609770836,1059064.1016456252,7,-0.34485931163037087,0.12400170834735036,3,8665536,440942592,0.080040041,0.001460417,291576650,"""unavailable: legacy/no activation audit""",0,,,,,,,,,,,,,,,
"""baseline-1""",49,6,412,14467,1000,false,1059063.9606919587,1059064.0609967085,1059064.182833125,1059064.2183119168,7,-0.3627247268437017,0.12183641665615141,3,8665536,441057280,0.080795375,0.001538584,291576650,"""unavailable: legacy/no activation audit""",0,,,,,,,,,,,,,,,
"""baseline-1""",50,6,416,14600,1000,false,1059064.0940219585,1059064.1828557919,1059064.3021841669,1059064.334978167,8,-0.36318401642795095,0.11932837497442961,3,8665536,441171968,0.074820917,0.001265041,291576650,"""unavailable: legacy/no activation audit""",0,,,,,,,,,,,,,,,
"""baseline-1""",51,6,420,14733,1000,false,1059064.2269005836,1059064.3022043752,1059064.4287305835,1059064.4683110835,7,-0.34726797230441875,0.12652620836161077,3,8665536,441221120,0.08258375,0.00145025,291576650,"""unavailable: legacy/no activation audit""",0,,,,,,,,,,,,,,,
"""baseline-1""",52,6,423,14833,1000,false,1059064.3273290002,1059064.4287491252,1059064.551944417,1059064.584977292,9,-0.3969048031706972,0.12319529172964394,3,8665536,441335808,0.081516792,0.001263042,291576650,"""unavailable: legacy/no activation audit""",0,,,,,,,,,,,,,,,
"""baseline-1""",53,6,427,14967,1000,false,1059064.4606655836,1059064.5519667503,1059064.6941777503,1059064.734976792,7,-0.3802221771912109,0.14221099996939301,3,8665536,440729600,0.089380917,0.003509375,291576650,"""unavailable: legacy/no activation audit""",0,,,,,,,,,,,,,,,
"""baseline-1""",54,6,431,15100,1000,false,1059064.593529167,1059064.6941965418,1059064.8208169169,1059064.8516431253,8,-0.38045892468512044,0.12662037508562207,3,8665536,437551104,0.080665417,0.001395125,291576650,"""unavailable: legacy/no activation audit""",0,,,,,,,,,,,,,,,
"""baseline-1""",55,6,435,15233,1000,false,1059064.727351042,1059064.8208405003,1059064.9475433335,1059064.9849759168,8,-0.38096863071845277,0.1267028332222253,3,8665536,439517184,0.078307166,0.001467958,291576650,"""unavailable: legacy/no activation audit""",0,,,,,,,,,,,,,,,
"""baseline-1""",56,6,439,15367,1000,false,1059064.860675542,1059064.9475678336,1059065.0821842502,1059065.1183088336,7,-0.3636956293472,0.13461641664616764,3,8665536,439631872,0.089300208,0.003245125,291576650,"""unavailable: legacy/no activation audit""",0,,,,,,,,,,,,,,,
"""baseline-1""",57,6,443,15500,1000,false,1059064.994195792,1059065.082203667,1059065.2007521668,1059065.2349750418,8,-0.3640770855099227,0.11854849988594651,3,8665536,439828480,0.074936666,0.001321917,291576650,"""unavailable: legacy/no activation audit""",0,,,,,,,,,,,,,,,
"""baseline-1""",58,6,447,15633,1000,false,1059065.1273421668,1059065.200771917,1059065.3290039168,1059065.3683080003,6,-0.33230804234156963,0.12823199992999434,3,8665536,439910400,0.084873875,0.001517,291576650,"""unavailable: legacy/no activation audit""",0,,,,,,,,,,,,,,,
"""baseline-1""",59,6,450,15733,1000,false,1059065.2273206252,1059065.3290222085,1059065.442185167,1059065.468307667,8,-0.365666331622414,0.1131629585288465,3,8665536,439926784,0.070956791,0.001466083,291576650,"""unavailable: legacy/no activation audit""",0,,,,,,,,,,,,,,,
"""baseline-1""",60,6,454,15867,1000,false,1059065.3606817503,1059065.4422105001,1059065.5646620835,1059065.6016404585,6,-0.32769403886599235,0.12245158338919282,3,8665536,439975936,0.075172875,0.001514208,291576650,"""unavailable: legacy/no activation audit""",0,,,,,,,,,,,,,,,
"""baseline-1""",61,6,457,15967,1000,false,1059065.4606819586,1059065.5646977918,1059065.6772645419,1059065.7016400835,8,-0.36116595345906255,0.11256675003096461,3,8665536,439926784,0.066291167,0.001650375,291576650,"""unavailable: legacy/no activation audit""",0,,,,,,,,,,,,,,,
"""baseline-1""",62,6,461,16100,1000,false,1059065.5940165836,1059065.6772851252,1059065.799855542,1059065.834973042,8,-0.3613229925462704,0.1225704166572541,3,8665536,439959552,0.078684917,0.001545916,291576650,"""unavailable: legacy/no activation audit""",0,,,,,,,,,,,,,,,
"""baseline-1""",63,6,464,16200,1000,false,1059065.6939956252,1059065.7998764168,1059065.9367202919,1059065.9683058753,8,-0.39506015712181863,0.13684387505054474,3,8665536,439975936,0.092187625,0.001709042,291576650,"""unavailable: legacy/no activation audit""",0,,,,,,,,,,,,,,,
"""baseline-1""",64,6,468,16333,1000,false,1059065.8273299169,1059065.936743167,1059066.0646103753,1059066.1016387918,7,-0.3795536556498931,0.12786720832809806,3,8665536,439549952,0.08431875,0.0014785,291576650,"""unavailable: legacy/no activation audit""",0,,,,,,,,,,,,,,,
"""baseline-1""",65,6,472,16467,1000,false,1059065.9606883335,1059066.0646376668,1059066.1902193753,1059066.218305042,7,-0.3628428198409459,0.12558170850388706,3,8665536,439959552,0.077320417,0.0013505,291576650,"""unavailable: legacy/no activation audit""",0,,,,,,,,,,,,,,,
"""baseline-1""",66,6,476,16600,1000,false,1059066.0940167503,1059066.190241417,1059066.2982227919,1059066.3349712503,7,-0.3471420270176573,0.10798137495294213,3,8665536,440008704,0.062811208,0.001526125,291576650,"""unavailable: legacy/no activation audit""",0,,,,,,,,,,,,,,,
"""baseline-1""",67,6,480,16733,1000,false,1059066.227351667,1059066.2982495003,1059066.4221923752,1059066.4516375419,7,-0.33146606621232877,0.12394287483766675,3,8665536,440139776,0.077723416,0.001800959,291576650,"""unavailable: legacy/no activation audit""",0,,,,,,,,,,,,,,,
"""baseline-1""",68,6,483,16833,1000,false,1059066.3273530835,1059066.4222198336,1059066.5320415003,1059066.5683037918,7,-0.3487323981678223,0.10982166673056781,3,8665536,440238080,0.0627205,0.001430667,291576650,"""unavailable: legacy/no activation audit""",0,,,,,,,,,,,,,,,
"""baseline-1""",69,6,487,16967,1000,false,1059066.460708042,1059066.5320694586,1059066.646567667,1059066.6849701253,7,-0.3318193545327972,0.11449820827692747,3,8665536,439566336,0.069876792,0.001552583,291576650,"""unavailable: legacy/no activation audit""",0,,,,,,,,,,,,,,,
"""baseline-1""",70,6,490,17067,1000,false,1059066.5603225003,1059066.6465917502,1059066.7693306669,1059066.801636292,7,-0.343780978386107,0.12273891665972769,3,8665536,439582720,0.07690425,0.00322275,291576650,"""unavailable: legacy/no activation audit""",0,,,,,,,,,,,,,,,
"""baseline-1""",71,6,494,17200,1000,false,1059066.6935358336,1059066.7693481252,1059066.8801483335,1059066.9183026252,8,-0.34404801784524963,0.11080020829103887,3,8665536,439549952,0.067353417,0.001431208,291576650,"""unavailable: legacy/no activation audit""",0,,,,,,,,,,,,,,,
"""baseline-1""",72,6,497,17300,1000,false,1059066.794008917,1059066.8801897503,1059067.0118209168,1059067.0516354586,7,-0.36187397378373376,0.13163116644136608,3,8665536,439713792,0.088707875,0.001454167,291576650,"""unavailable: legacy/no activation audit""",0,,,,,,,,,,,,,,,
"""baseline-1""",73,6,501,17433,1000,false,1059066.927342667,1059067.0118442085,1059067.143949667,1059067.1683017085,8,-0.36220738890427384,0.13210545852780342,3,8665536,438894592,0.0838085,0.001464333,291576650,"""unavailable: legacy/no activation audit""",0,,,,,,,,,,,,,,,
"""baseline-1""",74,6,505,17567,1000,false,1059067.0606876253,1059067.143969667,1059067.2653402502,1059067.3016346253,7,-0.34507767842736925,0.12137058330699801,3,8665536,439648256,0.077775416,0.001240417,291576650,"""unavailable: legacy/no activation audit""",0,,,,,,,,,,,,,,,
"""baseline-1""",75,6,508,17667,1000,false,1059067.1606588336,1059067.2653614585,1059067.3843645002,1059067.4183008752,8,-0.3789643426278815,0.11900304164737463,3,8665536,439533568,0.078375333,0.001246291,291576650,"""unavailable: legacy/no activation audit""",0,,,,,,,,,,,,,,,
"""baseline-1""",76,6,512,17800,1000,false,1059067.293990417,1059067.384389167,1059067.5115916668,1059067.551633792,7,-0.36303492478085886,0.12720249989069998,3,8665536,439730176,0.0840255,0.001678958,291576650,"""unavailable: legacy/no activation audit""",0,,,,,,,,,,,,,,,
"""baseline-1""",77,6,516,17933,1000,false,1059067.4268432918,1059067.5116121252,1059067.6360685003,1059067.668300042,7,-0.3474712556338311,0.12445637513883412,3,8665536,439730176,0.081985625,0.001233041,291576650,"""unavailable: legacy/no activation audit""",0,,,,,,,,,,,,,,,
"""baseline-1""",78,6,520,18067,1000,false,1059067.5602662086,1059067.6360955837,1059067.7486808335,1059067.7849662919,7,-0.33091483760021134,0.11258524982258677,3,8665536,439844864,0.068411125,0.001458291,291576650,"""unavailable: legacy/no activation audit""",0,,,,,,,,,,,,,,,
"""baseline-1""",79,6,523,18167,1000,false,1059067.6606540002,1059067.7487059168,1059067.8691499168,1059067.9016325418,8,-0.3641415854836332,0.12044400000013411,3,8665536,441909248,0.074679333,0.001454458,291576650,"""unavailable: legacy/no activation audit""",0,,,,,,,,,,,,,,,
"""baseline-1""",80,6,527,18300,1000,false,1059067.7940076252,1059067.8691684168,1059067.9950687918,1059068.0349654169,7,-0.3486427089824602,0.12590037495829165,3,8665536,442105856,0.083621291,0.001282875,291576650,"""unavailable: legacy/no activation audit""",0,,,,,,,,,,,,,,,
"""baseline-1""",81,6,530,18400,1000,false,1059067.8939782502,1059067.9950867502,1059068.1111338336,1059068.1516317085,7,-0.3572009566343084,0.11604708340018988,3,8665536,442007552,0.073623916,0.001377333,291576650,"""unavailable: legacy/no activation audit""",0,,,,,,,,,,,,,,,
"""baseline-1""",82,6,534,18533,1000,false,1059068.0273614586,1059068.1111537085,1059068.2278113752,1059068.268297917,7,-0.34434066317936285,0.11665766662918031,3,8665536,442335232,0.071774167,0.001282208,291576650,"""unavailable: legacy/no activation audit""",0,,,,,,,,,,,,,,,
"""baseline-1""",83,6,538,18667,1000,false,1059068.1606634585,1059068.2278315835,1059068.3505437085,1059068.384964167,7,-0.3277972033352192,0.12271212507039309,3,8665536,442335232,0.07683625,0.0012175,291576650,"""unavailable: legacy/no activation audit""",0,,,,,,,,,,,,,,,
"""baseline-1""",84,6,541,18767,1000,false,1059068.2606487086,1059068.3505662503,1059068.4753485003,1059068.5016304168,8,-0.36149920117034995,0.12478225002996624,3,8665536,442351616,0.078504125,0.002507459,291576650,"""unavailable: legacy/no activation audit""",0,,,,,,,,,,,,,,,
"""baseline-1""",85,6,545,18900,1000,false,1059068.3939876668,1059068.4753750418,1059068.594744792,1059068.6349633336,6,-0.32937899118370595,0.11936975014396012,3,8665536,442400768,0.076452166,0.001504792,291576650,"""unavailable: legacy/no activation audit""",0,,,,,,,,,,,,,,,
"""baseline-1""",86,6,548,19000,1000,false,1059068.4939874168,1059068.5947615418,1059068.7092957085,1059068.7349630003,9,-0.3787364888403637,0.11453416664153337,3,8665536,442417152,0.072175334,0.001383792,291576650,"""unavailable: legacy/no activation audit""",0,,,,,,,,,,,,,,,
"""baseline-1""",87,6,552,19133,1000,false,1059068.6273195837,1059068.7093223336,1059068.8518740002,1059068.884962542,8,-0.37899302833596593,0.14255166659131646,3,8665536,442449920,0.090119458,0.002242417,291576650,"""unavailable: legacy/no activation audit""",0,,,,,,,,,,,,,,,
"""baseline-1""",88,6,555,19233,1000,false,1059068.7273522918,1059068.8518960003,1059068.9789765002,1059069.0182953335,7,-0.39619156862275773,0.12708049989305437,3,8665536,442466304,0.083521334,0.001362875,291576650,"""unavailable: legacy/no activation audit""",0,,,,,,,,,,,,,,,
"""baseline-1""",89,6,560,19400,1000,false,1059068.8940182503,1059068.9790035835,1059069.1090707085,1059069.1349616253,8,-0.3709921913373826,0.1300671249628067,3,8665536,442499072,0.07956325,0.002785583,291576650,"""unavailable: legacy/no activation audit""",0,,,,,,,,,,,,,,,
"""baseline-1""",90,6,564,19533,1000,false,1059069.0273413335,1059069.109108042,1059069.2385298335,1059069.2682944585,7,-0.3475043973590175,0.12942179152742028,3,8665536,442515456,0.083442458,0.001559209,291576650,"""unavailable: legacy/no activation audit""",0,,,,,,,,,,,,,,,
"""baseline-1""",91,6,567,19633,1000,false,1059069.1273523336,1059069.2385557503,1059069.354984542,1059069.3849607501,8,-0.38085614603010143,0.11642879154533148,3,8665536,442597376,0.071607958,0.001287833,291576650,"""unavailable: legacy/no activation audit""",0,,,,,,,,,,,,,,,
"""baseline-1""",92,6,571,19767,1000,false,1059069.2606582085,1059069.355007792,1059069.4793061253,1059069.5182935835,7,-0.36418431028528886,0.12429833342321217,3,8665536,442269696,0.07719425,0.00159125,291576650,"""unavailable: legacy/no activation audit""",0,,,,,,,,,,,,,,,
"""baseline-1""",93,6,575,19900,1000,false,1059069.3940176668,1059069.4793267085,1059069.5962807918,1059069.6349599168,7,-0.34825005887410043,0.11695408332161605,3,8665536,442433536,0.071228792,0.002776209,291576650,"""unavailable: legacy/no activation audit""",0,,,,,,,,,,,,,,,
"""baseline-1""",94,6,579,20033,1000,false,1059069.527333542,1059069.596301042,1059069.7182007502,1059069.7516260836,8,-0.34828784839205085,0.12189970817416906,3,8665536,442220544,0.081875667,0.001252958,291576650,"""unavailable: legacy/no activation audit""",0,,,,,,,,,,,,,,,
"""baseline-1""",95,6,582,20133,1000,false,1059069.6273227502,1059069.7182230002,1059069.8522943752,1059069.8849590002,8,-0.3813541377777767,0.13407137501053512,3,8665536,442253312,0.089144417,0.001372708,291576650,"""unavailable: legacy/no activation audit""",0,,,,,,,,,,,,,,,
"""baseline-1""",96,6,586,20267,1000,false,1059069.7603048752,1059069.8523158752,1059069.984180792,1059070.0182918336,8,-0.38109188536125416,0.13186491676606238,3,8665536,442253312,0.084320833,0.003655375,291576650,"""unavailable: legacy/no activation audit""",0,,,,,,,,,,,,,,,
"""baseline-1""",97,6,590,20400,1000,false,1059069.8940108335,1059069.984203917,1059070.1172830835,1059070.1516247918,7,-0.365790425497174,0.13307916652411222,3,8665536,442253312,0.081444958,0.003703209,291576650,"""unavailable: legacy/no activation audit""",0,,,,,,,,,,,,,,,
"""baseline-1""",98,6,594,20533,1000,false,1059070.0273626253,1059070.1173043335,1059070.2376420002,1059070.268291042,7,-0.344378257145717,0.12033766671083868,3,8665536,442286080,0.075585833,0.001280792,291576650,"""unavailable: legacy/no activation audit""",0,,,,,,,,,,,,,,,
"""baseline-1""",99,6,598,20667,1000,false,1059070.1606383335,1059070.2376650418,1059070.3559246669,1059070.3849572502,7,-0.32764875560557627,0.11825962504372001,3,8665536,442302464,0.075345625,0.001377417,291576650,"""unavailable: legacy/no activation audit""",0,,,,,,,,,,,,,,,
"""baseline-1""",100,6,601,20767,1000,false,1059070.2601885002,1059070.3559475837,1059070.4709255002,1059070.5016235001,8,-0.36162129496522155,0.11497791646979749,3,8665536,442302464,0.069581083,0.002557917,291576650,"""unavailable: legacy/no activation audit""",0,,,,,,,,,,,,,,,
"""baseline-1""",101,6,605,20900,1000,false,1059070.3939759585,1059070.4709455003,1059070.593601292,1059070.6349564586,7,-0.3538148760377773,0.12265579169616103,3,8665536,442318848,0.076005208,0.001290667,291576650,"""unavailable: legacy/no activation audit""",0,,,,,,,,,,,,,,,
"""baseline-1""",102,6,608,21000,1000,false,1059070.493996542,1059070.5936213753,1059070.7192802085,1059070.7516226252,11,-0.4319887901549109,0.12565883318893611,3,8665536,442335232,0.083753959,0.001687416,291576650,"""unavailable: legacy/no activation audit""",0,,,,,,,,,,,,,,,
"""baseline-1""",103,6,612,21133,1000,false,1059070.627327167,1059070.7193005418,1059070.9025592501,1059070.9349553336,7,-0.4027279964992836,0.1832587083335966,3,8665536,442990592,0.124579292,0.00730775,291576650,"""unavailable: legacy/no activation audit""",0,,,,,,,,,,,,,,,
"""baseline-1""",104,6,616,21267,1000,false,1059070.7602183335,1059070.9025845835,1059071.0242864168,1059071.0516216252,7,-0.3943095365899474,0.12170183332636952,3,8665536,443105280,0.07700125,0.001320166,291576650,"""unavailable: legacy/no activation audit""",0,,,,,,,,,,,,,,,
"""baseline-1""",105,6,621,21433,1000,false,1059070.9273208752,1059071.0243117502,1059071.1405125835,1059071.1682878751,6,-0.3296797852854816,0.11620083334855735,3,8665536,443121664,0.058486625,0.001488458,291576650,"""unavailable: legacy/no activation audit""",0,,,,,,,,,,,,,,,
"""baseline-1""",106,6,625,21567,1000,false,1059071.0607098336,1059071.1405337085,1059071.2386804586,1059071.2599542085,6,-0.29704594959718733,0.09814675012603402,3,8665536,443203584,0.056563083,0.001483083,291576650,"""unavailable: legacy/no activation audit""",0,,,,,,,,,,,,,,,
"""baseline-1""",107,6,628,21667,1000,false,1059071.1606634585,1059071.2387020418,1059071.3358306668,1059071.3682871251,6,-0.29360811539232046,0.09712862502783537,3,8665536,443219968,0.054877375,0.001308625,291576650,"""unavailable: legacy/no activation audit""",0,,,,,,,,,,,,,,,
"""baseline-1""",108,6,631,21767,1000,false,1059071.260628542,1059071.3358525836,1059071.4322287086,1059071.4682868335,5,-0.27898048913314355,0.09637612500227988,3,8665536,443400192,0.057350166,0.001384875,291576650,"""unavailable: legacy/no activation audit""",0,,,,,,,,,,,,,,,
"""baseline-1""",109,6,634,21867,1000,false,1059071.3606499168,1059071.4322487086,1059071.5236630419,1059071.5516198336,6,-0.2713462792764503,0.09141433332115412,3,8665536,443449344,0.052533208,0.001253666,291576650,"""unavailable: legacy/no activation audit""",0,,,,,,,,,,,,,,,
"""baseline-1""",110,6,637,21967,1000,false,1059071.4606430002,1059071.5236822502,1059071.6206388753,1059071.6516195002,6,-0.2893628187997699,0.09695662511512637,3,8665536,443564032,0.055444583,0.001373667,291576650,"""unavailable: legacy/no activation audit""",0,,,,,,,,,,,,,,,
"""baseline-1""",111,6,640,22067,1000,false,1059071.5606455419,1059071.620662167,1059071.7203476669,1059071.751619167,6,-0.28532306778813066,0.09968549991026521,3,8665536,443580416,0.056607333,0.001257042,291576650,"""unavailable: legacy/no activation audit""",0,,,,,,,,,,,,,,,
"""baseline-1""",112,6,643,22167,1000,false,1059071.6606441669,1059071.7203693753,1059071.8205393753,1059071.8516188336,6,-0.278311691311913,0.10016999999061227,3,8665536,443596800,0.056682708,0.001440458,291576650,"""unavailable: legacy/no activation audit""",0,,,,,,,,,,,,,,,
"""baseline-1""",113,6,646,22267,1000,false,1059071.7601420418,1059071.8205604586,1059071.9226276253,1059071.9516185836,6,-0.2796630638928299,0.10206716670654714,3,8665536,443236352,0.0583075,0.001308583,291576650,"""unavailable: legacy/no activation audit""",0,,,,,,,,,,,,,,,
"""baseline-1""",114,6,649,22367,1000,false,1059071.860660292,1059071.9226508336,1059072.022194542,1059072.0516181253,7,-0.29735172944831945,0.09954370837658644,3,8665536,443203584,0.057759875,0.0012885,291576650,"""unavailable: legacy/no activation audit""",0,,,,,,,,,,,,,,,
"""baseline-1""",115,6,652,22467,1000,false,1059071.9606390835,1059072.022219542,1059072.1285820836,1059072.168284417,6,-0.30656226974080525,0.10636254167184234,3,8665536,443482112,0.059205917,0.0013655,291576650,"""unavailable: legacy/no activation audit""",0,,,,,,,,,,,,,,,
"""baseline-1""",116,6,655,22567,1000,false,1059072.0606955835,1059072.128606042,1059072.2375188752,1059072.2682840836,7,-0.3108730175733463,0.10891283326782286,3,8665536,443564032,0.059139375,0.002146584,291576650,"""unavailable: legacy/no activation audit""",0,,,,,,,,,,,,,,,
"""baseline-1""",117,6,658,22667,1000,false,1059072.160693917,1059072.2375457503,1059072.3438901668,1059072.3849503752,5,-0.28739705781569924,0.10634441650472581,3,8665536,443564032,0.056607542,0.001728083,291576650,"""unavailable: legacy/no activation audit""",0,,,,,,,,,,,,,,,
"""baseline-1""",118,6,661,22767,1000,false,1059072.260662292,1059072.3439160835,1059072.442889917,1059072.4682834586,6,-0.28874522322318086,0.09897383349016309,3,8665536,443629568,0.05704175,0.00154,291576650,"""unavailable: legacy/no activation audit""",0,,,,,,,,,,,,,,,
"""baseline-1""",119,6,665,22900,1000,false,1059072.3940042502,1059072.4429094587,1059072.5399734168,1059072.5682830836,6,-0.2653709291227919,0.09706395817920566,3,8665536,443629568,0.057203209,0.001437,291576650,"""unavailable: legacy/no activation audit""",0,,,,,,,,,,,,,,,
"""baseline-1""",120,6,667,22967,1000,false,1059072.4606359168,1059072.5399936668,1059072.6344359585,1059072.6682827086,6,-0.2945042616176785,0.0944422916509211,3,8665536,443629568,0.0545815,0.001343625,291576650,"""unavailable: legacy/no activation audit""",0,,,,,,,,,,,,,,,
"""baseline-1""",121,6,670,23067,1000,false,1059072.5606267503,1059072.634454167,1059072.7306431253,1059072.7682823753,5,-0.2798539685968464,0.09618895826861262,3,8665536,443711488,0.056325666,0.001464416,291576650,"""unavailable: legacy/no activation audit""",0,,,,,,,,,,,,,,,
"""baseline-1""",122,6,673,23167,1000,false,1059072.6606313335,1059072.730662667,1059072.826018292,1059072.8516154168,6,-0.2810651755691431,0.09535562503151596,3,8665536,443711488,0.056372292,0.001427416,291576650,"""unavailable: legacy/no activation audit""",0,,,,,,,,,,,,,,,
"""baseline-1""",123,6,676,23267,1000,false,1059072.7606647501,1059072.826039167,1059072.9237978752,1059072.9516150418,6,-0.2770771319838339,0.0977587082888931,3,8665536,443662336,0.058567083,0.001319875,291576650,"""unavailable: legacy/no activation audit""",0,,,,,,,,,,,,,,,
"""baseline-1""",124,6,679,23367,1000,false,1059072.860607917,1059072.9238242502,1059073.022139917,1059073.0516146668,6,-0.2701475058390628,0.09831566666252911,3,8665536,443678720,0.056658208,0.00126775,291576650,"""unavailable: legacy/no activation audit""",0,,,,,,,,,,,,,,,
"""baseline-1""",125,6,682,23467,1000,false,1059072.9601381253,1059073.0221618335,1059073.117131417,1059073.1516143752,6,-0.2798168794274005,0.09496958344243467,3,8665536,443711488,0.054407,0.001296833,291576650,"""unavailable: legacy/no activation audit""",0,,,,,,,,,,,,,,,
"""baseline-1""",126,6,685,23567,1000,false,1059073.0606409586,1059073.117149917,1059073.2119483335,1059073.2516140419,5,-0.2601502524920569,0.09479841659776866,3,8665536,443777024,0.055616291,0.001244708,291576650,"""unavailable: legacy/no activation audit""",0,,,,,,,,,,,,,,,
"""baseline-1""",127,6,688,23667,1000,false,1059073.1606523753,1059073.2119659586,1059073.3074620003,1059073.3349470836,6,-0.26113591758399934,0.09549604170024395,3,8665536,443826176,0.055462459,0.001531041,291576650,"""unavailable: legacy/no activation audit""",0,,,,,,,,,,,,,,,
"""baseline-1""",128,6,691,23767,1000,false,1059073.2606867503,1059073.3074833336,1059073.407326792,1059073.426613417,6,-0.26241474951825694,0.09984345827251673,3,8665536,443826176,0.058638583,0.001381,291576650,"""unavailable: legacy/no activation audit""",0,,,,,,,,,,,,,,,
"""baseline-1""",129,6,693,23833,1000,false,1059073.3273007919,1059073.407345417,1059073.5011728753,1059073.534946417,6,-0.29776783161043596,0.09382745833136141,3,8665536,443858944,0.05459025,0.001428458,291576650,"""unavailable: legacy/no activation audit""",0,,,,,,,,,,,,,,,
"""baseline-1""",130,6,696,23933,1000,false,1059073.4272790002,1059073.501192167,1059073.5961111253,1059073.6349460836,6,-0.2991949542442782,0.09491895837709308,3,8665536,443858944,0.055620375,0.001218875,291576650,"""unavailable: legacy/no activation audit""",0,,,,,,,,,,,,,,,
"""baseline-1""",131,6,699,24033,1000,false,1059073.5267751252,1059073.5961298335,1059073.6940080835,1059073.7349457503,5,-0.2791032866557188,0.09787825006060302,3,8665536,443858944,0.058058917,0.001260583,291576650,"""unavailable: legacy/no activation audit""",0,,,,,,,,,,,,,,,
"""baseline-1""",132,6,702,24133,1000,false,1059073.6267465001,1059073.6940303752,1059073.7865156252,1059073.8182787918,6,-0.28052428544665275,0.09248524997383356,3,8665536,443875328,0.052663917,0.001254375,291576650,"""unavailable: legacy/no activation audit""",0,,,,,,,,,,,,,,,
"""baseline-1""",133,6,705,24233,1000,false,1059073.7273010418,1059073.7865427085,1059073.8823467086,1059073.9182783752,5,-0.26087990927327454,0.09580400004051626,3,8665536,443924480,0.056217583,0.001339125,291576650,"""unavailable: legacy/no activation audit""",0,,,,,,,,,,,,,,,
"""baseline-1""",134,6,708,24333,1000,false,1059073.8267852503,1059073.8823675835,1059073.9748901252,1059074.001611417,6,-0.26172044862805066,0.09252254175953567,3,8665536,443940864,0.052843459,0.001536875,291576650,"""unavailable: legacy/no activation audit""",0,,,,,,,,,,,,,,,
"""baseline-1""",135,6,711,24433,1000,false,1059073.927292292,1059073.9749110835,1059074.0679517086,1059074.1016111253,6,-0.26323365557161793,0.09304062509909272,3,8665536,443973632,0.054071583,0.001179917,291576650,"""unavailable: legacy/no activation audit""",0,,,,,,,,,,,,,,,
"""baseline-1""",136,6,713,24500,1000,false,1059073.9939553335,1059074.0679710836,1059074.1686868751,1059074.201610792,6,-0.2974079875250659,0.10071579157374799,3,8665536,443990016,0.059154291,0.00134725,291576650,"""unavailable: legacy/no activation audit""",0,,,,,,,,,,,,,,,
"""baseline-1""",137,6,716,24600,1000,false,1059074.0934418335,1059074.1687157087,1059074.272904917,1059074.301610417,6,-0.2985204028254458,0.10418920824304223,3,8665536,443269120,0.054710625,0.001375584,291576650,"""unavailable: legacy/no activation audit""",0,,,,,,,,,,,,,,,
"""baseline-1""",138,6,719,24700,1000,false,1059074.1939650835,1059074.272925417,1059074.3676044585,1059074.4016101253,6,-0.2951532759587536,0.0946790415327996,3,8665536,443252736,0.055378459,0.001325,291576650,"""unavailable: legacy/no activation audit""",0,,,,,,,,,,,,,,,
"""baseline-1""",139,6,722,24800,1000,false,1059074.2939832502,1059074.3676284587,1059074.4657495003,1059074.5016097086,6,-0.29587873301580814,0.09812104166485369,3,8665536,443383808,0.055283666,0.001406625,291576650,"""unavailable: legacy/no activation audit""",0,,,,,,,,,,,,,,,
"""baseline-1""",140,6,725,24900,1000,false,1059074.3939681253,1059074.4657743752,1059074.570104542,1059074.6016094587,6,-0.29781819000363896,0.10433016670867801,3,8665536,443482112,0.055740291,0.001488625,291576650,"""unavailable: legacy/no activation audit""",0,,,,,,,,,,,,,,,
"""baseline-1""",141,6,728,25000,1000,false,1059074.4934678336,1059074.5701303335,1059074.6681517502,1059074.701609042,6,-0.29863085440808845,0.09802141669206321,3,8665536,443498496,0.053369125,0.001354833,291576650,"""unavailable: legacy/no activation audit""",0,,,,,,,,,,,,,,,
"""baseline-1""",142,6,731,25100,1000,false,1059074.593983417,1059074.6681758335,1059074.7662499587,1059074.8016087085,6,-0.29461464490282907,0.09807412512600422,3,8665536,443498496,0.054967792,0.001492042,291576650,"""unavailable: legacy/no activation audit""",0,,,,,,,,,,,,,,,
"""baseline-1""",143,6,734,25200,1000,false,1059074.693950292,1059074.7662735002,1059074.8664714585,1059074.9016083751,6,-0.29581689371611475,0.10019795829430223,3,8665536,443514880,0.057897375,0.001328541,291576650,"""unavailable: legacy/no activation audit""",0,,,,,,,,,,,,,,,
"""baseline-1""",144,6,737,25300,1000,false,1059074.7940413752,1059074.8664979585,1059074.9676794587,1059075.0099413753,7,-0.3138165161690587,0.1011815001256764,3,8665536,442974208,0.057643625,0.0014105,291576650,"""unavailable: legacy/no activation audit""",0,,,,,,,,,,,,,,,
"""baseline-1""",145,6,740,25400,1000,false,1059074.8939709587,1059074.967704542,1059075.0788420003,1059075.1182743337,6,-0.31455355655063855,0.11113745835609734,3,8665536,442073088,0.054650458,0.001598125,291576650,"""unavailable: legacy/no activation audit""",0,,,,,,,,,,,,,,,
"""baseline-1""",146,6,743,25500,1000,false,1059074.9939872918,1059075.0788620836,1059075.1852378752,1059075.2182739587,6,-0.3104091378514511,0.10637579159811139,3,8665536,441810944,0.059453583,0.001578208,291576650,"""unavailable: legacy/no activation audit""",0,,,,,,,,,,,,,,,
"""baseline-1""",147,6,747,25633,1000,false,1059075.1273310003,1059075.1852588751,1059075.2852410418,1059075.318273667,6,-0.27886551153339667,0.09998216666281223,3,8665536,442630144,0.05577875,0.001505584,291576650,"""unavailable: legacy/no activation audit""",0,,,,,,,,,,,,,,,
"""baseline-1""",148,6,750,25733,1000,false,1059075.2273132086,1059075.2852739585,1059075.387633292,1059075.4182732918,6,-0.272682176985068,0.10235933354124427,3,8665536,442564608,0.05749425,0.001380667,291576650,"""unavailable: legacy/no activation audit""",0,,,,,,,,,,,,,,,
"""baseline-1""",149,6,753,25833,1000,false,1059075.3267904168,1059075.3876634585,1059075.4870804169,1059075.5182729585,6,-0.28162463397897497,0.09941695840097964,3,8665536,442368000,0.05456625,0.00136025,291576650,"""unavailable: legacy/no activation audit""",0,,,,,,,,,,,,,,,
"""baseline-1""",150,6,756,25933,1000,false,1059075.4267798336,1059075.4870997085,1059075.5836720003,1059075.6182726668,5,-0.2620077571314141,0.09657229180447757,3,8665536,442499072,0.056258875,0.001413917,291576650,"""unavailable: legacy/no activation audit""",0,,,,,,,,,,,,,,,
"""baseline-1""",151,6,759,26033,1000,false,1059075.5273100836,1059075.5836938752,1059075.6765177918,1059075.701605667,6,-0.26353658910664635,0.09282391658052802,3,8665536,440385536,0.053538167,0.001213209,291576650,"""unavailable: legacy/no activation audit""",0,,,,,,,,,,,,,,,
"""baseline-1""",152,6,762,26133,1000,false,1059075.6267613336,1059075.676539667,1059075.7712622918,1059075.8016053336,6,-0.26434617113488557,0.09472262486815453,3,8665536,440369152,0.054612167,0.001343375,291576650,"""unavailable: legacy/no activation audit""",0,,,,,,,,,,,,,,,
"""baseline-1""",153,6,764,26200,1000,false,1059075.6934347919,1059075.771282292,1059075.866170792,1059075.9016050003,6,-0.29401491904659594,0.09488849993795156,3,8665536,440172544,0.055142834,0.001306041,291576650,"""unavailable: legacy/no activation audit""",0,,,,,,,,,,,,,,,
"""baseline-1""",154,6,767,26300,1000,false,1059075.7939562502,1059075.866191542,1059075.963091417,1059076.001604667,5,-0.27050783425567815,0.09689987497404218,3,8665536,440287232,0.056323,0.00124625,291576650,"""unavailable: legacy/no activation audit""",0,,,,,,,,,,,,,,,
"""baseline-1""",155,6,770,26400,1000,false,1059075.8939616252,1059075.9631118753,1059076.055399542,1059076.084937667,6,-0.2801092497014075,0.09228766662999988,3,8665536,439844864,0.053749417,0.001283709,291576650,"""unavailable: legacy/no activation audit""",0,,,,,,,,,,,,,,,
"""baseline-1""",156,6,773,26500,1000,false,1059075.9939390835,1059076.0554182085,1059076.1524847085,1059076.1849373335,6,-0.28147508159963053,0.09706649999134243,3,8665536,440254464,0.0582775,0.001400583,291576650,"""unavailable: legacy/no activation audit""",0,,,,,,,,,,,,,,,
"""baseline-1""",157,6,776,26600,1000,false,1059076.0939538751,1059076.1525061252,1059076.2481352086,1059076.2849370001,6,-0.2779995797517252,0.09562908345833421,3,8665536,440320000,0.056071541,0.001338916,291576650,"""unavailable: legacy/no activation audit""",0,,,,,,,,,,,,,,,
"""baseline-1""",158,6,779,26700,1000,false,1059076.1939476253,1059076.2481550835,1059076.3440755836,1059076.3849366668,5,-0.26322328670279305,0.09592050011269748,3,8665536,440369152,0.05414275,0.001423333,291576650,"""unavailable: legacy/no activation audit""",0,,,,,,,,,,,,,,,
"""baseline-1""",159,6,782,26800,1000,false,1059076.2939605836,1059076.344094667,1059076.4373813337,1059076.4682697086,6,-0.26467741030939607,0.09328666678629816,3,8665536,440418304,0.054351792,0.001380042,291576650,"""unavailable: legacy/no activation audit""",0,,,,,,,,,,,,,,,
"""baseline-1""",160,6,785,26900,1000,false,1059076.3939366252,1059076.4374037085,1059076.5311432919,1059076.5682693752,6,-0.2653657008436383,0.09373958338983357,3,8665536,440467456,0.054783584,0.00134675,291576650,"""unavailable: legacy/no activation audit""",0,,,,,,,,,,,,,,,
"""baseline-1""",161,6,787,26967,1000,false,1059076.4606076253,1059076.5311630836,1059076.627667167,1059076.668269042,6,-0.29427124038283026,0.09650408336892724,3,8665536,440516608,0.056640041,0.001294708,291576650,"""unavailable: legacy/no activation audit""",0,,,,,,,,,,,,,,,
"""baseline-1""",162,6,790,27067,1000,false,1059076.5601211253,1059076.6276891252,1059076.728485792,1059076.768268667,6,-0.29623882214825414,0.10079666669480503,3,8665536,440582144,0.059220667,0.001433875,291576650,"""unavailable: legacy/no activation audit""",0,,,,,,,,,,,,,,,
"""baseline-1""",163,6,793,27167,1000,false,1059076.6606632501,1059076.728507917,1059076.833565417,1059076.8682683753,6,-0.2971112791604895,0.10505750006996095,3,8665536,440631296,0.059652541,0.0014735,291576650,"""unavailable: legacy/no activation audit""",0,,,,,,,,,,,,,,,
"""baseline-1""",164,6,796,27267,1000,false,1059076.7601312501,1059076.833586667,1059076.9282526253,1059076.9682680003,5,-0.27708573663888103,0.0946659583132714,3,8665536,440664064,0.056263708,0.001286709,291576650,"""unavailable: legacy/no activation audit""",0,,,,,,,,,,,,,,,
"""baseline-1""",165,6,799,27367,1000,false,1059076.8606123335,1059076.9282716669,1059077.0250053753,1059077.0516010001,6,-0.27848665092415104,0.09673370840027928,3,8665536,440745984,0.057377333,0.00145825,291576650,"""unavailable: legacy/no activation audit""",0,,,,,,,,,,,,,,,
"""baseline-1""",166,6,802,27467,1000,false,1059076.9606383336,1059077.0250262085,1059077.1210904585,1059077.1516006668,6,-0.2801448580405008,0.09606424998492002,3,8665536,440844288,0.056422042,0.001258417,291576650,"""unavailable: legacy/no activation audit""",0,,,,,,,,,,,,,,,
"""baseline-1""",167,6,805,27567,1000,false,1059077.060637292,1059077.1211106253,1059077.2217360835,1059077.2516003752,7,-0.29708494001469177,0.10062545817345381,3,8665536,440827904,0.05801,0.001582666,291576650,"""unavailable: legacy/no activation audit""",0,,,,,,,,,,,,,,,
"""baseline-1""",168,6,808,27667,1000,false,1059077.1601345418,1059077.2217652502,1059077.3312127085,1059077.368266667,5,-0.2687326881539285,0.10944745829328895,3,8665536,440565760,0.058729291,0.001309167,291576650,"""unavailable: legacy/no activation audit""",0,,,,,,,,,,,,,,,
"""candidate-matched-1""",0,6,0,733,1000,true,1059449.1732437087,1059455.7051229586,1059456.0744451252,1059456.2712590836,45,0.0029791780000000267,0.3693221665453166,1,2888512,442023936,0.162294292,0.001520042,291576650,"""audited unique match""",1,66,3,2,0.733,1059456.1023892502,true,0.730020822,0.730020822,,,,0.0029791780000000267,0.0029791780000000267,false,"[""first activation or engine/playback epoch boundary"",""recorder marks completed frame warmup""]"
"""candidate-matched-1""",1,6,1,767,1000,true,1059456.2076415836,1059456.2076777501,1059456.9859193335,1059457.012923542,12,0.03697917800000006,0.7782415833789855,2,5777024,444284928,0.302048333,0.467767209,291576650,"""audited unique match""",1,69,3,3,0.767,1059456.9905205418,true,0.730020822,0.730020822,,,,0.03697917800000006,0.03697917800000006,false,"[""recorder marks completed frame warmup""]"
"""candidate-matched-1""",2,6,2,800,1000,true,1059457.0076350418,1059457.0076681252,1059457.185717667,1059457.221256292,10,0.059312512000000095,0.17804954177699983,2,5777024,447086592,0.155440209,0.019613791,291576650,"""audited unique match""",1,72,3,4,0.8,1059457.190437167,true,0.730020822,0.730020822,,,,0.06997917800000009,0.06997917800000009,false,"[""recorder marks completed frame warmup""]"
"""candidate-matched-1""",3,6,3,833,1000,false,1059457.2075722918,1059457.2075962087,1059457.3554106252,1059457.379589167,12,0.08164584499999994,0.14781441655941308,2,5777024,447676416,0.126869708,0.016773459,291576650,"""audited unique match""",1,74,3,5,0.833,1059457.3576606251,true,0.740687488,0.740687488,,,,0.09231251200000001,0.09231251200000001,true,[]
"""candidate-matched-1""",4,6,4,867,1000,false,1059457.3742312086,1059457.3742568335,1059457.5417358335,1059457.5795885837,11,0.10497917899999998,0.16747900005429983,2,5777024,447774720,0.143773167,0.020202834,291576650,"""audited unique match""",1,76,3,6,0.867,1059457.557141292,true,0.751354155,0.751354155,,,,0.11564584499999997,0.11564584499999997,true,[]
"""candidate-matched-1""",5,6,5,900,1000,false,1059457.5732868752,1059457.5733168335,1059457.7309150835,1059457.762921417,10,0.12731251200000004,0.15759825007990003,2,5777024,445661184,0.138367875,0.01562975,291576650,"""audited unique match""",1,78,3,7,0.9,1059457.741291917,true,0.762020821,0.762020821,,,,0.137979179,0.137979179,true,[]
"""candidate-matched-1""",6,6,6,933,1000,false,1059457.756756167,1059457.7567877918,1059457.9035379586,1059457.9379209168,10,0.112312513,0.14675016677938402,2,5777024,445513728,0.127049167,0.016572167,291576650,"""audited unique match""",1,80,3,8,0.933,1059457.9079217087,true,0.772687488,0.772687488,,,,0.16031251200000007,0.16031251200000007,true,[]
"""candidate-matched-1""",7,6,7,967,1000,false,1059457.924286542,1059457.9243185003,1059458.0613793335,1059458.1045871251,9,0.11964584699999992,0.13706083316355944,2,5777024,445120512,0.118858792,0.014639333,291576650,"""audited unique match""",1,83,3,9,0.967,1059458.0745466668,true,0.820687487,0.820687487,,,,0.14631251299999992,0.14631251299999992,true,[]
"""candidate-matched-1""",8,6,8,1000,1000,false,1059458.0909685835,1059458.0909982086,1059458.2236612502,1059458.2462533752,9,0.12597918100000005,0.13266304158605635,2,5777024,446857216,0.112194959,0.015699791,291576650,"""audited unique match""",1,85,3,10,1.0,1059458.2243290835,true,0.847354153,0.847354153,,,,0.15264584699999995,0.15264584699999995,true,[]
"""candidate-matched-1""",9,6,9,1033,1000,false,1059458.2409289586,1059458.2409591253,1059458.371069917,1059458.3962528752,9,0.13231251399999988,0.13011079165153205,2,5777024,446971904,0.109272208,0.017173167,291576650,"""audited unique match""",1,87,3,11,1.033,1059458.3739917085,true,0.874020819,0.874020819,,,,0.15897918099999997,0.15897918099999997,true,[]
"""candidate-matched-1""",10,6,10,1067,1000,false,1059458.3909785002,1059458.3910095003,1059458.5197265418,1059458.5462525003,9,0.1396458479999999,0.12871704157441854,2,5777024,445923328,0.103990417,0.018641375,291576650,"""audited unique match""",1,89,3,12,1.067,1059458.5238050418,true,0.900687486,0.900687486,,,,0.1663125139999999,0.1663125139999999,true,[]
"""candidate-matched-1""",11,6,11,1100,1000,false,1059458.5409855836,1059458.5410190835,1059458.665817292,1059458.7045853336,9,0.14597918200000004,0.12479820847511292,2,5777024,445890560,0.1069925,0.014205792,291576650,"""audited unique match""",1,91,3,13,1.1,1059458.6742947502,true,0.927354152,0.927354152,,,,0.17264584800000005,0.17264584800000005,true,[]
"""candidate-matched-1""",12,6,12,1133,1000,false,1059458.6910040835,1059458.691037792,1059458.8147205836,1059458.854584917,9,0.15231251599999995,0.12368279160000384,2,5777024,442335232,0.105815125,0.014903708,291576650,"""audited unique match""",1,93,3,14,1.133,1059458.8245240003,true,0.954020818,0.954020818,,,,0.17897918199999996,0.17897918199999996,true,[]
"""candidate-matched-1""",13,6,13,1167,1000,false,1059458.8410135836,1059458.8410427503,1059458.9688348335,1059458.9962511668,8,0.15964584900000012,0.1277920831926167,2,5777024,442384384,0.109302625,0.013043916,291576650,"""audited unique match""",1,95,3,15,1.167,1059458.9735499586,true,0.980687484,0.980687484,,,,0.18631251599999998,0.18631251599999998,true,[]
"""candidate-matched-1""",14,6,14,1200,1000,false,1059458.9908946252,1059458.9909210003,1059459.1064537086,1059459.1379174169,8,0.1499791829999999,0.1155327083542943,2,5777024,441679872,0.098892417,0.013369083,291576650,"""audited unique match""",1,98,3,16,1.2,1059459.1078022085,true,1.007354151,1.007354151,,,,0.19264584900000004,0.19264584900000004,true,[]
"""candidate-matched-1""",15,6,15,1233,1000,false,1059459.1242900419,1059459.1243177087,1059459.2244335837,1059459.2712503753,8,0.15631251700000015,0.10011587501503527,2,5777024,441810944,0.084074,0.012916583,291576650,"""audited unique match""",1,100,3,17,1.233,1059459.2411854586,true,1.050020817,1.050020817,,,,0.18297918300000005,0.18297918300000005,true,[]
"""candidate-matched-1""",16,6,16,1267,1000,false,1059459.2576134587,1059459.2576514168,1059459.3642402086,1059459.4045833335,8,0.16364585099999984,0.10658879182301462,2,5777024,441794560,0.089225584,0.014080667,291576650,"""audited unique match""",1,102,3,18,1.267,1059459.374501792,true,1.076687483,1.076687483,,,,0.19031251699999996,0.19031251699999996,true,[]
"""candidate-matched-1""",17,6,17,1300,1000,false,1059459.3902713335,1059459.390299667,1059459.5065344586,1059459.537916292,8,0.1699791850000001,0.11623479169793427,2,5777024,441532416,0.097980375,0.014532125,291576650,"""audited unique match""",1,104,3,19,1.3,1059459.507812792,true,1.103354149,1.103354149,,,,0.19664585099999998,0.19664585099999998,true,[]
"""candidate-matched-1""",18,6,18,1333,1000,false,1059459.5243396251,1059459.5243710002,1059459.6357947502,1059459.6712492502,8,0.17631251800000003,0.1114237499423325,2,5777024,441892864,0.09389825,0.013566583,291576650,"""audited unique match""",1,106,3,20,1.333,1059459.6411672502,true,1.130020815,1.130020815,,,,0.202979185,0.202979185,true,[]
"""candidate-matched-1""",19,6,19,1367,1000,false,1059459.6569732502,1059459.6569967086,1059459.764477917,1059459.7962488336,8,0.18364585199999994,0.10748120839707553,2,5777024,441909248,0.089729167,0.014025375,291576650,"""audited unique match""",1,108,3,21,1.367,1059459.7744613753,true,1.156687482,1.156687482,,,,0.21031251800000006,0.21031251800000006,true,[]
"""candidate-matched-1""",20,6,20,1400,1000,false,1059459.7909102086,1059459.7909347503,1059459.9020317919,1059459.9379150418,8,0.18997918599999997,0.11109704151749611,2,5777024,441925632,0.091908542,0.015513875,291576650,"""audited unique match""",1,110,3,22,1.4,1059459.9075422918,true,1.183354148,1.183354148,,,,0.21664585199999986,0.21664585199999986,true,[]
"""candidate-matched-1""",21,6,21,1433,1000,false,1059459.9235377503,1059459.9235636252,1059460.0396657502,1059460.0629147086,8,0.18031251999999998,0.11610212503001094,2,5777024,441204736,0.098534667,0.012511042,291576650,"""audited unique match""",1,112,3,23,1.433,1059460.040440917,true,1.210020814,1.210020814,,,,0.2229791860000001,0.2229791860000001,true,[]
"""candidate-matched-1""",22,6,22,1467,1000,false,1059460.0576242085,1059460.0576504169,1059460.1598308752,1059460.1962476668,8,0.1876458540000001,0.10218045837245882,2,5777024,441122816,0.086258083,0.012264,291576650,"""audited unique match""",1,115,3,24,1.467,1059460.1744128752,true,1.25268748,1.25268748,,,,0.21431252,0.21431252,true,[]
"""candidate-matched-1""",23,6,23,1500,1000,false,1059460.1906602085,1059460.1906852087,1059460.2920857086,1059460.337913917,7,0.19397918700000005,0.10140049993060529,2,5777024,441188352,0.086540459,0.012000917,291576650,"""audited unique match""",1,117,3,25,1.5,1059460.3067646252,true,1.279354146,1.279354146,,,,0.22064585400000003,0.22064585400000003,true,[]
"""candidate-matched-1""",24,6,24,1533,1000,false,1059460.324102042,1059460.3241243751,1059460.4214407918,1059460.4545802919,8,0.20031252099999985,0.09731641667895019,2,5777024,441450496,0.081476708,0.011918334,291576650,"""audited unique match""",1,119,3,26,1.533,1059460.4243903751,true,1.306020813,1.306020813,,,,0.22697918699999997,0.22697918699999997,true,[]
"""candidate-matched-1""",25,6,25,1567,1000,false,1059460.4408728753,1059460.440895417,1059460.5437683752,1059460.579579917,8,0.207645855,0.10287295817397535,2,5777024,441368576,0.0853265,0.013615292,291576650,"""audited unique match""",1,121,3,27,1.567,1059460.557185292,true,1.332687479,1.332687479,,,,0.23431252099999988,0.23431252099999988,true,[]
"""candidate-matched-1""",26,6,26,1600,1000,false,1059460.5742511253,1059460.5742780003,1059460.688429792,1059460.7129127919,8,0.21397918900000001,0.11415179166942835,2,5777024,441401344,0.093805958,0.016789708,291576650,"""audited unique match""",1,123,3,28,1.6,1059460.690761667,true,1.359354145,1.359354145,,,,0.24064585500000013,0.24064585500000013,true,[]
"""candidate-matched-1""",27,6,27,1633,1000,false,1059460.7076042085,1059460.7076322918,1059460.8153595836,1059460.8545790836,18,-0.05244272332596722,0.10772729176096618,2,5777024,441450496,0.090507125,0.014109167,291576650,"""audited unique match""",1,125,3,29,1.633,1059460.8245437085,true,1.386020811,1.386020811,,,,0.24697918899999993,0.24697918899999993,true,[]
"""candidate-matched-1""",28,6,28,1667,1000,false,1059460.8409551668,1059460.8409853752,1059460.9575145002,1059461.1462448752,9,-0.04435414000000004,0.1165291250217706,2,5777024,441516032,0.097738,0.014813417,291576650,"""audited unique match""",1,127,3,30,1.667,1059461.1238493335,true,1.67935414,1.67935414,,,,-0.012354140000000013,-0.012354140000000013,true,[]
"""candidate-matched-1""",29,6,29,1700,1000,false,1059461.1407372085,1059461.140770542,1059461.2650120836,1059461.3045777502,9,-0.03802080600000002,0.12424154160544276,2,5777024,441368576,0.10145275,0.019334083,291576650,"""audited unique match""",1,129,3,31,1.7,1059461.2742637503,true,1.71135414,1.71135414,,,,-0.011354140000000124,-0.011354140000000124,true,[]
"""candidate-matched-1""",30,6,30,1733,1000,false,1059461.2902725418,1059461.290298292,1059461.4086328335,1059461.4545772919,9,-0.03168747199999977,0.11833454156294465,2,5777024,441401344,0.097327125,0.016887083,291576650,"""audited unique match""",1,131,3,32,1.733,1059461.4245464168,true,1.738020806,1.738020806,,,,-0.005020805999999878,-0.005020805999999878,true,[]
"""candidate-matched-1""",31,6,31,1767,1000,false,1059461.4409207501,1059461.4409455003,1059461.5629180418,1059461.6045768752,8,-0.02435413800000008,0.12197254155762494,2,5777024,441286656,0.101502583,0.016155416,291576650,"""audited unique match""",1,133,3,33,1.767,1059461.5745047503,true,1.7646874719999999,1.7646874719999999,,,,0.002312528000000036,0.002312528000000036,true,[]
"""candidate-matched-1""",32,6,32,1800,1000,false,1059461.590899417,1059461.5909288335,1059461.705557417,1059461.7295765418,8,-0.018020804999999918,0.11462858342565596,2,5777024,441139200,0.094273542,0.016128375,291576650,"""audited unique match""",1,135,3,34,1.8,1059461.7078557087,true,1.791354138,1.791354138,,,,0.00864586200000006,0.00864586200000006,true,[]
"""candidate-matched-1""",33,6,33,1833,1000,false,1059461.7242757087,1059461.7243053752,1059461.8319546252,1059461.8712427919,8,-0.011687470999999894,0.10764924995601177,2,5777024,441139200,0.092670709,0.011873333,291576650,"""audited unique match""",1,137,3,35,1.833,1059461.8405538753,true,1.818020805,1.818020805,,,,0.014979195,0.014979195,true,[]
"""candidate-matched-1""",34,6,34,1867,1000,false,1059461.857656542,1059461.8576892086,1059461.9675170002,1059462.0045757086,8,-0.00435413699999998,0.10982779157347977,2,5777024,441204736,0.090710083,0.013245042,291576650,"""audited unique match""",1,139,3,36,1.867,1059461.9744352503,true,1.8446874709999999,1.8446874709999999,,,,0.022312529000000136,0.022312529000000136,true,[]
"""candidate-matched-1""",35,6,35,1900,1000,false,1059461.9909327086,1059461.9909562503,1059462.0983564586,1059462.1379086669,8,0.0019791969999998216,0.10740020824596286,2,5777024,441221120,0.090549334,0.01280825,291576650,"""audited unique match""",1,142,3,37,1.9,1059462.1078857502,true,1.871354137,1.871354137,,,,0.028645862999999938,0.028645862999999938,true,[]
"""candidate-matched-1""",36,6,36,1933,1000,false,1059462.1243151252,1059462.1243422502,1059462.2286076252,1059462.2712415836,8,-0.007687468999999947,0.1042653750628233,2,5777024,439386112,0.0862975,0.014079125,291576650,"""audited unique match""",1,144,3,38,1.933,1059462.2411382503,true,1.898020803,1.898020803,,,,0.03497919699999996,0.03497919699999996,true,[]
"""candidate-matched-1""",37,6,37,1967,1000,false,1059462.2576563752,1059462.2576832501,1059462.3628686252,1059462.4045745418,8,-0.00035413599999989387,0.10518537508323789,2,5777024,439468032,0.0853885,0.014486709,291576650,"""audited unique match""",1,146,3,39,1.967,1059462.3741583335,true,1.940687469,1.940687469,,,,0.026312531000000083,0.026312531000000083,true,[]
"""candidate-matched-1""",38,6,38,2000,1000,false,1059462.390054667,1059462.3900782086,1059462.492390292,1059462.5379075003,8,0.005979197999999908,0.10231208335608244,2,5777024,439500800,0.081137833,0.016662667,291576650,"""audited unique match""",1,148,3,40,2.0,1059462.5077912502,true,1.967354136,1.967354136,,,,0.032645864000000024,0.032645864000000024,true,[]
"""candidate-matched-1""",39,6,39,2033,1000,false,1059462.5243036253,1059462.5243275003,1059462.6311516669,1059462.6712404168,8,0.01231253199999971,0.10682416660711169,2,5777024,439418880,0.089643917,0.013252,291576650,"""audited unique match""",1,150,3,41,2.033,1059462.641138667,true,1.994020802,1.994020802,,,,0.038979197999999826,0.038979197999999826,true,[]
"""candidate-matched-1""",40,6,40,2067,1000,false,1059462.6575366252,1059462.657557292,1059462.7623335419,1059462.8045733753,8,0.01964586600000029,0.10477624996565282,2,5777024,439418880,0.084920958,0.0152015,291576650,"""audited unique match""",1,152,3,42,2.067,1059462.774524042,true,2.020687468,2.020687468,,,,0.04631253199999996,0.04631253199999996,true,[]
"""candidate-matched-1""",41,6,41,2100,1000,false,1059462.7905889587,1059462.790617667,1059462.8973117503,1059462.9379063335,8,0.02597919900000001,0.10669408342801034,2,5777024,439435264,0.086527458,0.015755666,291576650,"""audited unique match""",1,154,3,43,2.1,1059462.9078367085,true,2.047354134,2.047354134,,,,0.05264586600000021,0.05264586600000021,true,[]
"""candidate-matched-1""",42,6,42,2133,1000,false,1059462.9242178753,1059462.9242420837,1059463.0310064587,1059463.071239292,8,0.03231253299999981,0.10676437499932945,2,5777024,439451648,0.086927542,0.01430975,291576650,"""audited unique match""",1,156,3,44,2.133,1059463.0411945418,true,2.074020801,2.074020801,,,,0.05897919899999993,0.05897919899999993,true,[]
"""candidate-matched-1""",43,6,43,2167,1000,false,1059463.0576297503,1059463.0576571668,1059463.1611309168,1059463.1962388752,7,0.02364586699999993,0.10347374994307756,2,5777024,439271424,0.083936083,0.015170458,291576650,"""audited unique match""",1,159,3,45,2.167,1059463.1745172502,true,2.100687467,2.100687467,,,,0.06631253299999962,0.06631253299999962,true,[]
"""candidate-matched-1""",44,6,44,2200,1000,false,1059463.190965042,1059463.1909907502,1059463.2881192502,1059463.312905167,7,0.029979201000000177,0.09712849999777973,2,5777024,439353344,0.079007292,0.014960792,291576650,"""audited unique match""",1,161,3,46,2.2,1059463.2902872919,true,2.143354133,2.143354133,,,,0.056645867000000294,0.056645867000000294,true,[]
"""candidate-matched-1""",45,6,45,2233,1000,false,1059463.3075767502,1059463.3076017501,1059463.405862917,1059463.4295715003,7,0.03631253499999998,0.09826116682961583,2,5777024,439418880,0.073001791,0.022262916,291576650,"""audited unique match""",1,163,3,47,2.233,1059463.407836542,true,2.170020799,2.170020799,,,,0.0629792010000001,0.0629792010000001,true,[]
"""candidate-matched-1""",46,6,46,2267,1000,false,1059463.4242712501,1059463.4242947919,1059463.519626417,1059463.5462378336,8,0.04364586800000003,0.09533162508159876,2,5777024,439418880,0.079138333,0.013221541,291576650,"""audited unique match""",1,165,3,48,2.267,1059463.5244034585,true,2.196687465,2.196687465,,,,0.07031253499999979,0.07031253499999979,true,[]
"""candidate-matched-1""",47,6,47,2300,1000,false,1059463.5401767502,1059463.5401978751,1059463.643456667,1059463.6879040836,8,0.049979201999999834,0.10325879184529185,2,5777024,439418880,0.087823167,0.012532167,291576650,"""audited unique match""",1,167,3,49,2.3,1059463.6578892919,true,2.223354132,2.223354132,,,,0.07664586799999995,0.07664586799999995,true,[]
"""candidate-matched-1""",48,6,48,2333,1000,false,1059463.6734107502,1059463.673437292,1059463.783114417,1059463.8129036669,8,0.05631253600000008,0.1096771250013262,2,5777024,438992896,0.089172125,0.017473167,291576650,"""audited unique match""",1,169,3,50,2.333,1059463.7911800002,true,2.250020798,2.250020798,,,,0.0829792020000002,0.0829792020000002,true,[]
"""candidate-matched-1""",49,6,49,2367,1000,false,1059463.8065892502,1059463.8066161252,1059463.912432042,1059463.9545700003,8,0.06364587000000022,0.10581591678783298,2,5777024,439025664,0.0894155,0.01334725,291576650,"""audited unique match""",1,171,3,51,2.367,1059463.9244642502,true,2.276687464,2.276687464,,,,0.09031253599999989,0.09031253599999989,true,[]
"""candidate-matched-1""",50,6,50,2400,1000,false,1059463.9409644585,1059463.9409912087,1059464.0519990418,1059464.0879029585,9,0.053979204,0.11100783315487206,2,5777024,439009280,0.092514209,0.013320125,291576650,"""audited unique match""",1,173,3,52,2.4,1059464.0578140835,true,2.3033541299999998,2.3033541299999998,,,,0.09664587000000013,0.09664587000000013,true,[]
"""candidate-matched-1""",51,6,51,2433,1000,false,1059464.0742468752,1059464.0742747919,1059464.1945487086,1059464.229569167,7,0.06031253699999972,0.12027391674928367,2,5777024,438960128,0.100119,0.016003167,291576650,"""audited unique match""",1,176,3,53,2.433,1059464.207300417,true,2.346020796,2.346020796,,,,0.08697920399999992,0.08697920399999992,true,[]
"""candidate-matched-1""",52,6,52,2467,1000,false,1059464.2239281253,1059464.2239521253,1059464.3203813336,1059464.3462354585,8,0.0676458710000003,0.09642920829355717,2,5777024,438960128,0.079063083,0.012498,291576650,"""audited unique match""",1,178,3,54,2.467,1059464.3236004587,true,2.372687463,2.372687463,,,,0.09431253699999997,0.09431253699999997,true,[]
"""candidate-matched-1""",53,6,53,2500,1000,false,1059464.3405435418,1059464.3405650419,1059464.4418142503,1059464.479568417,8,0.0739792050000001,0.10124920844100416,2,5777024,439009280,0.08591925,0.012187042,291576650,"""audited unique match""",1,180,3,55,2.5,1059464.457861292,true,2.399354129,2.399354129,,,,0.10064587100000022,0.10064587100000022,true,[]
"""candidate-matched-1""",54,6,54,2533,1000,false,1059464.4743355836,1059464.4743617503,1059464.5804240836,1059464.6212346668,8,0.0803125389999999,0.10606233333237469,2,5777024,438927360,0.091173333,0.011976042,291576650,"""audited unique match""",1,182,3,56,2.533,1059464.5911839586,true,2.426020795,2.426020795,,,,0.10697920500000002,0.10697920500000002,true,[]
"""candidate-matched-1""",55,6,55,2567,1000,false,1059464.607281667,1059464.6073063335,1059464.7227520419,1059464.7462343753,8,0.0876458720000004,0.11544570839032531,2,5777024,439074816,0.097596375,0.01376175,291576650,"""audited unique match""",1,184,3,57,2.567,1059464.7238209585,true,2.452687461,2.452687461,,,,0.11431253900000016,0.11431253900000016,true,[]
"""candidate-matched-1""",56,6,56,2600,1000,false,1059464.740928042,1059464.7409512503,1059464.8540035002,1059464.8879005837,8,0.0939792060000002,0.11305224988609552,2,5777024,439107584,0.098785083,0.011302959,291576650,"""audited unique match""",1,186,3,58,2.6,1059464.8578160002,true,2.4793541279999998,2.4793541279999998,,,,0.12064587200000032,0.12064587200000032,true,[]
"""candidate-matched-1""",57,6,57,2633,1000,false,1059464.8742658752,1059464.874290667,1059464.9769713336,1059465.012900167,8,0.10031254,0.10268066660501063,2,5777024,439140352,0.086193791,0.012508292,291576650,"""audited unique match""",1,188,3,59,2.633,1059464.9911316251,true,2.506020794,2.506020794,,,,0.12697920600000012,0.12697920600000012,true,[]
"""candidate-matched-1""",58,6,58,2667,1000,false,1059465.0076138752,1059465.0076383753,1059465.1101523752,1059465.1545665003,8,0.09164587399999968,0.10251399991102517,2,5777024,439189504,0.087664375,0.011682958,291576650,"""audited unique match""",1,191,3,60,2.667,1059465.1245663753,true,2.53268746,2.53268746,,,,0.1343125399999998,0.1343125399999998,true,[]
"""candidate-matched-1""",59,6,59,2700,1000,false,1059465.1409360003,1059465.140962167,1059465.2501285002,1059465.2878993752,9,0.09797920799999993,0.10916633321903646,2,5777024,439156736,0.089996583,0.015189625,291576650,"""audited unique match""",1,193,3,61,2.7,1059465.2578140001,true,2.575354126,2.575354126,,,,0.12464587400000005,0.12464587400000005,true,[]
"""candidate-matched-1""",60,6,60,2733,1000,false,1059465.2742537502,1059465.2742767918,1059465.3901166252,1059465.4378989586,8,0.10431254100000009,0.11583983339369297,2,5777024,439156736,0.095606542,0.0160405,291576650,"""audited unique match""",1,195,3,62,2.733,1059465.4079118336,true,2.6020207920000002,2.6020207920000002,,,,0.13097920799999985,0.13097920799999985,true,[]
"""candidate-matched-1""",61,6,61,2767,1000,false,1059465.4238458753,1059465.4238704168,1059465.5394628753,1059465.5628985835,8,0.11164587499999978,0.11559245851822197,2,5777024,439189504,0.095091917,0.01604425,291576650,"""audited unique match""",1,197,3,63,2.767,1059465.541219292,true,2.628687459,2.628687459,,,,0.1383125409999999,0.1383125409999999,true,[]
"""candidate-matched-1""",62,6,62,2800,1000,false,1059465.5576103753,1059465.5576307501,1059465.6682949169,1059465.7045648335,8,0.11797920899999959,0.11066416674293578,2,5777024,439222272,0.094780125,0.012741792,291576650,"""audited unique match""",1,199,3,64,2.8,1059465.6745442501,true,2.655354125,2.655354125,,,,0.1446458749999997,0.1446458749999997,true,[]
"""candidate-matched-1""",63,6,63,2833,1000,false,1059465.6909591253,1059465.6909869586,1059465.7955688753,1059465.8295644585,8,0.12431254300000028,0.1045819167047739,2,5777024,438075392,0.085501583,0.014672875,291576650,"""audited unique match""",1,201,3,65,2.833,1059465.806837167,true,2.6820207910000002,2.6820207910000002,,,,0.15097920899999995,0.15097920899999995,true,[]
"""candidate-matched-1""",64,6,64,2867,1000,false,1059465.8242745418,1059465.8243002086,1059465.9270557503,1059465.9628973752,7,0.11564587699999995,0.1027555416803807,2,5777024,439107584,0.08497575,0.014447125,291576650,"""audited unique match""",1,203,3,66,2.867,1059465.9411542502,true,2.708687457,2.708687457,,,,0.15831254300000008,0.15831254300000008,true,[]
"""candidate-matched-1""",65,6,65,2900,1000,false,1059465.9575472085,1059465.9575751252,1059466.0563688753,1059466.0878970001,8,0.12197920999999967,0.09879375016316772,2,5777024,438796288,0.082687416,0.012989334,291576650,"""audited unique match""",1,205,3,67,2.9,1059466.0578381668,true,2.751354123,2.751354123,,,,0.14864587699999987,0.14864587699999987,true,[]
"""candidate-matched-1""",66,6,66,2933,1000,false,1059466.0742592502,1059466.0742875002,1059466.1870031669,1059466.221229917,9,0.12831254399999992,0.11271566664800048,2,5777024,438812672,0.092513,0.014505458,291576650,"""audited unique match""",1,208,3,68,2.933,1059466.191188792,true,2.7780207900000002,2.7780207900000002,,,,0.1549792099999996,0.1549792099999996,true,[]
"""candidate-matched-1""",67,6,67,2967,1000,false,1059466.2075046669,1059466.207535042,1059466.3263341251,1059466.3712295003,8,0.13564587800000005,0.11879908316768706,2,5777024,438910976,0.098283458,0.014699084,291576650,"""audited unique match""",1,210,3,69,2.967,1059466.3411277086,true,2.804687456,2.804687456,,,,0.16231254400000017,0.16231254400000017,true,[]
"""candidate-matched-1""",68,6,68,3000,1000,false,1059466.3575002502,1059466.3575279585,1059466.4616653335,1059466.5045624585,8,0.14197921199999985,0.10413737501949072,2,5777024,439517184,0.08522575,0.016052209,291576650,"""audited unique match""",1,213,3,70,3.0,1059466.4744297087,true,2.831354122,2.831354122,,,,0.16864587799999997,0.16864587799999997,true,[]
"""candidate-matched-1""",69,6,69,3033,1000,false,1059466.4909284168,1059466.4909545835,1059466.591834792,1059466.6295620836,8,0.14831254500000002,0.10088020842522383,2,5777024,439599104,0.081769792,0.01444225,291576650,"""audited unique match""",1,215,3,71,3.033,1059466.6079801668,true,2.858020788,2.858020788,,,,0.17497921199999977,0.17497921199999977,true,[]
"""candidate-matched-1""",70,6,70,3067,1000,false,1059466.624341667,1059466.624376792,1059466.739357042,1059466.7712283751,8,0.15564587900000015,0.11498024989850819,2,5777024,439549952,0.094790875,0.016510041,291576650,"""audited unique match""",1,217,3,72,3.067,1059466.741246542,true,2.884687455,2.884687455,,,,0.18231254500000027,0.18231254500000027,true,[]
"""candidate-matched-1""",71,6,71,3100,1000,false,1059466.7568835835,1059466.7569380836,1059466.8714662502,1059466.904561292,8,0.14597921299999994,0.11452816659584641,2,5777024,439533568,0.095683583,0.014364,291576650,"""audited unique match""",1,219,3,73,3.1,1059466.8745112086,true,2.911354121,2.911354121,,,,0.18864587900000007,0.18864587900000007,true,[]
"""candidate-matched-1""",72,6,72,3133,1000,false,1059466.8909622503,1059466.8910002918,1059466.998325167,1059467.0378942501,8,0.1523125470000002,0.10732487519271672,2,5777024,439549952,0.091797167,0.012563167,291576650,"""audited unique match""",1,221,3,74,3.133,1059467.0078150001,true,2.954020787,2.954020787,,,,0.17897921299999986,0.17897921299999986,true,[]
"""candidate-matched-1""",73,6,73,3167,1000,false,1059467.0239342502,1059467.0239560418,1059467.1334048752,1059467.1628938753,8,0.15964588099999988,0.10944883339107037,2,5777024,439599104,0.091517167,0.014305542,291576650,"""audited unique match""",1,223,3,75,3.167,1059467.1408500837,true,2.980687453,2.980687453,,,,0.186312547,0.186312547,true,[]
"""candidate-matched-1""",74,6,74,3200,1000,false,1059467.1576103335,1059467.1576353335,1059467.2598262085,1059467.2962268335,8,0.16597921400000004,0.10219087498262525,2,5777024,439599104,0.085769291,0.013109917,291576650,"""audited unique match""",1,226,3,76,3.2,1059467.274513667,true,3.007354119,3.007354119,,,,0.19264588100000024,0.19264588100000024,true,[]
"""candidate-matched-1""",75,6,75,3233,1000,false,1059467.2909725003,1059467.2910038752,1059467.3977352502,1059467.4378930002,8,0.1723125480000003,0.10673137498088181,2,5777024,439599104,0.087715083,0.015589792,291576650,"""audited unique match""",1,228,3,77,3.233,1059467.4075481668,true,3.034020786,3.034020786,,,,0.19897921399999996,0.19897921399999996,true,[]
"""candidate-matched-1""",76,6,76,3267,1000,false,1059467.4242335835,1059467.4242566668,1059467.5294234168,1059467.5712260003,8,0.17964588199999998,0.10516675002872944,2,5777024,439648256,0.088077167,0.012759791,291576650,"""audited unique match""",1,230,3,78,3.267,1059467.5411452919,true,3.060687452,3.060687452,,,,0.2063125480000001,0.2063125480000001,true,[]
"""candidate-matched-1""",77,6,77,3300,1000,false,1059467.557291417,1059467.5573151251,1059467.6660115835,1059467.696225667,7,0.16997921599999977,0.10869645839557052,2,5777024,439681024,0.092400833,0.012180916,291576650,"""audited unique match""",1,232,3,79,3.3,1059467.6744969168,true,3.087354118,3.087354118,,,,0.2126458819999999,0.2126458819999999,true,[]
"""candidate-matched-1""",78,6,78,3333,1000,false,1059467.6909270836,1059467.6909508335,1059467.786135292,1059467.8128919168,7,0.17631255,0.0951844584196806,2,5777024,439681024,0.078232917,0.013931041,291576650,"""audited unique match""",1,234,3,80,3.333,1059467.7911327502,true,3.130020784,3.130020784,,,,0.20297921600000013,0.20297921600000013,true,[]
"""candidate-matched-1""",79,6,79,3367,1000,false,1059467.8066093335,1059467.806635292,1059467.9061045835,1059467.9295582918,8,0.18364588300000007,0.09946929151192307,2,5777024,439697408,0.083460916,0.012791625,291576650,"""audited unique match""",1,236,3,81,3.367,1059467.9078140836,true,3.15668745,3.15668745,,,,0.21031254999999982,0.21031254999999982,true,[]
"""candidate-matched-1""",80,6,80,3400,1000,false,1059467.924283667,1059467.924308417,1059468.0282637086,1059468.0628912502,8,0.18997921699999987,0.10395529167726636,2,5777024,439697408,0.088952083,0.012200042,291576650,"""audited unique match""",1,238,3,82,3.4,1059468.0410916668,true,3.183354117,3.183354117,,,,0.21664588299999998,0.21664588299999998,true,[]
"""candidate-matched-1""",81,6,81,3433,1000,false,1059468.056668667,1059468.0566923337,1059468.1625648753,1059468.2045574586,7,0.19631255099999967,0.10587254166603088,2,5777024,439287808,0.090331625,0.012112792,291576650,"""audited unique match""",1,241,3,83,3.433,1059468.1744459586,true,3.210020783,3.210020783,,,,0.22297921699999979,0.22297921699999979,true,[]
"""candidate-matched-1""",82,6,82,3467,1000,false,1059468.1906708335,1059468.190690042,1059468.2855852502,1059468.321223792,8,0.20364588500000025,0.09489520825445652,2,5777024,439697408,0.076860625,0.01396625,291576650,"""audited unique match""",1,243,3,84,3.467,1059468.2910780834,true,3.236687449,3.236687449,,,,0.23031255099999992,0.23031255099999992,true,[]
"""candidate-matched-1""",83,6,83,3500,1000,false,1059468.3075425837,1059468.3075655836,1059468.4098341253,1059468.4545567501,8,0.19397921900000004,0.10226854169741273,2,5777024,439795712,0.083505875,0.014559,291576650,"""audited unique match""",1,245,3,85,3.5,1059468.4244406668,true,3.263354115,3.263354115,,,,0.23664588500000017,0.23664588500000017,true,[]
"""candidate-matched-1""",84,6,84,3533,1000,false,1059468.4409269586,1059468.4409588336,1059468.5535821253,1059468.5878897086,9,0.20031255199999976,0.11262329178862274,2,5777024,439828480,0.089653417,0.017313667,291576650,"""audited unique match""",1,247,3,86,3.533,1059468.5578524587,true,3.306020781,3.306020781,,,,0.22697921899999995,0.22697921899999995,true,[]
"""candidate-matched-1""",85,6,85,3567,1000,false,1059468.5741938336,1059468.5742153751,1059468.6962428335,1059468.7378892503,8,0.20764588600000033,0.122027458390221,2,5777024,439844864,0.103798667,0.013979708,291576650,"""audited unique match""",1,249,3,87,3.567,1059468.7079357503,true,3.332687448,3.332687448,,,,0.234312552,0.234312552,true,[]
"""candidate-matched-1""",86,6,86,3600,1000,false,1059468.7242632918,1059468.7242932918,1059468.8303939586,1059468.8712222085,17,-0.04296410971387843,0.10610066680237651,2,5777024,439861248,0.088593084,0.013495334,291576650,"""audited unique match""",1,251,3,88,3.6,1059468.8411898336,true,3.359354114,3.359354114,,,,0.24064588600000025,0.24064588600000025,true,[]
"""candidate-matched-1""",87,6,87,3633,1000,false,1059468.8576182919,1059468.857645792,1059468.9768585835,1059469.1462213336,9,-0.03568744199999996,0.11921279155649245,2,5777024,442531840,0.099932375,0.015209667,291576650,"""audited unique match""",1,252,3,89,3.633,1059469.1236695002,true,3.636687443,3.636687443,,,,-0.0036874430000000125,-0.0036874430000000125,true,[]
"""candidate-matched-1""",88,6,88,3667,1000,false,1059469.140966292,1059469.1409982087,1059469.2586153336,1059469.304554292,9,-0.02835410900000035,0.11761712492443621,2,5777024,442548224,0.099957916,0.014264292,291576650,"""audited unique match""",1,255,3,90,3.667,1059469.2744744585,true,3.668687442,3.668687442,,,,-0.00168744200000015,-0.00168744200000015,true,[]
"""candidate-matched-1""",89,6,89,3700,1000,false,1059469.2909762503,1059469.2910081253,1059469.4107232084,1059469.4545537918,9,-0.02202077499999966,0.11971508315764368,2,5777024,442564608,0.10146175,0.014453458,291576650,"""audited unique match""",1,257,3,91,3.7,1059469.424516042,true,3.695354109,3.695354109,,,,0.004645891000000013,0.004645891000000013,true,[]
"""candidate-matched-1""",90,6,90,3733,1000,false,1059469.4409075836,1059469.4409348753,1059469.5586898753,1059469.5962200835,9,-0.015687440999999858,0.11775500001385808,2,5777024,442695680,0.097343459,0.015763667,291576650,"""audited unique match""",1,259,3,92,3.733,1059469.5745624169,true,3.722020775,3.722020775,,,,0.010979225000000259,0.010979225000000259,true,[]
"""candidate-matched-1""",91,6,91,3767,1000,false,1059469.590995167,1059469.5910213336,1059469.7083665002,1059469.746219667,9,-0.008354107000000166,0.11734516662545502,2,5777024,442712064,0.097029792,0.016892916,291576650,"""audited unique match""",1,261,3,93,3.767,1059469.7245240419,true,3.748687441,3.748687441,,,,0.01831255899999995,0.01831255899999995,true,[]
"""candidate-matched-1""",92,6,92,3800,1000,false,1059469.7409837085,1059469.7410110836,1059469.8601677502,1059469.9045524586,9,-0.002020774000000003,0.11915666656568646,2,5777024,442712064,0.102165042,0.013708333,291576650,"""audited unique match""",1,263,3,94,3.8,1059469.873663917,true,3.775354107,3.775354107,,,,0.024645892999999752,0.024645892999999752,true,[]
"""candidate-matched-1""",93,6,93,3833,1000,false,1059469.8909265003,1059469.8909548335,1059470.0107833336,1059470.0545520002,9,-0.011687439999999771,0.11982850008644164,2,5777024,442859520,0.0991805,0.016396833,291576650,"""audited unique match""",1,265,3,95,3.833,1059470.0247005837,true,3.802020774,3.802020774,,,,0.03097922600000036,0.03097922600000036,true,[]
"""candidate-matched-1""",94,6,94,3867,1000,false,1059470.0411245835,1059470.0411766253,1059470.1636719168,1059470.2045515836,8,-0.00435410600000008,0.12249529152177274,2,5777024,442859520,0.098361417,0.0194485,291576650,"""audited unique match""",1,268,3,96,3.867,1059470.1745657919,true,3.84468744,3.84468744,,,,0.022312560000000037,0.022312560000000037,true,[]
"""candidate-matched-1""",95,6,95,3900,1000,false,1059470.1900015003,1059470.1900319168,1059470.3058492085,1059470.3295512085,8,0.001979228000000166,0.11581729166209698,2,5777024,440352768,0.095877292,0.015731083,291576650,"""audited unique match""",1,270,3,97,3.9,1059470.306826042,true,3.871354106,3.871354106,,,,0.02864589399999984,0.02864589399999984,true,[]
"""candidate-matched-1""",96,6,96,3933,1000,false,1059470.3243025003,1059470.3243273336,1059470.4245436252,1059470.4712175003,8,0.008312561999999968,0.10021629161201417,2,5777024,438468608,0.08351675,0.013533166,291576650,"""audited unique match""",1,272,3,98,3.933,1059470.4411482918,true,3.8980207719999997,3.8980207719999997,,,,0.034979228000000084,0.034979228000000084,true,[]
"""candidate-matched-1""",97,6,97,3967,1000,false,1059470.4576169585,1059470.4576508335,1059470.5664107085,1059470.6045504168,8,0.01564589500000002,0.10875987494364381,2,5777024,438140928,0.091998458,0.013592625,291576650,"""audited unique match""",1,274,3,99,3.967,1059470.5744760002,true,3.924687438,3.924687438,,,,0.04231256200000022,0.04231256200000022,true,[]
"""candidate-matched-1""",98,6,98,4000,1000,false,1059470.590945792,1059470.5909703753,1059470.6947571253,1059470.729550042,7,0.021979229000000267,0.10378674999810755,2,5777024,438173696,0.08744275,0.013429959,291576650,"""audited unique match""",1,276,3,100,4.0,1059470.7077073336,true,3.951354105,3.951354105,,,,0.04864589499999994,0.04864589499999994,true,[]
"""candidate-matched-1""",99,6,99,4033,1000,false,1059470.724285042,1059470.7243106253,1059470.823910042,1059470.846216417,8,0.02831256300000007,0.09959941660054028,2,5777024,438190080,0.083195625,0.013087791,291576650,"""audited unique match""",1,278,3,101,4.033,1059470.8242454168,true,3.9780207709999997,3.9780207709999997,,,,0.05497922900000063,0.05497922900000063,true,[]
"""candidate-matched-1""",100,6,100,4067,1000,false,1059470.8401147502,1059470.8401415418,1059470.9465515835,1059470.9878827087,8,0.01964589700000019,0.1064100416842848,2,5777024,437813248,0.090690625,0.012497625,291576650,"""audited unique match""",1,280,3,102,4.067,1059470.9569632502,true,4.004687437,4.004687437,,,,0.062312562999999876,0.062312562999999876,true,[]
"""candidate-matched-1""",101,6,101,4100,1000,false,1059470.9742906669,1059470.9743172503,1059471.0768061252,1059471.1212156252,9,0.02597923099999999,0.10248887492343783,2,5777024,437305344,0.082390542,0.014509708,291576650,"""audited unique match""",1,283,3,103,4.1,1059471.0903675002,true,4.047354103,4.047354103,,,,0.052645896999999664,0.052645896999999664,true,[]
"""candidate-matched-1""",102,6,102,4133,1000,false,1059471.1067602085,1059471.1068069169,1059471.2394993752,1059471.2628818753,11,0.048312563999999725,0.13269245834089816,2,5777024,435961856,0.110155416,0.016806584,291576650,"""audited unique match""",1,285,3,104,4.133,1059471.2402162086,true,4.074020769,4.074020769,,,,0.058979231000000354,0.058979231000000354,true,[]
"""candidate-matched-1""",103,6,103,4167,1000,false,1059471.2575337086,1059471.2575593751,1059471.4118383753,1059471.4545479587,9,0.039645897999999846,0.1542790001258254,2,5777024,435519488,0.126359166,0.020738459,291576650,"""audited unique match""",1,287,3,105,4.167,1059471.4244201253,true,4.084687436,4.084687436,,,,0.08231256399999953,0.08231256399999953,true,[]
"""candidate-matched-1""",104,6,104,4200,1000,false,1059471.4404580418,1059471.4404820001,1059471.5678886669,1059471.5962142085,8,0.045979232000000536,0.12740666675381362,2,5777024,435879936,0.105971333,0.0151225,291576650,"""audited unique match""",1,289,3,106,4.2,1059471.574446542,true,4.127354102,4.127354102,,,,0.07264589800000021,0.07264589800000021,true,[]
"""candidate-matched-1""",105,6,105,4233,1000,false,1059471.5909901669,1059471.5910162502,1059471.7063602086,1059471.7378805003,9,0.05231256599999945,0.1153439583722502,2,5777024,436109312,0.092012792,0.017041667,291576650,"""audited unique match""",1,291,3,107,4.233,1059471.7076843337,true,4.154020768,4.154020768,,,,0.07897923200000001,0.07897923200000001,true,[]
"""candidate-matched-1""",106,6,106,4267,1000,false,1059471.723646167,1059471.7236708752,1059471.8515923335,1059471.8795467503,9,0.05964589900000039,0.1279214583337307,2,5777024,436027392,0.108606042,0.013042666,291576650,"""audited unique match""",1,293,3,108,4.267,1059471.8577310003,true,4.180687434,4.180687434,,,,0.08631256600000015,0.08631256600000015,true,[]
"""candidate-matched-1""",107,6,107,4300,1000,false,1059471.8742701253,1059471.8742950836,1059471.996635042,1059472.0378795837,8,0.06597923300000019,0.12233995832502842,2,5777024,435961856,0.104335,0.014806417,291576650,"""audited unique match""",1,295,3,109,4.3,1059472.0077611252,true,4.207354101,4.207354101,,,,0.09264589899999986,0.09264589899999986,true,[]
"""candidate-matched-1""",108,6,108,4333,1000,false,1059472.0242746251,1059472.0242966253,1059472.1397020419,1059472.1628792086,9,0.072312567,0.11540541658177972,2,5777024,435863552,0.091617042,0.016024042,291576650,"""audited unique match""",1,298,3,110,4.333,1059472.1404682086,true,4.234020767,4.234020767,,,,0.09897923300000055,0.09897923300000055,true,[]
"""candidate-matched-1""",109,6,109,4367,1000,false,1059472.1575961253,1059472.1576202086,1059472.2803193752,1059472.3212120836,8,0.06364590100000012,0.12269916664808989,2,5777024,438059008,0.10169925,0.016341708,291576650,"""audited unique match""",1,300,3,111,4.367,1059472.2904103335,true,4.260687433,4.260687433,,,,0.1063125669999998,0.1063125669999998,true,[]
"""candidate-matched-1""",110,6,110,4400,1000,false,1059472.3065971253,1059472.3066223336,1059472.4131949586,1059472.4545449587,8,0.06997923499999992,0.10657262499444187,2,5777024,435568640,0.086378458,0.014669625,291576650,"""audited unique match""",1,302,3,112,4.4,1059472.4243880836,true,4.303354099,4.303354099,,,,0.09664590100000048,0.09664590100000048,true,[]
"""candidate-matched-1""",111,6,111,4433,1000,false,1059472.4400465419,1059472.4400705001,1059472.5454289585,1059472.5878780002,8,0.07631256799999964,0.1053584583569318,2,5777024,435683328,0.088035167,0.01432375,291576650,"""audited unique match""",1,304,3,113,4.433,1059472.5577535003,true,4.330020765,4.330020765,,,,0.10297923499999939,0.10297923499999939,true,[]
"""candidate-matched-1""",112,6,112,4467,1000,false,1059472.5742380419,1059472.5742625003,1059472.6807001668,1059472.7128776668,7,0.08364590199999977,0.10643766657449305,2,5777024,437633024,0.087157666,0.013341625,291576650,"""audited unique match""",1,306,3,114,4.467,1059472.6910784587,true,4.356687432,4.356687432,,,,0.11031256799999944,0.11031256799999944,true,[]
"""candidate-matched-1""",113,6,113,4500,1000,false,1059472.7076943752,1059472.7077224585,1059472.8052435003,1059472.829543917,8,0.08997923599999957,0.09752104175277054,2,5777024,437780480,0.079942042,0.013759459,291576650,"""audited unique match""",1,308,3,115,4.5,1059472.8077154586,true,4.383354098,4.383354098,,,,0.11664590200000013,0.11664590200000013,true,[]
"""candidate-matched-1""",114,6,114,4533,1000,false,1059472.8243290002,1059472.8243599168,1059472.9285291252,1059472.9712101668,9,0.09631257000000026,0.104169208323583,2,5777024,436666368,0.08202575,0.015661584,291576650,"""audited unique match""",1,310,3,116,4.533,1059472.9413703752,true,4.410020764,4.410020764,,,,0.12297923599999994,0.12297923599999994,true,[]
"""candidate-matched-1""",115,6,115,4567,1000,false,1059472.9571916251,1059472.9572343752,1059473.079921667,1059473.1128764169,7,0.10364590300000032,0.12268729181960225,2,5777024,435372032,0.101889208,0.015868708,291576650,"""audited unique match""",1,313,3,117,4.567,1059473.0903477503,true,4.43668743,4.43668743,,,,0.13031257000000007,0.13031257000000007,true,[]
"""candidate-matched-1""",116,6,116,4600,1000,false,1059473.1075931669,1059473.107618917,1059473.2020747086,1059473.2295427502,9,0.10997923699999923,0.09445579163730145,2,5777024,435699712,0.07286875,0.016415291,291576650,"""audited unique match""",1,315,3,118,4.6,1059473.207701417,true,4.463354097,4.463354097,,,,0.1366459029999998,0.1366459029999998,true,[]
"""candidate-matched-1""",117,6,117,4633,1000,false,1059473.2243131252,1059473.2243410002,1059473.3496796668,1059473.3795423335,8,0.1003125709999999,0.12533866660669446,2,5777024,435634176,0.108988167,0.012424958,291576650,"""audited unique match""",1,317,3,119,4.633,1059473.3568540418,true,4.490020763,4.490020763,,,,0.1429792369999996,0.1429792369999996,true,[]
"""candidate-matched-1""",118,6,118,4667,1000,false,1059473.374249917,1059473.3742737086,1059473.4834712502,1059473.512875167,8,0.10764590500000004,0.10919754160568118,2,5777024,435027968,0.088831959,0.015886334,291576650,"""audited unique match""",1,319,3,120,4.667,1059473.4906217502,true,4.532687429,4.532687429,,,,0.13431257099999971,0.13431257099999971,true,[]
"""candidate-matched-1""",119,6,119,4700,1000,false,1059473.5076591251,1059473.507687042,1059473.620079417,1059473.6462081252,7,0.11397923899999984,0.1123923750128597,2,5777024,435486720,0.09409,0.0134125,291576650,"""audited unique match""",1,321,3,121,4.7,1059473.624395167,true,4.559354095,4.559354095,,,,0.1406459050000004,0.1406459050000004,true,[]
"""candidate-matched-1""",120,6,120,4733,1000,false,1059473.6410115836,1059473.6410392502,1059473.7386130001,1059473.762874417,7,0.12031257199999956,0.0975737499538809,2,5777024,435519488,0.078304417,0.01515225,291576650,"""audited unique match""",1,323,3,122,4.733,1059473.7411240002,true,4.586020761,4.586020761,,,,0.14697923899999932,0.14697923899999932,true,[]
"""candidate-matched-1""",121,6,121,4767,1000,false,1059473.7569805835,1059473.7570084168,1059473.8419881668,1059473.8878741253,8,0.11164590600000057,0.08497974998317659,2,5777024,435634176,0.069181917,0.012284625,291576650,"""audited unique match""",1,325,3,123,4.767,1059473.8577302503,true,4.612687428,4.612687428,,,,0.15431257200000026,0.15431257200000026,true,[]
"""candidate-matched-1""",122,6,122,4800,1000,false,1059473.874285667,1059473.8743082918,1059473.9811228337,1059474.0212070418,7,0.11797923999999949,0.10681454185396433,2,5777024,435617792,0.08887825,0.013526708,291576650,"""audited unique match""",1,327,3,124,4.8,1059473.990609542,true,4.655354094,4.655354094,,,,0.14464590600000005,0.14464590600000005,true,[]
"""candidate-matched-1""",123,6,123,4833,1000,false,1059474.007590917,1059474.0076145835,1059474.1054309586,1059474.1378733336,8,0.12431257400000018,0.09781637508422136,2,5777024,435634176,0.077534542,0.017217458,291576650,"""audited unique match""",1,330,3,125,4.833,1059474.107770792,true,4.68202076,4.68202076,,,,0.15097923999999985,0.15097923999999985,true,[]
"""candidate-matched-1""",124,6,124,4867,1000,false,1059474.1243294585,1059474.1243563753,1059474.2247184168,1059474.2628729586,8,0.1316459080000003,0.1003620414994657,2,5777024,435470336,0.082236208,0.015177,291576650,"""audited unique match""",1,332,3,126,4.867,1059474.2400376252,true,4.708687426,4.708687426,,,,0.15831257399999998,0.15831257399999998,true,[]
"""candidate-matched-1""",125,6,125,4900,1000,false,1059474.2572817085,1059474.257304292,1059474.3629298336,1059474.3962058753,8,0.13797924100000003,0.10562554164789617,2,5777024,435175424,0.084665291,0.017910958,291576650,"""audited unique match""",1,334,3,127,4.9,1059474.3734541251,true,4.735354092,4.735354092,,,,0.16464590800000067,0.16464590800000067,true,[]
"""candidate-matched-1""",126,6,126,4933,1000,false,1059474.3909441251,1059474.3909703752,1059474.5017495835,1059474.5295387502,8,0.14431257499999983,0.11077920836396515,2,5777024,435355648,0.087909583,0.016664125,291576650,"""audited unique match""",1,336,3,128,4.933,1059474.5077412087,true,4.762020759,4.762020759,,,,0.1709792409999995,0.1709792409999995,true,[]
"""candidate-matched-1""",127,6,127,4967,1000,false,1059474.5240859168,1059474.5241137086,1059474.6374228753,1059474.6628717503,8,0.13564590899999995,0.11330916662700474,2,5777024,435503104,0.092892125,0.014473083,291576650,"""audited unique match""",1,338,3,129,4.967,1059474.6411106251,true,4.788687425,4.788687425,,,,0.17831257499999964,0.17831257499999964,true,[]
"""candidate-matched-1""",128,6,128,5000,1000,false,1059474.657701042,1059474.657730792,1059474.7665618337,1059474.7962047085,7,0.14197924299999976,0.1088310417253524,2,5777024,435519488,0.084475625,0.018291417,291576650,"""audited unique match""",1,340,3,130,5.0,1059474.7743824585,true,4.831354091,4.831354091,,,,0.16864590900000032,0.16864590900000032,true,[]
"""candidate-matched-1""",129,6,129,5033,1000,false,1059474.791039792,1059474.791068917,1059474.884474292,1059474.9212043337,8,0.14831257700000045,0.0934053750243038,2,5777024,435568640,0.071978792,0.013506833,291576650,"""audited unique match""",1,342,3,131,5.033,1059474.8912455835,true,4.858020757,4.858020757,,,,0.17497924300000012,0.17497924300000012,true,[]
"""candidate-matched-1""",130,6,130,5067,1000,false,1059474.9068563336,1059474.9068840835,1059475.0140439586,1059475.0545372085,8,0.1556459100000005,0.10715987510047853,2,5777024,435634176,0.089205042,0.014431625,291576650,"""audited unique match""",1,344,3,132,5.067,1059475.0245972085,true,4.884687423,4.884687423,,,,0.18231257700000025,0.18231257700000025,true,[]
"""candidate-matched-1""",131,6,131,5100,1000,false,1059475.0412914585,1059475.0413369169,1059475.1500725003,1059475.1878701253,8,0.1619792439999994,0.10873558348976076,2,5777024,434880512,0.088984083,0.015420875,291576650,"""audited unique match""",1,347,3,133,5.1,1059475.1579612503,true,4.91135409,4.91135409,,,,0.18864590999999997,0.18864590999999997,true,[]
"""candidate-matched-1""",132,6,132,5133,1000,false,1059475.1743009586,1059475.1743257502,1059475.2817456252,1059475.3128697085,7,0.1683125780000001,0.10741987498477101,2,5777024,435519488,0.0872815,0.015270292,291576650,"""audited unique match""",1,349,3,134,5.133,1059475.2910762085,true,4.938020756,4.938020756,,,,0.19497924399999977,0.19497924399999977,true,[]
"""candidate-matched-1""",133,6,133,5167,1000,false,1059475.3066240835,1059475.3066472919,1059475.4057485003,1059475.4295360418,8,0.17564591200000024,0.09910120838321745,2,5777024,435634176,0.082679709,0.011922291,291576650,"""audited unique match""",1,351,3,135,5.167,1059475.4077400835,true,4.964687422,4.964687422,,,,0.2023125779999999,0.2023125779999999,true,[]
"""candidate-matched-1""",134,6,134,5200,1000,false,1059475.4242708753,1059475.4242932086,1059475.5318897502,1059475.5628690002,8,0.18197924499999996,0.10759654152207077,2,5777024,435732480,0.090683667,0.013221209,291576650,"""audited unique match""",1,353,3,136,5.2,1059475.541057292,true,4.991354088,4.991354088,,,,0.2086459120000006,0.2086459120000006,true,[]
"""candidate-matched-1""",135,6,135,5233,1000,false,1059475.5576776252,1059475.5577460835,1059475.6588906252,1059475.6962019585,8,0.18831257899999976,0.101144541753456,2,5777024,435732480,0.083675708,0.013060084,291576650,"""audited unique match""",1,355,3,137,5.233,1059475.6735207501,true,5.018020755,5.018020755,,,,0.21497924499999943,0.21497924499999943,true,[]
"""candidate-matched-1""",136,6,136,5267,1000,false,1059475.6909426253,1059475.6909663752,1059475.801923167,1059475.8295348336,8,0.17964591300000077,0.11095679178833961,2,5777024,437829632,0.090398542,0.013526084,291576650,"""audited unique match""",1,357,3,138,5.267,1059475.8067699585,true,5.044687421,5.044687421,,,,0.22231257900000045,0.22231257900000045,true,[]
"""candidate-matched-1""",137,6,137,5300,1000,false,1059475.8242634586,1059475.8242962086,1059475.9374618335,1059475.9712011253,8,0.18597924699999968,0.11316562490537763,2,5777024,435814400,0.092580833,0.013344833,291576650,"""audited unique match""",1,359,3,139,5.3,1059475.9410575002,true,5.087354087,5.087354087,,,,0.21264591300000024,0.21264591300000024,true,[]
"""candidate-matched-1""",138,6,138,5333,1000,false,1059475.9576305419,1059475.9576554585,1059476.070364042,1059476.1045340418,9,0.19231258100000037,0.11270858347415924,2,5777024,433979392,0.092024875,0.0163465,291576650,"""audited unique match""",1,362,3,140,5.333,1059476.0746329585,true,5.114020753,5.114020753,,,,0.21897924700000004,0.21897924700000004,true,[]
"""candidate-matched-1""",139,6,139,5367,1000,false,1059476.0904154587,1059476.0904430002,1059476.2131985836,1059476.2545335835,8,0.19964591400000042,0.12275558337569237,2,5777024,435388416,0.102774542,0.01563975,291576650,"""audited unique match""",1,364,3,141,5.367,1059476.2243983753,true,5.140687419,5.140687419,,,,0.22631258100000018,0.22631258100000018,true,[]
"""candidate-matched-1""",140,6,140,5400,1000,false,1059476.2409775835,1059476.2410060836,1059476.3551642501,1059476.3795332087,7,0.20597924800000023,0.11415816657245159,2,5777024,435535872,0.0918865,0.017203625,291576650,"""audited unique match""",1,366,3,142,5.4,1059476.3577193336,true,5.167354086,5.167354086,,,,0.2326459140000008,0.2326459140000008,true,[]
"""candidate-matched-1""",141,6,141,5433,1000,false,1059476.374381292,1059476.374417542,1059476.4719102918,1059476.5045328336,8,0.21231258200000003,0.09749274980276823,2,5777024,435224576,0.078189333,0.014702292,291576650,"""audited unique match""",1,368,3,143,5.433,1059476.4738597085,true,5.194020752,5.194020752,,,,0.2389792479999997,0.2389792479999997,true,[]
"""candidate-matched-1""",142,6,142,5467,1000,false,1059476.490364542,1059476.4904095836,1059476.5976745002,1059476.6295324168,18,-0.05267287205497073,0.10726491664536297,2,5777024,435290112,0.081264708,0.016867708,291576650,"""audited unique match""",1,370,3,144,5.467,1059476.6077362918,true,5.220687418,5.220687418,,,,0.24631258199999984,0.24631258199999984,true,[]
"""candidate-matched-1""",143,6,143,5500,1000,false,1059476.6242560002,1059476.6242810418,1059476.7434610003,1059476.9295314585,9,-0.030020747000000014,0.11917995847761631,2,5777024,435388416,0.097606125,0.014344833,291576650,"""audited unique match""",1,371,3,145,5.5,1059476.9073524585,true,5.514020747,5.514020747,,,,-0.014020747,-0.014020747,true,[]
"""candidate-matched-1""",144,6,144,5533,1000,false,1059476.9243280003,1059476.9243599586,1059477.0564415003,1059477.0795309586,9,-0.03968741299999934,0.132081541698426,2,5777024,435322880,0.111857291,0.016722542,291576650,"""audited unique match""",1,373,3,146,5.533,1059477.0570207085,true,5.530020747,5.530020747,,,,0.002979253000000348,0.002979253000000348,true,[]
"""candidate-matched-1""",145,6,145,5567,1000,false,1059477.074143417,1059477.0741682502,1059477.1981006253,1059477.2295305836,8,-0.03235407900000009,0.12393237510696054,2,5777024,435453952,0.101250209,0.016822416,291576650,"""audited unique match""",1,376,3,147,5.567,1059477.2076944585,true,5.572687413,5.572687413,,,,-0.00568741299999953,-0.00568741299999953,true,[]
"""candidate-matched-1""",146,6,146,5600,1000,false,1059477.2242896669,1059477.2243132503,1059477.3270803336,1059477.3711967086,8,-0.02602074500000029,0.10276708332821727,2,5777024,435159040,0.08225275,0.014873,291576650,"""audited unique match""",1,378,3,148,5.6,1059477.3410393752,true,5.599354079,5.599354079,,,,0.0006459209999993831,0.0006459209999993831,true,[]
"""candidate-matched-1""",147,6,147,5633,1000,false,1059477.3576336668,1059477.3576630836,1059477.4639275835,1059477.5045296252,8,-0.019687411000000488,0.1062644999474287,2,5777024,435355648,0.084442084,0.018432167,291576650,"""audited unique match""",1,380,3,149,5.633,1059477.473910417,true,5.626020745,5.626020745,,,,0.006979255000000073,0.006979255000000073,true,[]
"""candidate-matched-1""",148,6,148,5667,1000,false,1059477.490919292,1059477.4909460002,1059477.605861292,1059477.6378625836,9,-0.012354078000000435,0.11491529177874327,2,5777024,435355648,0.088980666,0.016612208,291576650,"""audited unique match""",1,382,3,150,5.667,1059477.6077125003,true,5.6526874110000005,5.6526874110000005,,,,0.01431258899999932,0.01431258899999932,true,[]
"""candidate-matched-1""",149,6,149,5700,1000,false,1059477.6243160418,1059477.6243461668,1059477.7478832086,1059477.7795287918,8,-0.02202074399999976,0.12353704171255231,2,5777024,435355648,0.100607,0.017505625,291576650,"""audited unique match""",1,384,3,151,5.7,1059477.757704292,true,5.679354078,5.679354078,,,,0.020645921999999928,0.020645921999999928,true,[]
"""candidate-matched-1""",150,6,150,5733,1000,false,1059477.7743128336,1059477.7743444168,1059477.8882215836,1059477.9128617086,9,-0.015687410000000845,0.11387716676108539,2,5777024,435388416,0.092188875,0.016878542,291576650,"""audited unique match""",1,386,3,152,5.733,1059477.8909823336,true,5.722020744,5.722020744,,,,0.010979255999999715,0.010979255999999715,true,[]
"""candidate-matched-1""",151,6,151,5767,1000,false,1059477.9077069168,1059477.907734542,1059478.0247234586,1059478.0628612502,9,-0.008354075999999822,0.11698891664855182,2,5777024,434782208,0.095404958,0.014686875,291576650,"""audited unique match""",1,388,3,153,5.767,1059478.0407067086,true,5.7486874100000005,5.7486874100000005,,,,0.01831258999999985,0.01831258999999985,true,[]
"""candidate-matched-1""",152,6,152,5800,1000,false,1059478.0577580002,1059478.0578007086,1059478.190037042,1059478.221194167,9,-0.00202074200000002,0.1322363333310932,2,5777024,436486144,0.10936875,0.017746708,291576650,"""audited unique match""",1,391,3,154,5.8,1059478.1907963336,true,5.775354076,5.775354076,,,,0.024645923999999653,0.024645923999999653,true,[]
"""candidate-matched-1""",153,6,153,5833,1000,false,1059478.2076209586,1059478.207652292,1059478.3233937502,1059478.3711936253,8,0.004312590999999699,0.11574145825579762,2,5777024,433864704,0.094952625,0.015645583,291576650,"""audited unique match""",1,393,3,155,5.833,1059478.3411580836,true,5.802020742,5.802020742,,,,0.030979258000000343,0.030979258000000343,true,[]
"""candidate-matched-1""",154,6,154,5867,1000,false,1059478.3576822085,1059478.3577286669,1059478.4734285418,1059478.4961932502,7,-0.004354075000000179,0.11569987493567169,2,5777024,434438144,0.095481583,0.015757667,291576650,"""audited unique match""",1,395,3,156,5.867,1059478.4743795418,true,5.8286874090000005,5.8286874090000005,,,,0.03831259099999951,0.03831259099999951,true,[]
"""candidate-matched-1""",155,6,155,5900,1000,false,1059478.4902910418,1059478.4903210418,1059478.590642917,1059478.6211928336,8,0.0019792590000005106,0.10032187518663704,2,5777024,434470912,0.082465833,0.012863125,291576650,"""audited unique match""",1,397,3,157,5.9,1059478.5909891669,true,5.871354075,5.871354075,,,,0.028645925000000183,0.028645925000000183,true,[]
"""candidate-matched-1""",156,6,156,5933,1000,false,1059478.6068029169,1059478.6068303336,1059478.7083340003,1059478.7545257919,9,0.008312592999999424,0.10150366672314703,2,5777024,434520064,0.083779041,0.012934042,291576650,"""audited unique match""",1,399,3,158,5.933,1059478.7244654587,true,5.898020741,5.898020741,,,,0.034979258999999985,0.034979258999999985,true,[]
"""candidate-matched-1""",157,6,157,5967,1000,false,1059478.7409902918,1059478.741023917,1059478.8587065418,1059478.8961920002,8,0.01564592699999956,0.11768262484110892,2,5777024,434274304,0.09808975,0.015625083,291576650,"""audited unique match""",1,401,3,159,5.967,1059478.8746464169,true,5.924687407,5.924687407,,,,0.04231259299999923,0.04231259299999923,true,[]
"""candidate-matched-1""",158,6,158,6000,1000,false,1059478.8910719585,1059478.8911038337,1059478.9941287085,1059479.0295249168,7,0.021979260000000167,0.1030248748138547,2,5777024,434110464,0.083729375,0.015235916,291576650,"""audited unique match""",1,403,3,160,6.0,1059479.0077992086,true,5.951354073,5.951354073,,,,0.04864592699999992,0.04864592699999992,true,[]
"""candidate-matched-1""",159,6,159,6033,1000,false,1059479.0242943335,1059479.0243242502,1059479.1229211253,1059479.146191292,9,0.02831259399999997,0.09859687509015203,2,5777024,435027968,0.077103917,0.016247541,291576650,"""audited unique match""",1,406,3,161,6.033,1059479.1243720418,true,5.97802074,5.97802074,,,,0.05497926000000053,0.05497926000000053,true,[]
"""candidate-matched-1""",160,6,160,6067,1000,false,1059479.1409910002,1059479.1410214587,1059479.2651796252,1059479.296190792,8,0.01964592800000009,0.12415816658176482,2,5777024,434257920,0.103874917,0.016113375,291576650,"""audited unique match""",1,408,3,162,6.067,1059479.2744373751,true,6.004687406,6.004687406,,,,0.06231259399999978,0.06231259399999978,true,[]
"""candidate-matched-1""",161,6,161,6100,1000,false,1059479.2910363337,1059479.2910755835,1059479.3920851252,1059479.4295236669,8,0.025979261999999892,0.10100954165682197,2,5777024,437157888,0.080938708,0.01475375,291576650,"""audited unique match""",1,410,3,163,6.1,1059479.4077647503,true,6.047354072,6.047354072,,,,0.052645927999999564,0.052645927999999564,true,[]
"""candidate-matched-1""",162,6,162,6133,1000,false,1059479.4233660419,1059479.4234069586,1059479.5273066668,1059479.5628566253,5,0.032312595999999694,0.10389970825053751,2,5777024,434946048,0.079128334,0.016315125,291576650,"""audited unique match""",1,412,3,164,6.133,1059479.5403838335,true,6.074020738,6.074020738,,,,0.058979262000000254,0.058979262000000254,true,[]
"""candidate-matched-2""",0,6,0,733,1000,true,1060877.5309496669,1060881.6121742919,1060881.9556475836,,0,,0.3434732917230576,1,2888512,421773312,0.09957625,0.00199375,291576650,"""audited unique match""",1,62,3,2,0.733,1060881.9969679585,true,0.730020822,0.730020822,0.730020822,5,false,0.0029791780000000267,0.0029791780000000267,false,"[""first activation or engine/playback epoch boundary"",""recorder marks completed frame warmup""]"
"""candidate-matched-2""",1,6,1,767,1000,true,1060882.014249292,1060882.0142785418,1060882.1577133336,,0,,0.14343479182571173,2,5777024,437878784,0.103802417,0.03435375,291576650,"""audited unique match""",1,65,3,3,0.767,1060882.3145412502,true,0.981333317,0.981333317,0.981333317,5,false,-0.21433331700000002,-0.21433331700000002,false,"[""recorder marks completed frame warmup""]"
"""candidate-matched-2""",2,6,2,800,1000,true,1060882.3305309168,1060882.3305651252,1060882.4426644586,,0,,0.11209933343343437,2,5777024,437075968,0.087584375,0.018505917,291576650,"""audited unique match""",1,69,3,4,0.8,1060882.4475781668,true,0.997333317,0.997333317,0.997333317,6,true,-0.197333317,-0.197333317,false,"[""recorder marks completed frame warmup""]"
"""candidate-matched-2""",3,6,3,833,1000,false,1060882.4641665418,1060882.4641976668,1060882.5653364586,,0,,0.10113879176788032,2,5777024,436666368,0.078456583,0.01724025,291576650,"""audited unique match""",1,71,3,5,0.833,1060882.5807916252,true,1.007999984,1.007999984,1.007999984,7,true,-0.17499998400000005,-0.17499998400000005,true,[]
"""candidate-matched-2""",4,6,4,867,1000,false,1060882.5971942502,1060882.5972221668,1060882.6954483753,,0,,0.09822620847262442,2,5777024,433897472,0.079256584,0.013699416,291576650,"""audited unique match""",1,73,3,6,0.867,1060882.6974541668,true,1.01866665,1.01866665,1.01866665,8,true,-0.1516666499999999,-0.1516666499999999,true,[]
"""candidate-matched-2""",5,6,5,900,1000,false,1060882.713898792,1060882.713926167,1060882.8100344585,,0,,0.09610829153098166,2,5777024,434176000,0.078966541,0.01341275,291576650,"""audited unique match""",1,75,3,7,0.9,1060882.8140860419,true,1.029333317,1.029333317,1.029333317,9,true,-0.12933331700000006,-0.12933331700000006,true,[]
"""candidate-matched-2""",6,6,6,933,1000,false,1060882.8305320835,1060882.8305572085,1060882.9202117503,,0,,0.08965454180724919,2,5777024,434290688,0.073778166,0.01288675,291576650,"""audited unique match""",1,77,3,8,0.933,1060882.9307216252,true,1.039999983,1.039999983,1.039999983,10,true,-0.10699998299999991,-0.10699998299999991,true,[]
"""candidate-matched-2""",7,6,7,967,1000,false,1060882.9471794586,1060882.9472027086,1060883.048308542,,0,,0.1011058334261179,2,5777024,432504832,0.0848605,0.012196209,291576650,"""audited unique match""",1,79,3,9,0.967,1060883.0640316252,true,1.05066665,1.05066665,1.05066665,11,true,-0.08366664999999995,-0.08366664999999995,true,[]
"""candidate-matched-2""",8,6,8,1000,1000,false,1060883.0805018751,1060883.0805239587,1060883.1771724585,,0,,0.09664849983528256,2,5777024,432553984,0.080854584,0.01332975,291576650,"""audited unique match""",1,81,3,10,1.0,1060883.1808532502,true,1.061333316,1.061333316,1.061333316,12,true,-0.06133331600000003,-0.06133331600000003,true,[]
"""candidate-matched-2""",9,6,9,1033,1000,false,1060883.197193042,1060883.1972170419,1060883.2943897503,,0,,0.09717270848341286,2,5777024,432586752,0.078122834,0.016016416,291576650,"""audited unique match""",1,83,3,11,1.033,1060883.2974167087,true,1.071999983,1.071999983,1.071999983,13,true,-0.03899998300000007,-0.03899998300000007,true,[]
"""candidate-matched-2""",10,6,10,1067,1000,false,1060883.3138545835,1060883.3138790836,1060883.413424417,,0,,0.0995453333016485,2,5777024,432701440,0.082820167,0.012757625,291576650,"""audited unique match""",1,86,3,12,1.067,1060883.4140057086,true,1.082666649,1.082666649,1.082666649,14,true,-0.015666649000000143,-0.015666649000000143,true,[]
"""candidate-matched-2""",11,6,11,1100,1000,false,1060883.4304992086,1060883.4305222086,1060883.5307810418,,0,,0.10025883326306939,2,5777024,432734208,0.0834835,0.013086209,291576650,"""audited unique match""",1,88,3,13,1.1,1060883.5474148337,true,1.093333316,1.093333316,1.093333316,15,true,0.006666684000000034,0.006666684000000034,true,[]
"""candidate-matched-2""",12,6,12,1133,1000,false,1060883.5638961669,1060883.563919542,1060883.658520917,,0,,0.09460137505084276,2,5777024,432734208,0.077763292,0.013567708,291576650,"""audited unique match""",1,90,3,14,1.133,1060883.6640443336,true,1.103999982,1.103999982,1.103999982,16,true,0.029000018000000072,0.029000018000000072,true,[]
"""candidate-matched-2""",13,6,13,1167,1000,false,1060883.6805448337,1060883.6805676252,1060883.7735385003,,0,,0.09297087509185076,2,5777024,432619520,0.07536825,0.014182459,291576650,"""audited unique match""",1,92,3,15,1.167,1060883.7806866253,true,1.114666649,1.114666649,1.114666649,17,true,0.05233335100000014,0.05233335100000014,true,[]
"""candidate-matched-2""",14,6,14,1200,1000,false,1060883.7971342085,1060883.797156917,1060883.8949460003,,0,,0.09778908337466419,2,5777024,428818432,0.081016542,0.013906583,291576650,"""audited unique match""",1,94,3,16,1.2,1060883.8974162503,true,1.125333315,1.125333315,1.125333315,18,true,0.07466668499999995,0.07466668499999995,true,[]
"""candidate-matched-2""",15,6,15,1233,1000,false,1060883.9138663337,1060883.9138967085,1060884.0228211668,,0,,0.10892445826902986,2,5777024,428998656,0.092173042,0.012265708,291576650,"""audited unique match""",1,96,3,17,1.233,1060884.030784667,true,1.135999982,1.135999982,1.135999982,19,true,0.09700001800000013,0.09700001800000013,true,[]
"""candidate-matched-2""",16,6,16,1267,1000,false,1060884.0472320835,1060884.0472592919,1060884.148569417,,0,,0.10131012508645654,2,5777024,429096960,0.083068291,0.013825708,291576650,"""audited unique match""",1,98,3,18,1.267,1060884.164043292,true,1.146666648,1.146666648,1.146666648,20,true,0.12033335199999984,0.12033335199999984,true,[]
"""candidate-matched-2""",17,6,17,1300,1000,false,1060884.1805553753,1060884.180585417,1060884.2884532502,,0,,0.10786783322691917,2,5777024,429162496,0.091995625,0.012518125,291576650,"""audited unique match""",1,100,3,19,1.3,1060884.2973337502,true,1.157333315,1.157333315,1.157333315,21,true,0.14266668500000002,0.14266668500000002,true,[]
"""candidate-matched-2""",18,6,18,1333,1000,false,1060884.313857917,1060884.3138892502,1060884.4269152086,,0,,0.11302595841698349,2,5777024,429309952,0.092427875,0.015117041,291576650,"""audited unique match""",1,103,3,20,1.333,1060884.4306637086,true,1.167999981,1.167999981,1.167999981,22,true,0.16500001900000005,0.16500001900000005,true,[]
"""candidate-matched-2""",19,6,19,1367,1000,false,1060884.4471767503,1060884.447200042,1060884.5519452086,,0,,0.10474516660906374,2,5777024,429834240,0.085703458,0.014148583,291576650,"""audited unique match""",1,104,3,21,1.367,1060884.647381292,true,1.3813333110000001,1.3813333110000001,1.3813333110000001,22,false,-0.014333311000000126,-0.014333311000000126,true,[]
"""candidate-matched-2""",20,6,20,1400,1000,false,1060884.6637820003,1060884.6638189587,1060884.818091417,,0,,0.15427245828323066,2,5777024,429785088,0.130087167,0.017755333,291576650,"""audited unique match""",1,106,3,22,1.4,1060884.8308562085,true,1.413333311,1.413333311,1.413333311,23,false,-0.013333311000000014,-0.013333311000000014,true,[]
"""candidate-matched-2""",21,6,21,1433,1000,false,1060884.847221542,1060884.8472559168,1060884.9786965835,,0,,0.13144066673703492,2,5777024,429801472,0.109278375,0.017489583,291576650,"""audited unique match""",1,108,3,23,1.433,1060884.980767042,true,1.439999977,1.439999977,1.439999977,24,false,-0.006999976999999991,-0.006999976999999991,true,[]
"""candidate-matched-2""",22,6,22,1467,1000,false,1060884.9972079585,1060884.9972410835,1060885.1180076252,,0,,0.12076654168777168,2,5777024,429817856,0.096456833,0.018191375,291576650,"""audited unique match""",1,111,3,24,1.467,1060885.1473589586,true,1.4773333100000001,1.4773333100000001,1.4773333100000001,25,false,-0.01033331000000004,-0.01033331000000004,true,[]
"""candidate-matched-2""",23,6,23,1500,1000,false,1060885.1638299169,1060885.1638565836,1060885.2766118336,,0,,0.11275524995289743,2,5777024,430161920,0.094642458,0.013094083,291576650,"""audited unique match""",1,113,3,25,1.5,1060885.2807020003,true,1.509333309,1.509333309,1.509333309,26,false,-0.009333309000000067,-0.009333309000000067,true,[]
"""candidate-matched-2""",24,6,24,1533,1000,false,1060885.2971566669,1060885.2971849586,1060885.4116508337,,0,,0.11446587508544326,2,5777024,430178304,0.09884775,0.012028,291576650,"""audited unique match""",1,116,3,26,1.533,1060885.4140559586,true,1.535999976,1.535999976,1.535999976,27,false,-0.0029999760000001263,-0.0029999760000001263,true,[]
"""candidate-matched-2""",25,6,25,1567,1000,false,1060885.4304861668,1060885.4305131251,1060885.5435515835,,0,,0.11303845839574933,2,5777024,430178304,0.097411292,0.01195725,291576650,"""audited unique match""",1,118,3,27,1.567,1060885.5473977919,true,1.578666642,1.578666642,1.578666642,28,false,-0.011666642000000005,-0.011666642000000005,true,[]
"""candidate-matched-2""",26,6,26,1600,1000,false,1060885.563827542,1060885.563853667,1060885.7258980419,,0,,0.16204437497071922,2,5777024,429867008,0.137353042,0.017233,291576650,"""audited unique match""",1,120,3,28,1.6,1060885.731189417,true,1.605333308,1.605333308,1.605333308,29,false,-0.005333307999999981,-0.005333307999999981,true,[]
"""candidate-matched-2""",27,6,27,1633,1000,false,1060885.7479026252,1060885.7479463336,1060885.904761167,,0,,0.1568148334044963,2,5777024,430309376,0.12605725,0.024307167,291576650,"""audited unique match""",1,123,3,29,1.633,1060885.9309137086,true,1.642666641,1.642666641,1.642666641,30,false,-0.00966664099999992,-0.00966664099999992,true,[]
"""candidate-matched-2""",28,6,28,1667,1000,false,1060885.9471602503,1060885.9471985835,1060886.092294667,,0,,0.1450960834044963,2,5777024,430325760,0.119728291,0.019805209,291576650,"""audited unique match""",1,125,3,30,1.667,1060886.097732792,true,1.6746666399999999,1.6746666399999999,1.6746666399999999,31,false,-0.007666639999999836,-0.007666639999999836,true,[]
"""candidate-matched-2""",29,6,29,1700,1000,false,1060886.1140150419,1060886.1140851253,1060886.2370953336,,0,,0.1230102083645761,2,5777024,430292992,0.101285583,0.01604875,291576650,"""audited unique match""",1,127,3,31,1.7,1060886.2476058335,true,1.701333306,1.701333306,1.701333306,32,false,-0.001333306000000034,-0.001333306000000034,true,[]
"""candidate-matched-2""",30,6,30,1733,1000,false,1060886.2640135419,1060886.2643295003,1060886.400897042,,0,,0.13656754163093865,2,5777024,430342144,0.109156167,0.016202875,291576650,"""audited unique match""",1,130,3,32,1.733,1060886.4140745837,true,1.7439999720000001,1.7439999720000001,1.7439999720000001,33,false,-0.010999972000000025,-0.010999972000000025,true,[]
"""candidate-matched-2""",31,6,31,1767,1000,false,1060886.4304620835,1060886.4305295835,1060886.5378635835,,0,,0.10733400005847216,2,5777024,430211072,0.087640542,0.015525958,291576650,"""audited unique match""",1,132,3,33,1.767,1060886.547425292,true,1.7706666389999999,1.7706666389999999,1.7706666389999999,34,false,-0.0036666389999999716,-0.0036666389999999716,true,[]
"""candidate-matched-2""",32,6,32,1800,1000,false,1060886.563875042,1060886.563904417,1060886.6772147503,,0,,0.11331033334136009,2,5777024,430358528,0.092333083,0.01579325,291576650,"""audited unique match""",1,134,3,34,1.8,1060886.6807895002,true,1.813333305,1.813333305,1.813333305,35,false,-0.013333304999999962,-0.013333304999999962,true,[]
"""candidate-matched-2""",33,6,33,1833,1000,false,1060886.6971257918,1060886.6971537087,1060886.796965417,,0,,0.09981170832179487,2,5777024,430243840,0.083024333,0.013258917,291576650,"""audited unique match""",1,136,3,35,1.833,1060886.7972996251,true,1.8399999710000001,1.8399999710000001,1.8399999710000001,36,false,-0.00699997100000016,-0.00699997100000016,true,[]
"""candidate-matched-2""",34,6,34,1867,1000,false,1060886.8138129169,1060886.8138365003,1060886.920341292,,0,,0.10650479164905846,2,5777024,430276608,0.088223292,0.014795167,291576650,"""audited unique match""",1,139,3,36,1.867,1060886.9472853753,true,1.877333304,1.877333304,1.877333304,37,false,-0.010333303999999988,-0.010333303999999988,true,[]
"""candidate-matched-2""",35,6,35,1900,1000,false,1060886.9637931252,1060886.9638232503,1060887.091474792,,0,,0.1276515417266637,2,5777024,430145536,0.108119542,0.014554541,291576650,"""audited unique match""",1,141,3,37,1.9,1060887.097835667,true,1.909333303,1.909333303,1.909333303,38,false,-0.009333303000000015,-0.009333303000000015,true,[]
"""candidate-matched-2""",36,6,36,1933,1000,false,1060887.114505542,1060887.1145347918,1060887.2629414585,1060887.3130855835,14,-0.04033330199999985,0.1484066667035222,2,5777024,428703744,0.12396825,0.012987417,291576650,"""audited unique match""",1,144,3,38,1.933,1060887.2650020418,true,1.935999969,1.935999969,1.935999969,39,false,-0.0029999689999999912,-0.0029999689999999912,true,[]
"""candidate-matched-2""",37,6,37,1967,1000,false,1060887.2805683336,1060887.2806234169,1060887.5073308335,1060887.5422515837,10,-0.05647484290624183,0.2267074165865779,2,5777024,421363712,0.181566042,0.038527042,291576650,"""audited unique match""",1,146,3,39,1.967,1060887.514953917,true,1.973333302,1.973333302,1.973333302,40,false,-0.006333301999999819,-0.006333301999999819,true,[]
"""candidate-matched-2""",38,6,38,2000,1000,false,1060887.5310498753,1060887.531079542,1060887.6637983336,1060887.700584417,8,-0.04266663400000015,0.13271879171952605,2,5777024,423739392,0.112796,0.015394666,291576650,"""audited unique match""",1,149,3,40,2.0,1060887.6813431252,true,2.010666635,2.010666635,2.010666635,41,false,-0.010666635000000202,-0.010666635000000202,true,[]
"""candidate-matched-2""",39,6,39,2033,1000,false,1060887.6977323336,1060887.6977570835,1060887.8143658335,1060887.8422506668,9,-0.036333300999999985,0.11660875007510185,2,5777024,424034304,0.097459125,0.013406041,291576650,"""audited unique match""",1,151,3,41,2.033,1060887.8147546253,true,2.042666634,2.042666634,2.042666634,42,false,-0.00966663400000023,-0.00966663400000023,true,[]
"""candidate-matched-2""",40,6,40,2067,1000,false,1060887.8312185002,1060887.831243417,1060887.9526818336,1060887.9922502502,9,-0.04499996699999986,0.12143841665238142,2,5777024,424050688,0.104752125,0.013701917,291576650,"""audited unique match""",1,153,3,42,2.067,1060887.9648132918,true,2.069333301,2.069333301,2.069333301,43,false,-0.0023333009999997323,-0.0023333009999997323,true,[]
"""candidate-matched-2""",41,6,41,2100,1000,false,1060887.981208042,1060887.981234667,1060888.1022324585,1060888.1339165003,11,-0.04933329899999972,0.12099779164418578,2,5777024,424099840,0.10296025,0.015045334,291576650,"""audited unique match""",1,156,3,43,2.1,1060888.1152466252,true,2.111999967,2.111999967,2.111999967,44,false,-0.011999966999999945,-0.011999966999999945,true,[]
"""candidate-matched-2""",42,6,42,2133,1000,false,1060888.1561193753,1060888.1563548753,1060888.3058379586,1060888.3464158336,11,-0.042999966,0.14948308328166604,2,5777024,424755200,0.116019667,0.02073575,291576650,"""audited unique match""",1,160,3,44,2.133,1060888.3141672919,true,2.149333299,2.149333299,2.149333299,45,false,-0.0163332989999998,-0.0163332989999998,true,[]
"""candidate-matched-2""",43,6,43,2167,1000,false,1060888.3304749168,1060888.330498417,1060888.4821991252,1060888.5214152918,9,-0.03566663200000031,0.15170070831663907,2,5777024,427163648,0.127018084,0.021564375,291576650,"""audited unique match""",1,162,3,45,2.167,1060888.4981304586,true,2.175999966,2.175999966,2.175999966,46,false,-0.008999966000000192,-0.008999966000000192,true,[]
"""candidate-matched-2""",44,6,44,2200,1000,false,1060888.5138443753,1060888.5138733336,1060888.6317824586,1060888.6714148752,9,-0.04533329799999963,0.11790912505239248,2,5777024,425148416,0.093445209,0.020863417,291576650,"""audited unique match""",1,164,3,46,2.2,1060888.647182667,true,2.202666632,2.202666632,2.202666632,47,false,-0.0026666319999999466,-0.0026666319999999466,true,[]
"""candidate-matched-2""",45,6,45,2233,1000,false,1060888.663822292,1060888.6638520835,1060888.785184792,1060888.8214143752,8,-0.03899996399999983,0.1213327085133642,2,5777024,425230336,0.098238459,0.019864834,291576650,"""audited unique match""",1,166,3,47,2.233,1060888.7981179585,true,2.245333298,2.245333298,2.245333298,48,false,-0.012333297999999715,-0.012333297999999715,true,[]
"""candidate-matched-2""",46,6,46,2267,1000,false,1060888.8142487085,1060888.814273417,1060888.9208667919,1060888.954747292,10,-0.05074221343373253,0.1065933748614043,2,5777024,425279488,0.088839542,0.01478,291576650,"""audited unique match""",1,168,3,48,2.267,1060888.9307021669,true,2.271999964,2.271999964,2.271999964,49,false,-0.004999964000000023,-0.004999964000000023,true,[]
"""candidate-matched-2""",47,6,47,2300,1000,false,1060888.947788542,1060888.947813667,1060889.067821417,1060889.1214134586,9,-0.04133329600000035,0.12000775011256337,2,5777024,424542208,0.099850792,0.016072833,291576650,"""audited unique match""",1,171,3,49,2.3,1060889.097417417,true,2.3093332970000002,2.3093332970000002,2.3093332970000002,50,false,-0.009333297000000407,-0.009333297000000407,true,[]
"""candidate-matched-2""",48,6,48,2333,1000,false,1060889.113790917,1060889.1138202501,1060889.2328115003,1060889.2714129586,8,-0.034999962999999745,0.11899125017225742,2,5777024,424607744,0.097478959,0.018219417,291576650,"""audited unique match""",1,173,3,50,2.333,1060889.247133042,true,2.341333296,2.341333296,2.341333296,51,false,-0.00833329599999999,-0.00833329599999999,true,[]
"""candidate-matched-2""",49,6,49,2367,1000,false,1060889.264616167,1060889.2646465003,1060889.3727326253,1060889.4047459585,8,-0.04366662900000007,0.10808612499386072,2,5777024,424640512,0.086135667,0.018750125,291576650,"""audited unique match""",1,176,3,51,2.367,1060889.3807460002,true,2.367999963,2.367999963,2.367999963,52,false,-0.000999962999999937,-0.000999962999999937,true,[]
"""candidate-matched-2""",50,6,50,2400,1000,false,1060889.3971147502,1060889.397141292,1060889.503301292,1060889.5380788336,8,-0.037333295000000266,0.1061599999666214,2,5777024,424738816,0.082797166,0.020036833,291576650,"""audited unique match""",1,178,3,52,2.4,1060889.5146282085,true,2.410666629,2.410666629,2.410666629,53,false,-0.01066662900000015,-0.01066662900000015,true,[]
"""candidate-matched-2""",51,6,51,2433,1000,false,1060889.5305130002,1060889.5305429585,1060889.6364585836,1060889.6714117501,8,-0.046999961000000035,0.10591562511399388,2,5777024,424787968,0.083076833,0.015207916,291576650,"""audited unique match""",1,180,3,53,2.433,1060889.6473292501,true,2.437333295,2.437333295,2.437333295,54,false,-0.004333295000000348,-0.004333295000000348,true,[]
"""candidate-matched-2""",52,6,52,2467,1000,false,1060889.6638196253,1060889.6638506253,1060889.766199667,1060889.8047447503,9,-0.0396666269999999,0.10234904172830284,2,5777024,424804352,0.082494875,0.016460208,291576650,"""audited unique match""",1,182,3,54,2.467,1060889.780654667,true,2.479999961,2.479999961,2.479999961,55,false,-0.012999960999999782,-0.012999960999999782,true,[]
"""candidate-matched-2""",53,6,53,2500,1000,false,1060889.7976757085,1060889.7977036668,1060889.9213383752,1060889.9547442086,9,-0.0333332930000001,0.12363470834679902,2,5777024,424820736,0.105194417,0.015323209,291576650,"""audited unique match""",1,184,3,55,2.5,1060889.9314320835,true,2.506666627,2.506666627,2.506666627,56,false,-0.0066666269999999805,-0.0066666269999999805,true,[]
"""candidate-matched-2""",54,6,54,2533,1000,false,1060889.9470804168,1060889.9471063751,1060890.0675098752,1060890.113077042,9,-0.042999958999999865,0.1204035000409931,2,5777024,424902656,0.102049875,0.015044792,291576650,"""audited unique match""",1,186,3,56,2.533,1060890.081447417,true,2.533333293,2.533333293,2.533333293,57,false,-0.0003332930000001788,-0.0003332930000001788,true,[]
"""candidate-matched-2""",55,6,55,2567,1000,false,1060890.097120167,1060890.0971442503,1060890.2169668751,1060890.2630766253,9,-0.03566662599999981,0.11982262483797967,2,5777024,424951808,0.10155775,0.015108125,291576650,"""audited unique match""",1,188,3,57,2.567,1060890.231230167,true,2.575999959,2.575999959,2.575999959,58,false,-0.008999958999999613,-0.008999958999999613,true,[]
"""candidate-matched-2""",56,6,56,2600,1000,false,1060890.2471259586,1060890.2471530836,1060890.368564417,1060890.4047428751,9,-0.045333292000000025,0.12141133332625031,2,5777024,424984576,0.102533375,0.01573775,291576650,"""audited unique match""",1,191,3,58,2.6,1060890.3807233335,true,2.602666626,2.602666626,2.602666626,59,false,-0.0026666259999998942,-0.0026666259999998942,true,[]
"""candidate-matched-2""",57,6,57,2633,1000,false,1060890.3971143335,1060890.3971405001,1060890.5200545003,1060890.5547423752,9,-0.03899995799999978,0.12291400018148124,2,5777024,425000960,0.102664959,0.016397042,291576650,"""audited unique match""",1,193,3,59,2.633,1060890.5308331253,true,2.645333292,2.645333292,2.645333292,60,false,-0.012333292000000107,-0.012333292000000107,true,[]
"""candidate-matched-2""",58,6,58,2667,1000,false,1060890.5476984587,1060890.5477236253,1060890.670183542,1060890.7047419169,10,-0.05095895739615175,0.12245991663075984,2,5777024,425033728,0.104275167,0.01249325,291576650,"""audited unique match""",1,195,3,60,2.667,1060890.6814367503,true,2.671999958,2.671999958,2.671999958,61,false,-0.004999957999999971,-0.004999957999999971,true,[]
"""candidate-matched-2""",59,6,59,2700,1000,false,1060890.697192417,1060890.697226292,1060890.825548667,1060890.8714080835,9,-0.041333289999999856,0.12832237500697374,2,5777024,425033728,0.107954625,0.015904958,291576650,"""audited unique match""",1,198,3,61,2.7,1060890.847496667,true,2.709333291,2.709333291,2.709333291,62,false,-0.00933329099999991,-0.00933329099999991,true,[]
"""candidate-matched-2""",60,6,60,2733,1000,false,1060890.8638638335,1060890.8639010002,1060890.9837791251,1060891.0214076668,9,-0.034999956000000054,0.11987812491133809,2,5777024,425066496,0.099003125,0.017090959,291576650,"""audited unique match""",1,200,3,62,2.733,1060890.9973992086,true,2.74133329,2.74133329,2.74133329,63,false,-0.008333289999999938,-0.008333289999999938,true,[]
"""candidate-matched-2""",61,6,61,2767,1000,false,1060891.013798792,1060891.0138246252,1060891.136690042,1060891.1714072085,8,-0.04366662199999993,0.12286541680805385,2,5777024,425099264,0.101704584,0.015520209,291576650,"""audited unique match""",1,202,3,63,2.767,1060891.1473740835,true,2.767999956,2.767999956,2.767999956,64,false,-0.000999956000000246,-0.000999956000000246,true,[]
"""candidate-matched-2""",62,6,62,2800,1000,false,1060891.1637963753,1060891.1638229585,1060891.2638939586,1060891.3047400836,8,-0.037333289000000214,0.1000710001681,2,5777024,425115648,0.081022791,0.015853291,291576650,"""audited unique match""",1,204,3,64,2.8,1060891.2806911669,true,2.810666622,2.810666622,2.810666622,65,false,-0.010666622000000014,-0.010666622000000014,true,[]
"""candidate-matched-2""",63,6,63,2833,1000,false,1060891.2971897502,1060891.2972182503,1060891.4136360835,1060891.4380730418,8,-0.04699995499999954,0.11641783313825727,2,5777024,425115648,0.09745825,0.015709333,291576650,"""audited unique match""",1,207,3,65,2.833,1060891.4146333335,true,2.837333289,2.837333289,2.837333289,66,false,-0.004333288999999851,-0.004333288999999851,true,[]
"""candidate-matched-2""",64,6,64,2867,1000,false,1060891.4310671668,1060891.4310934586,1060891.5453235835,1060891.5714059586,8,-0.039666620999999846,0.11423012497834861,2,5777024,425164800,0.096244917,0.011869166,291576650,"""audited unique match""",1,209,3,66,2.867,1060891.5473609169,true,2.8799999549999997,2.8799999549999997,2.8799999549999997,67,false,-0.01299995499999973,-0.01299995499999973,true,[]
"""candidate-matched-2""",65,6,65,2900,1000,false,1060891.5637972502,1060891.5638244168,1060891.6647685003,1060891.7047388752,9,-0.033333287000000045,0.10094408341683447,2,5777024,425197568,0.083301875,0.014353417,291576650,"""audited unique match""",1,211,3,67,2.9,1060891.6806612501,true,2.906666621,2.906666621,2.906666621,68,false,-0.006666620999999928,-0.006666620999999928,true,[]
"""candidate-matched-2""",66,6,66,2933,1000,false,1060891.6971038335,1060891.697132167,1060891.8222197918,1060891.8547385002,9,-0.04299995300000026,0.12508762488141656,2,5777024,425197568,0.104638083,0.017017333,291576650,"""audited unique match""",1,213,3,68,2.933,1060891.8306551669,true,2.933333287,2.933333287,2.933333287,69,false,-0.00033328700000012645,-0.00033328700000012645,true,[]
"""candidate-matched-2""",67,6,67,2967,1000,false,1060891.8470770419,1060891.8471020418,1060891.9664079587,1060892.0047380002,10,-0.03566661900000012,0.11930591682903469,2,5777024,424542208,0.096229042,0.019647125,291576650,"""audited unique match""",1,215,3,69,2.967,1060891.9808312503,true,2.975999953,2.975999953,2.975999953,70,false,-0.008999953000000005,-0.008999953000000005,true,[]
"""candidate-matched-2""",68,6,68,3000,1000,false,1060891.9977397919,1060891.9977675418,1060892.1366651251,1060892.1714041252,10,-0.04533328499999989,0.1388975833542645,2,5777024,425246720,0.118249042,0.014951708,291576650,"""audited unique match""",1,218,3,70,3.0,1060892.1474341252,true,3.002666619,3.002666619,3.002666619,71,false,-0.0026666190000002032,-0.0026666190000002032,true,[]
"""candidate-matched-2""",69,6,69,3033,1000,false,1060892.1645423335,1060892.1645747502,1060892.303281542,1060892.3380703335,8,-0.03899995200000017,0.1387067916803062,2,5777024,425295872,0.120542916,0.014921292,291576650,"""audited unique match""",1,221,3,71,3.033,1060892.3140362503,true,3.045333285,3.045333285,3.045333285,72,false,-0.012333284999999972,-0.012333284999999972,true,[]
"""candidate-matched-2""",70,6,70,3067,1000,false,1060892.3304782503,1060892.3305106668,1060892.4353721251,1060892.471403292,10,-0.05056682640801302,0.1048614582978189,2,5777024,425230336,0.083997541,0.017861917,291576650,"""audited unique match""",1,223,3,72,3.067,1060892.447294042,true,3.071999952,3.071999952,3.071999952,73,false,-0.004999951999999919,-0.004999951999999919,true,[]
"""candidate-matched-2""",71,6,71,3100,1000,false,1060892.4637722918,1060892.4637981253,1060892.5872927501,1060892.6380694169,8,-0.041333283999999804,0.12349462485872209,2,5777024,425246720,0.100444209,0.019939208,291576650,"""audited unique match""",1,226,3,73,3.1,1060892.6144839586,true,3.109333284,3.109333284,3.109333284,74,false,-0.009333283999999775,-0.009333283999999775,true,[]
"""candidate-matched-2""",72,6,72,3133,1000,false,1060892.631155917,1060892.6311811253,1060892.7467811252,1060892.7714023336,8,-0.03499995,0.11559999990276992,2,5777024,425197568,0.093946417,0.01829675,291576650,"""audited unique match""",1,228,3,74,3.133,1060892.747443792,true,3.141333284,3.141333284,3.141333284,75,false,-0.008333283999999885,-0.008333283999999885,true,[]
"""candidate-matched-2""",73,6,73,3167,1000,false,1060892.7637925001,1060892.7638202086,1060892.880128292,1060892.9047352918,9,-0.043666616000000325,0.11630808329209685,2,5777024,425066496,0.098565875,0.014471584,291576650,"""audited unique match""",1,230,3,75,3.167,1060892.8813344585,true,3.16799995,3.16799995,3.16799995,76,false,-0.0009999500000001937,-0.0009999500000001937,true,[]
"""candidate-matched-2""",74,6,74,3200,1000,false,1060892.8978375837,1060892.8978612502,1060893.0304662918,1060893.0547347502,8,-0.037333281999999635,0.13260504161007702,2,5777024,424984576,0.116033209,0.012992083,291576650,"""audited unique match""",1,232,3,76,3.2,1060893.030730417,true,3.210666616,3.210666616,3.210666616,77,false,-0.010666615999999962,-0.010666615999999962,true,[]
"""candidate-matched-2""",75,6,75,3233,1000,false,1060893.0471652918,1060893.0471953335,1060893.1481387087,1060893.1880677503,8,-0.04699994799999985,0.10094337514601648,2,5777024,425164800,0.081429792,0.016163958,291576650,"""audited unique match""",1,234,3,77,3.233,1060893.1640997087,true,3.237333282,3.237333282,3.237333282,78,false,-0.004333281999999716,-0.004333281999999716,true,[]
"""candidate-matched-2""",76,6,76,3267,1000,false,1060893.180514917,1060893.180543542,1060893.2902167502,1060893.3214007085,8,-0.03966661500000024,0.10967320832423866,2,5777024,424919040,0.092528458,0.013810834,291576650,"""audited unique match""",1,236,3,78,3.267,1060893.2972912085,true,3.279999948,3.279999948,3.279999948,79,false,-0.012999948000000039,-0.012999948000000039,true,[]
"""candidate-matched-2""",77,6,77,3300,1000,false,1060893.3137605835,1060893.3137825003,1060893.4290955418,1060893.4547336253,7,-0.03333328099999999,0.11531304148957133,2,5777024,425263104,0.097229833,0.015156333,291576650,"""audited unique match""",1,239,3,79,3.3,1060893.4306138335,true,3.306666615,3.306666615,3.306666615,80,false,-0.00666661500000032,-0.00666661500000032,true,[]
"""candidate-matched-2""",78,6,78,3333,1000,false,1060893.4470611669,1060893.4470872502,1060893.545219167,1060893.5713999586,7,-0.04299994699999976,0.09813191671855748,2,5777024,425295872,0.079217458,0.015812583,291576650,"""audited unique match""",1,241,3,80,3.333,1060893.547981917,true,3.333333281,3.333333281,3.333333281,81,false,-0.00033328099999963,-0.00033328099999963,true,[]
"""candidate-matched-2""",79,6,79,3367,1000,false,1060893.5643022503,1060893.5643276253,1060893.6641986668,1060893.6880662502,8,-0.03566661300000007,0.09987104148603976,2,5777024,425312256,0.082596666,0.014018334,291576650,"""audited unique match""",1,243,3,81,3.367,1060893.6648159586,true,3.375999947,3.375999947,3.375999947,82,false,-0.008999946999999953,-0.008999946999999953,true,[]
"""candidate-matched-2""",80,6,80,3400,1000,false,1060893.6804629585,1060893.6804916253,1060893.7925615003,1060893.821399167,8,-0.04533327900000028,0.11206987500190735,2,5777024,425345024,0.093705541,0.015204,291576650,"""audited unique match""",1,245,3,82,3.4,1060893.7979762086,true,3.402666613,3.402666613,3.402666613,83,false,-0.002666613000000151,-0.002666613000000151,true,[]
"""candidate-matched-2""",81,6,81,3433,1000,false,1060893.8145687503,1060893.8145990002,1060893.922930667,1060893.9547320835,8,-0.038999945000000036,0.10833166679367423,2,5777024,425377792,0.0931605,0.012030958,291576650,"""audited unique match""",1,247,3,83,3.433,1060893.9312688336,true,3.445333279,3.445333279,3.445333279,84,false,-0.012333279000000363,-0.012333279000000363,true,[]
"""candidate-matched-2""",82,6,82,3467,1000,false,1060893.947018792,1060893.9470423337,1060894.0524623336,1060894.0963983336,10,-0.0506521954469199,0.10541999991983175,2,5777024,425394176,0.087924208,0.011481583,291576650,"""audited unique match""",1,249,3,84,3.467,1060894.0640312503,true,3.471999945,3.471999945,3.471999945,85,false,-0.004999944999999784,-0.004999944999999784,true,[]
"""candidate-matched-2""",83,6,83,3500,1000,false,1060894.080463667,1060894.0804898753,1060894.1993782502,1060894.2547311669,8,-0.04133327799999975,0.11888837488368154,2,5777024,425410560,0.103209875,0.012566708,291576650,"""audited unique match""",1,252,3,85,3.5,1060894.230678917,true,3.5093332779999997,3.5093332779999997,3.5093332779999997,86,false,-0.009333277999999723,-0.009333277999999723,true,[]
"""candidate-matched-2""",84,6,84,3533,1000,false,1060894.2471261253,1060894.2471547085,1060894.3528937502,1060894.3880641253,9,-0.03499994399999995,0.10573904169723392,2,5777024,425508864,0.089816916,0.012965166,291576650,"""audited unique match""",1,255,3,86,3.533,1060894.3640141669,true,3.5413332779999998,3.5413332779999998,3.5413332779999998,87,false,-0.008333277999999833,-0.008333277999999833,true,[]
"""candidate-matched-2""",85,6,85,3567,1000,false,1060894.380448042,1060894.3804721253,1060894.502049167,1060894.5380637085,9,-0.04366660999999983,0.1215770416893065,2,5777024,425508864,0.103325458,0.015071542,291576650,"""audited unique match""",1,257,3,87,3.567,1060894.5139998335,true,3.567999944,3.567999944,3.567999944,88,false,-0.0009999439999996973,-0.0009999439999996973,true,[]
"""candidate-matched-2""",86,6,86,3600,1000,false,1060894.5310168753,1060894.5310427085,1060894.6497718752,1060894.6880631668,9,-0.037333276000000026,0.11872916668653488,2,5777024,425558016,0.0992735,0.016077458,291576650,"""audited unique match""",1,259,3,88,3.6,1060894.6641176252,true,3.61066661,3.61066661,3.61066661,89,false,-0.01066660999999991,-0.01066660999999991,true,[]
"""candidate-matched-2""",87,6,87,3633,1000,false,1060894.6804084585,1060894.680435417,1060894.810009542,1060894.8380627502,8,-0.04699994200000024,0.12957412493415177,2,5777024,425574400,0.109016125,0.015445709,291576650,"""audited unique match""",1,261,3,89,3.633,1060894.8147148336,true,3.637333276,3.637333276,3.637333276,90,false,-0.004333276000000108,-0.004333276000000108,true,[]
"""candidate-matched-2""",88,6,88,3667,1000,false,1060894.8310240419,1060894.831047417,1060894.9393361253,1060894.971395667,9,-0.0396666080000001,0.10828870837576687,2,5777024,425574400,0.089220084,0.015311875,291576650,"""audited unique match""",1,263,3,90,3.667,1060894.9473460836,true,3.6799999420000002,3.6799999420000002,3.6799999420000002,91,false,-0.01299994200000043,-0.01299994200000043,true,[]
"""candidate-matched-2""",89,6,89,3700,1000,false,1060894.9645514586,1060894.9645763752,1060895.0931280418,1060895.1213952503,9,-0.03333327499999994,0.12855166662484407,2,5777024,425590784,0.110686167,0.014676334,291576650,"""audited unique match""",1,265,3,91,3.7,1060895.0973887085,true,3.706666608,3.706666608,3.706666608,92,false,-0.006666607999999741,-0.006666607999999741,true,[]
"""candidate-matched-2""",90,6,90,3733,1000,false,1060895.1138228753,1060895.1138542502,1060895.2328100835,1060895.2713947503,8,-0.04299994100000015,0.11895583337172866,2,5777024,424689664,0.097638708,0.01768425,291576650,"""audited unique match""",1,267,3,92,3.733,1060895.247457167,true,3.733333275,3.733333275,3.733333275,93,false,-0.00033327500000002175,-0.00033327500000002175,true,[]
"""candidate-matched-2""",91,6,91,3767,1000,false,1060895.2638809585,1060895.2639190003,1060895.3770100002,1060895.4047277085,8,-0.03566660700000002,0.11309099989011884,2,5777024,425328640,0.091908917,0.015401459,291576650,"""audited unique match""",1,270,3,93,3.767,1060895.3807375836,true,3.7759999410000002,3.7759999410000002,3.7759999410000002,94,false,-0.008999941000000344,-0.008999941000000344,true,[]
"""candidate-matched-2""",92,6,92,3800,1000,false,1060895.3971812918,1060895.3972134169,1060895.5070847087,1060895.5380605836,8,-0.04533327300000023,0.10987129178829491,2,5777024,425443328,0.091911125,0.014554791,291576650,"""audited unique match""",1,272,3,94,3.8,1060895.513966292,true,3.802666607,3.802666607,3.802666607,95,false,-0.0026666070000000985,-0.0026666070000000985,true,[]
"""candidate-matched-2""",93,6,93,3833,1000,false,1060895.5304102502,1060895.530437042,1060895.6462015002,1060895.6713935835,10,-0.038999938999999983,0.11576445819810033,2,5777024,425492480,0.096091583,0.016513833,291576650,"""audited unique match""",1,274,3,95,3.833,1060895.6481154587,true,3.845333273,3.845333273,3.845333273,96,false,-0.012333272999999867,-0.012333272999999867,true,[]
"""candidate-matched-2""",94,6,94,3867,1000,false,1060895.6637746668,1060895.6638037085,1060895.7988127503,1060895.8380597085,10,-0.049680854857514944,0.13500904175452888,2,5777024,425558016,0.114954958,0.016745208,291576650,"""audited unique match""",1,276,3,96,3.867,1060895.8140114169,true,3.871999939,3.871999939,3.871999939,97,false,-0.004999939000000175,-0.004999939000000175,true,[]
"""candidate-matched-2""",95,6,95,3900,1000,false,1060895.8310699586,1060895.831096167,1060895.949328542,1060896.004725917,10,-0.04133327100000006,0.11823237501084805,2,5777024,425574400,0.098155084,0.01648975,291576650,"""audited unique match""",1,279,3,97,3.9,1060895.9807617918,true,3.909333272,3.909333272,3.909333272,98,false,-0.009333272000000115,-0.009333272000000115,true,[]
"""candidate-matched-2""",96,6,96,3933,1000,false,1060895.997773167,1060895.9978095419,1060896.1365070837,1060896.1797253336,9,-0.03499993800000034,0.13869754178449512,2,5777024,425590784,0.117185041,0.015166,291576650,"""audited unique match""",1,281,3,98,3.933,1060896.1473273751,true,3.941333271,3.941333271,3.941333271,99,false,-0.008333271000000142,-0.008333271000000142,true,[]
"""candidate-matched-2""",97,6,97,3967,1000,false,1060896.1637928335,1060896.1638226253,1060896.2944762502,1060896.3213915837,9,-0.043666603999999776,0.1306536248885095,2,5777024,425590784,0.108847708,0.018471542,291576650,"""audited unique match""",1,283,3,99,3.967,1060896.2973351253,true,3.967999938,3.967999938,3.967999938,100,false,-0.000999938000000089,-0.000999938000000089,true,[]
"""candidate-matched-2""",98,6,98,4000,1000,false,1060896.3143495002,1060896.3143724168,1060896.4316789168,1060896.4713911251,9,-0.03733327000000042,0.11730649997480214,2,5777024,425607168,0.099829458,0.013983,291576650,"""audited unique match""",1,286,3,100,4.0,1060896.4473457085,true,4.010666604,4.010666604,4.010666604,101,false,-0.010666603999999857,-0.010666603999999857,true,[]
"""candidate-matched-2""",99,6,99,4033,1000,false,1060896.4646017086,1060896.4646311253,1060896.5867887086,1060896.6297239587,8,-0.04699993599999974,0.12215758324600756,2,5777024,427737088,0.102819458,0.012866292,291576650,"""audited unique match""",1,288,3,101,4.033,1060896.5972656251,true,4.03733327,4.03733327,4.03733327,102,false,-0.004333270000000056,-0.004333270000000056,true,[]
"""candidate-matched-2""",100,6,100,4067,1000,false,1060896.6137595002,1060896.6137883335,1060896.7210410002,1060896.7547236253,8,-0.03966660199999961,0.10725266672670841,2,5777024,427900928,0.089121167,0.014799875,291576650,"""audited unique match""",1,290,3,102,4.067,1060896.730593167,true,4.079999936,4.079999936,4.079999936,103,false,-0.012999935999999934,-0.012999935999999934,true,[]
"""candidate-matched-2""",101,6,101,4100,1000,false,1060896.747148667,1060896.7471760835,1060896.8594946668,1060896.8963898753,8,-0.03333326800000069,0.11231858329847455,2,5777024,427917312,0.094911208,0.012928334,291576650,"""audited unique match""",1,292,3,103,4.1,1060896.8646791668,true,4.106666602,4.106666602,4.106666602,104,false,-0.0066666020000001325,-0.0066666020000001325,true,[]
"""candidate-matched-2""",102,6,102,4133,1000,false,1060896.8804679585,1060896.8804948335,1060896.9819307919,1060897.0297227919,8,-0.04299993400000002,0.10143595840781927,2,5777024,428015616,0.083935042,0.0143675,291576650,"""audited unique match""",1,294,3,104,4.133,1060896.9972767502,true,4.133333268,4.133333268,4.133333268,105,false,-0.00033326800000033074,-0.00033326800000033074,true,[]
"""candidate-matched-2""",103,6,103,4167,1000,false,1060897.0137999586,1060897.0138270003,1060897.114057917,1060897.154722417,7,-0.035666600999999964,0.10023091663606465,2,5777024,428032000,0.082206791,0.01490925,291576650,"""audited unique match""",1,296,3,105,4.167,1060897.1305817503,true,4.175999934,4.175999934,4.175999934,106,false,-0.00899993400000021,-0.00899993400000021,true,[]
"""candidate-matched-2""",104,6,104,4200,1000,false,1060897.1471118752,1060897.1471363753,1060897.2436531251,1060897.2713887503,7,-0.04533326700000018,0.0965167498216033,2,5777024,428064768,0.0756325,0.01567875,291576650,"""audited unique match""",1,298,3,106,4.2,1060897.2473127919,true,4.202666601,4.202666601,4.202666601,107,false,-0.002666600999999602,-0.002666600999999602,true,[]
"""candidate-matched-2""",105,6,105,4233,1000,false,1060897.2638127087,1060897.2638399585,1060897.360289167,1060897.3880550836,8,-0.038999933000000375,0.09644920844584703,2,5777024,428113920,0.075740416,0.016732167,291576650,"""audited unique match""",1,301,3,107,4.233,1060897.3644630003,true,4.245333267,4.245333267,4.245333267,108,false,-0.012333267000000703,-0.012333267000000703,true,[]
"""candidate-matched-2""",106,6,106,4267,1000,false,1060897.3809965001,1060897.3810164586,1060897.4906287503,1060897.5213880003,10,-0.05015647389938671,0.10961229167878628,2,5777024,428163072,0.094225084,0.012414833,291576650,"""audited unique match""",1,303,3,108,4.267,1060897.4972300003,true,4.271999933,4.271999933,4.271999933,109,false,-0.004999932999999679,-0.004999932999999679,true,[]
"""candidate-matched-2""",107,6,107,4300,1000,false,1060897.5137855003,1060897.5138110418,1060897.6320741253,1060897.688054167,8,-0.04133326500000045,0.11826308351010084,2,5777024,428179456,0.1014105,0.013379958,291576650,"""audited unique match""",1,306,3,109,4.3,1060897.6638035835,true,4.309333266,4.309333266,4.309333266,110,false,-0.009333266000000506,-0.009333266000000506,true,[]
"""candidate-matched-2""",108,6,108,4333,1000,false,1060897.6804223752,1060897.6804552919,1060897.7906065418,1060897.8213870835,8,-0.03499993099999976,0.1101512499153614,2,5777024,428179456,0.087272333,0.019770083,291576650,"""audited unique match""",1,308,3,110,4.333,1060897.7971602501,true,4.341333265,4.341333265,4.341333265,111,false,-0.00833326500000009,-0.00833326500000009,true,[]
"""candidate-matched-2""",109,6,109,4367,1000,false,1060897.814511167,1060897.8145347086,1060897.9173307503,1060897.9547200836,8,-0.04366659699999964,0.10279604163952172,2,5777024,428195840,0.086288625,0.013253042,291576650,"""audited unique match""",1,310,3,111,4.367,1060897.9313126253,true,4.367999931,4.367999931,4.367999931,112,false,-0.000999930999999954,-0.000999930999999954,true,[]
"""candidate-matched-2""",110,6,110,4400,1000,false,1060897.9477284169,1060897.9477528753,1060898.0621396669,1060898.0880529585,9,-0.03733326399999992,0.11438679159618914,2,5777024,428228608,0.094085208,0.016838375,291576650,"""audited unique match""",1,312,3,112,4.4,1060898.0638654586,true,4.410666597,4.410666597,4.410666597,113,false,-0.010666596999999278,-0.010666596999999278,true,[]
"""candidate-matched-2""",111,6,111,4433,1000,false,1060898.0803851252,1060898.0804090002,1060898.2055520003,1060898.2380525419,8,-0.046999930000000134,0.12514300015754998,2,5777024,428228608,0.105200875,0.016598958,291576650,"""audited unique match""",1,314,3,113,4.433,1060898.2138410835,true,4.437333264,4.437333264,4.437333264,114,false,-0.004333264000000447,-0.004333264000000447,true,[]
"""candidate-matched-2""",112,6,112,4467,1000,false,1060898.2304173752,1060898.2304455002,1060898.347287792,1060898.3713854586,7,-0.039666596,0.11684229178354144,2,5777024,428261376,0.096502375,0.016803208,291576650,"""audited unique match""",1,317,3,114,4.467,1060898.3478974586,true,4.47999993,4.47999993,4.47999993,115,false,-0.012999930000000326,-0.012999930000000326,true,[]
"""candidate-matched-2""",113,6,113,4500,1000,false,1060898.3645203752,1060898.3645464585,1060898.4629775002,1060898.488051792,8,-0.0333332620000002,0.0984310416970402,2,5777024,428326912,0.081905959,0.013368083,291576650,"""audited unique match""",1,319,3,115,4.5,1060898.4644534169,true,4.506666596,4.506666596,4.506666596,116,false,-0.006666595999999636,-0.006666595999999636,true,[]
"""candidate-matched-2""",114,6,114,4533,1000,false,1060898.4804500835,1060898.4804759587,1060898.586791917,1060898.6213847087,9,-0.04299992799999952,0.10631595831364393,2,5777024,428425216,0.088540875,0.014978,291576650,"""audited unique match""",1,321,3,116,4.533,1060898.5978527502,true,4.533333262,4.533333262,4.533333262,117,false,-0.0003332619999998343,-0.0003332619999998343,true,[]
"""candidate-matched-2""",115,6,115,4567,1000,false,1060898.6143310003,1060898.6143595835,1060898.732231542,1060898.7713842501,9,-0.03566659400000027,0.11787195852957666,2,5777024,428408832,0.100085667,0.014461334,291576650,"""audited unique match""",1,323,3,117,4.567,1060898.7471962501,true,4.575999928,4.575999928,4.575999928,118,false,-0.008999927999999713,-0.008999927999999713,true,[]
"""candidate-matched-2""",116,6,116,4600,1000,false,1060898.763792167,1060898.763824917,1060898.8828299586,1060898.9297170418,10,-0.045333260000000486,0.11900504166260362,2,5777024,428408832,0.099444375,0.016112958,291576650,"""audited unique match""",1,325,3,118,4.6,1060898.8971848753,true,4.602666594,4.602666594,4.602666594,119,false,-0.0026665940000007993,-0.0026665940000007993,true,[]
"""candidate-matched-2""",117,6,117,4633,1000,false,1060898.9137437502,1060898.913771417,1060899.0555540419,1060899.0880499168,8,-0.03899992699999988,0.14178262487985194,2,5777024,428572672,0.120371125,0.018082875,291576650,"""audited unique match""",1,327,3,119,4.633,1060899.0638110419,true,4.64533326,4.64533326,4.64533326,120,false,-0.012333260000000124,-0.012333260000000124,true,[]
"""candidate-matched-2""",118,6,118,4667,1000,false,1060899.0804465835,1060899.0804795418,1060899.1936760836,1060899.2213828752,9,-0.059117593176370775,0.11319654178805649,2,5777024,428589056,0.091345709,0.015291375,291576650,"""audited unique match""",1,329,3,120,4.667,1060899.1972962918,true,4.671999927,4.671999927,4.671999927,121,false,-0.004999927000000071,-0.004999927000000071,true,[]
"""candidate-matched-2""",119,6,119,4700,1000,false,1060899.2138407086,1060899.213881167,1060899.3198765002,1060899.371382417,8,-0.041333258999999956,0.10599533328786492,2,5777024,428621824,0.086104125,0.013430125,291576650,"""audited unique match""",1,332,3,121,4.7,1060899.347309667,true,4.709333259,4.709333259,4.709333259,122,false,-0.009333258999999927,-0.009333258999999927,true,[]
"""candidate-matched-2""",120,6,120,4733,1000,false,1060899.363905167,1060899.363941042,1060899.4771253753,1060899.5047153751,8,-0.034999925000000154,0.1131843333132565,2,5777024,428638208,0.093043666,0.014415917,291576650,"""audited unique match""",1,335,3,122,4.733,1060899.4805602087,true,4.741333259,4.741333259,4.741333259,123,false,-0.008333259000000481,-0.008333259000000481,true,[]
"""candidate-matched-2""",121,6,121,4767,1000,false,1060899.4971174586,1060899.4971460002,1060899.6000926252,1060899.6380483336,8,-0.04366659100000003,0.1029466250911355,2,5777024,428638208,0.086930625,0.012982291,291576650,"""audited unique match""",1,337,3,123,4.767,1060899.6146315837,true,4.767999925,4.767999925,4.767999925,124,false,-0.0009999249999994575,-0.0009999249999994575,true,[]
"""candidate-matched-2""",122,6,122,4800,1000,false,1060899.631066667,1060899.6310957086,1060899.7472224585,1060899.7713812087,9,-0.03733325700000023,0.1161267498973757,2,5777024,428556288,0.099926583,0.012885708,291576650,"""audited unique match""",1,339,3,124,4.8,1060899.7477953753,true,4.810666591,4.810666591,4.810666591,125,false,-0.010666591000000558,-0.010666591000000558,true,[]
"""candidate-matched-2""",123,6,123,4833,1000,false,1060899.7637994585,1060899.7638248336,1060899.8811253335,1060899.9213807918,9,-0.046999922999999555,0.11730049992911518,2,5777024,426196992,0.099323208,0.0147895,291576650,"""audited unique match""",1,341,3,125,4.833,1060899.897241792,true,4.837333257,4.837333257,4.837333257,126,false,-0.004333256999999868,-0.004333256999999868,true,[]
"""candidate-matched-2""",124,6,124,4867,1000,false,1060899.9144535002,1060899.9144782086,1060900.0323372502,1060900.0713804169,9,-0.03966659000000039,0.11785904155112803,2,5777024,425754624,0.099746417,0.01483925,291576650,"""audited unique match""",1,343,3,126,4.867,1060900.0478720001,true,4.879999923,4.879999923,4.879999923,127,false,-0.012999922999999747,-0.012999922999999747,true,[]
"""candidate-matched-2""",125,6,125,4900,1000,false,1060900.063791792,1060900.0638216669,1060900.1977875836,1060900.2213799169,8,-0.0333332559999997,0.13396591669879854,2,5777024,426229760,0.110345834,0.020116166,291576650,"""audited unique match""",1,345,3,127,4.9,1060900.1979640836,true,4.90666659,4.90666659,4.90666659,128,false,-0.006666590000000028,-0.006666590000000028,true,[]
"""candidate-matched-2""",126,6,126,4933,1000,false,1060900.2138437503,1060900.213881542,1060900.3230758335,1060900.3547127503,8,-0.04299992199999991,0.10919429152272642,2,5777024,425213952,0.090309625,0.015676417,291576650,"""audited unique match""",1,347,3,128,4.933,1060900.331170792,true,4.933333256,4.933333256,4.933333256,129,false,-0.00033325600000022604,-0.00033325600000022604,true,[]
"""candidate-matched-2""",127,6,127,4967,1000,false,1060900.347169292,1060900.3472038752,1060900.4640970002,1060900.4880457502,8,-0.035666588000000665,0.11689312499947846,2,5777024,426065920,0.099619167,0.014149708,291576650,"""audited unique match""",1,350,3,129,4.967,1060900.4646170002,true,4.975999922,4.975999922,4.975999922,130,false,-0.008999922000000105,-0.008999922000000105,true,[]
"""candidate-matched-2""",128,6,128,5000,1000,false,1060900.4812347502,1060900.4812580836,1060900.585571667,1060900.6297120003,8,-0.04533325399999999,0.10431358334608376,2,5777024,426082304,0.088604834,0.012577625,291576650,"""audited unique match""",1,352,3,130,5.0,1060900.5971660835,true,5.002666588,5.002666588,5.002666588,131,false,-0.002666588000000303,-0.002666588000000303,true,[]
"""candidate-matched-2""",129,6,129,5033,1000,false,1060900.6137005836,1060900.6137257086,1060900.7295241253,1060900.7547116252,8,-0.0389999199999993,0.11579841678030789,2,5777024,426098688,0.096930708,0.015686458,291576650,"""audited unique match""",1,354,3,131,5.033,1060900.7305350003,true,5.045333254,5.045333254,5.045333254,132,false,-0.012333253999999627,-0.012333253999999627,true,[]
"""candidate-matched-2""",130,6,130,5067,1000,false,1060900.747106917,1060900.7471352501,1060900.8571068335,1060900.888044542,8,-0.05914950360100235,0.10997158335521817,2,5777024,426115072,0.0905395,0.016318625,291576650,"""audited unique match""",1,356,3,132,5.067,1060900.8639684168,true,5.07199992,5.07199992,5.07199992,133,false,-0.0049999199999994914,-0.0049999199999994914,true,[]
"""candidate-matched-2""",131,6,131,5100,1000,false,1060900.8804387501,1060900.8804697085,1060900.970664417,1060901.0213775001,8,-0.04133325300000035,0.09019470843486488,2,5777024,426180608,0.0736345,0.013486292,291576650,"""audited unique match""",1,359,3,133,5.1,1060900.9972283752,true,5.109333253,5.109333253,5.109333253,134,false,-0.009333253000000319,-0.009333253000000319,true,[]
"""candidate-matched-2""",132,6,132,5133,1000,false,1060901.0137555837,1060901.0137825003,1060901.1193399169,1060901.1547103752,8,-0.03499991899999966,0.10555741656571627,2,5777024,426147840,0.086959667,0.01369325,291576650,"""audited unique match""",1,361,3,134,5.133,1060901.1304733336,true,5.141333253,5.141333253,5.141333253,135,false,-0.008333252999999985,-0.008333252999999985,true,[]
"""candidate-matched-2""",133,6,133,5167,1000,false,1060901.1479002503,1060901.147925417,1060901.2488393753,1060901.2963766253,9,-0.043666585000000424,0.10091395839117467,2,5777024,426196992,0.084112209,0.01362025,291576650,"""audited unique match""",1,363,3,135,5.167,1060901.263807417,true,5.167999919,5.167999919,5.167999919,136,false,-0.0009999189999998492,-0.0009999189999998492,true,[]
"""candidate-matched-2""",134,6,134,5200,1000,false,1060901.280388542,1060901.2804149585,1060901.3979447503,1060901.4380428751,7,-0.037333250999999734,0.11752979177981615,2,5777024,426278912,0.096676583,0.017549083,291576650,"""audited unique match""",1,366,3,136,5.2,1060901.4138625418,true,5.210666585,5.210666585,5.210666585,137,false,-0.010666585000000062,-0.010666585000000062,true,[]
"""candidate-matched-2""",135,6,135,5233,1000,false,1060901.430592042,1060901.430629917,1060901.5266665001,1060901.563042542,8,-0.04699991699999995,0.09603658318519592,2,5777024,426278912,0.076198125,0.015671458,291576650,"""audited unique match""",1,368,3,137,5.233,1060901.5306096668,true,5.237333251,5.237333251,5.237333251,138,false,-0.00433325100000026,-0.00433325100000026,true,[]
"""candidate-matched-2""",136,6,136,5267,1000,false,1060901.547090917,1060901.5471202503,1060901.651848417,1060901.6880421252,8,-0.03966658299999981,0.104728166712448,2,5777024,426295296,0.082923875,0.016981584,291576650,"""audited unique match""",1,370,3,138,5.267,1060901.664706917,true,5.279999917,5.279999917,5.279999917,139,false,-0.01299991699999925,-0.01299991699999925,true,[]
"""candidate-matched-2""",137,6,137,5300,1000,false,1060901.6804268751,1060901.6804530835,1060901.792764417,1060901.8213750836,8,-0.03333325000000009,0.11231133341789246,2,5777024,426311680,0.091046166,0.016734958,291576650,"""audited unique match""",1,372,3,139,5.3,1060901.7971304585,true,5.306666583,5.306666583,5.306666583,140,false,-0.006666583000000337,-0.006666583000000337,true,[]
"""candidate-matched-2""",138,6,138,5333,1000,false,1060901.8137088337,1060901.813735917,1060901.9219129586,1060901.9547080419,7,-0.042999915999999416,0.10817704163491726,2,5777024,426311680,0.08884175,0.015975125,291576650,"""audited unique match""",1,374,3,140,5.333,1060901.9306545418,true,5.33333325,5.33333325,5.33333325,141,false,-0.0003332499999997296,-0.0003332499999997296,true,[]
"""candidate-matched-2""",139,6,139,5367,1000,false,1060901.9472256252,1060901.9472710418,1060902.0463420001,1060902.0713743751,8,-0.03566658200000017,0.09907095832750201,2,5777024,426311680,0.076810084,0.017397125,291576650,"""audited unique match""",1,376,3,141,5.367,1060902.0478867085,true,5.375999916,5.375999916,5.375999916,142,false,-0.008999915999999608,-0.008999915999999608,true,[]
"""candidate-matched-2""",140,6,140,5400,1000,false,1060902.0638142086,1060902.0638452086,1060902.164997042,1060902.2047072502,8,-0.04533324799999949,0.1011518333107233,2,5777024,426328064,0.08465425,0.013437625,291576650,"""audited unique match""",1,378,3,142,5.4,1060902.1805412502,true,5.402666582,5.402666582,5.402666582,143,false,-0.0026665819999998064,-0.0026665819999998064,true,[]
"""candidate-matched-2""",141,6,141,5433,1000,false,1060902.1976738751,1060902.1976980418,1060902.311614042,1060902.3380402087,8,-0.03899991400000058,0.11391600011847913,2,5777024,426328064,0.098844042,0.012000042,291576650,"""audited unique match""",1,380,3,143,5.433,1060902.3144612086,true,5.445333248,5.445333248,5.445333248,144,false,-0.012333248000000019,-0.012333248000000019,true,[]
"""candidate-matched-2""",142,6,142,5467,1000,false,1060902.3310505003,1060902.3310762502,1060902.446747792,1060902.4797064168,9,-0.05039433005176708,0.11567154177464545,2,5777024,426328064,0.100867458,0.011760458,291576650,"""audited unique match""",1,383,3,144,5.467,1060902.4472247919,true,5.471999914,5.471999914,5.471999914,145,false,-0.004999914000000771,-0.004999914000000771,true,[]
"""candidate-matched-2""",143,6,143,5500,1000,false,1060902.4637549168,1060902.4637782918,1060902.5804095003,1060902.621372667,9,-0.04133324599999977,0.11663120845332742,2,5777024,426409984,0.097898417,0.015486625,291576650,"""audited unique match""",1,386,3,145,5.5,1060902.597210042,true,5.509333247,5.509333247,5.509333247,146,false,-0.009333246999999822,-0.009333246999999822,true,[]
"""candidate-matched-2""",144,6,144,5533,1000,false,1060902.6141487085,1060902.6141748752,1060902.741088917,1060902.7713722503,8,-0.03499991299999916,0.12691404181532562,2,5777024,426475520,0.112032959,0.01185925,291576650,"""audited unique match""",1,388,3,146,5.533,1060902.7478339586,true,5.541333246,5.541333246,5.541333246,147,false,-0.008333245999999406,-0.008333245999999406,true,[]
"""candidate-matched-2""",145,6,145,5567,1000,false,1060902.7643024586,1060902.7643242085,1060902.8774088335,1060902.9047051668,10,-0.04366657899999993,0.1130846249870956,2,5777024,426475520,0.097608583,0.012073167,291576650,"""audited unique match""",1,390,3,147,5.567,1060902.8813888752,true,5.5679999129999995,5.5679999129999995,5.5679999129999995,148,false,-0.0009999129999993528,-0.0009999129999993528,true,[]
"""candidate-matched-2""",146,6,146,5600,1000,false,1060902.897887792,1060902.8979186253,1060903.039240167,1060903.0713713337,8,-0.037333245000000126,0.14132154174149036,2,5777024,426508288,0.122285584,0.015609125,291576650,"""audited unique match""",1,392,3,148,5.6,1060903.0471576252,true,5.610666579,5.610666579,5.610666579,149,false,-0.010666579000000453,-0.010666579000000453,true,[]
"""candidate-matched-2""",147,6,147,5633,1000,false,1060903.0637105836,1060903.0637353335,1060903.1720057086,1060903.2047042085,9,-0.04699991100000034,0.10827037505805492,2,5777024,426541056,0.087625416,0.017329917,291576650,"""audited unique match""",1,394,3,149,5.633,1060903.1804855836,true,5.637333245,5.637333245,5.637333245,150,false,-0.0043332449999997635,-0.0043332449999997635,true,[]
"""candidate-matched-2""",148,6,148,5667,1000,false,1060903.1970411253,1060903.1970738752,1060903.3242293752,1060903.3547039586,8,-0.0396665770000002,0.12715549999848008,2,5777024,426541056,0.106963834,0.016751,291576650,"""audited unique match""",1,396,3,150,5.667,1060903.3305317918,true,5.679999911,5.679999911,5.679999911,151,false,-0.01299991100000053,-0.01299991100000053,true,[]
"""candidate-matched-2""",149,6,149,5700,1000,false,1060903.3470714586,1060903.3470975836,1060903.4605450835,1060903.4880367087,10,-0.03333324299999951,0.11344749992713332,2,5777024,426557440,0.088425291,0.019550875,291576650,"""audited unique match""",1,399,3,151,5.7,1060903.4638489168,true,5.706666577,5.706666577,5.706666577,152,false,-0.00666657699999984,-0.00666657699999984,true,[]
"""candidate-matched-2""",150,6,150,5733,1000,false,1060903.4809276252,1060903.4809495003,1060903.6158076252,1060903.6547028336,8,-0.04299990900000061,0.13485812488943338,2,5777024,426524672,0.114525834,0.017173292,291576650,"""audited unique match""",1,402,3,152,5.733,1060903.6312540835,true,5.733333243,5.733333243,5.733333243,153,false,-0.0003332430000000386,-0.0003332430000000386,true,[]
"""candidate-matched-2""",151,6,151,5767,1000,false,1060903.6471521251,1060903.647185792,1060903.756840292,1060903.7880358335,10,-0.03566657599999967,0.10965449991635978,2,5777024,426524672,0.085843834,0.018357625,291576650,"""audited unique match""",1,404,3,153,5.767,1060903.7639975003,true,5.775999909,5.775999909,5.775999909,154,false,-0.008999908999999917,-0.008999908999999917,true,[]
"""candidate-matched-2""",152,6,152,5800,1000,false,1060903.7808653752,1060903.7809059585,1060903.9412883753,1060903.9797018336,9,-0.045333241999999885,0.16038241679780185,2,5777024,421380096,0.13271475,0.019742875,291576650,"""audited unique match""",1,406,3,154,5.8,1060903.948947917,true,5.802666576,5.802666576,5.802666576,155,false,-0.002666576000000198,-0.002666576000000198,true,[]
"""candidate-matched-2""",153,6,153,5833,1000,false,1060903.963809542,1060903.9638423335,1060904.0934715003,1060904.1213681253,8,-0.03899990800000008,0.12962916679680347,2,5777024,423641088,0.102532792,0.02057675,291576650,"""audited unique match""",1,408,3,155,5.833,1060904.0981467087,true,5.845333242,5.845333242,5.845333242,156,false,-0.012333241999999522,-0.012333241999999522,true,[]
"""candidate-matched-2""",154,6,154,5867,1000,false,1060904.1138404587,1060904.1140078753,1060904.218587292,1060904.2547010418,9,-0.05125315736661751,0.10457941656932235,2,5777024,424542208,0.083673292,0.016744333,291576650,"""audited unique match""",1,410,3,156,5.867,1060904.2308867085,true,5.871999908,5.871999908,5.871999908,157,false,-0.004999908000000275,-0.004999908000000275,true,[]
"""candidate-matched-2""",155,6,155,5900,1000,false,1060904.2471012087,1060904.2471303337,1060904.3561646668,1060904.4047005835,8,-0.04133323999999927,0.10903433314524591,2,5777024,424706048,0.091715333,0.013742833,291576650,"""audited unique match""",1,413,3,157,5.9,1060904.3812104168,true,5.909333241,5.909333241,5.909333241,158,false,-0.009333240999999326,-0.009333240999999326,true,[]
"""candidate-matched-2""",156,6,156,5933,1000,false,1060904.3978587086,1060904.397885792,1060904.504351167,1060904.538033542,9,-0.03499990600000036,0.10646537505090237,2,5777024,424886272,0.089680208,0.013180375,291576650,"""audited unique match""",1,416,3,158,5.933,1060904.5139263335,true,5.94133324,5.94133324,5.94133324,159,false,-0.008333239999999797,-0.008333239999999797,true,[]
"""candidate-matched-2""",157,6,157,5967,1000,false,1060904.5303956252,1060904.5304253753,1060904.659768417,1060904.6880330835,8,-0.04366657200000024,0.12934304168447852,2,5777024,424935424,0.110852583,0.014996459,291576650,"""audited unique match""",1,418,3,159,5.967,1060904.6639379587,true,5.967999906,5.967999906,5.967999906,160,false,-0.00099990600000055,-0.00099990600000055,true,[]
"""candidate-matched-2""",158,6,158,6000,1000,false,1060904.680442917,1060904.6804741253,1060904.7974812503,1060904.8213660002,8,-0.03733323899999963,0.11700712493620813,2,5777024,425574400,0.0990695,0.014325541,291576650,"""audited unique match""",1,420,3,160,6.0,1060904.7978140835,true,6.010666572,6.010666572,6.010666572,161,false,-0.010666571999999874,-0.010666571999999874,true,[]
"""candidate-matched-2""",159,6,159,6033,1000,false,1060904.8177960836,1060904.8178292501,1060904.989369792,1060905.021365417,9,-0.04699990499999984,0.17154054180718958,2,5777024,426377216,0.150478375,0.017085833,291576650,"""audited unique match""",1,425,3,161,6.033,1060904.9973466669,true,6.037333239,6.037333239,6.037333239,162,false,-0.004333238999999267,-0.004333238999999267,true,[]
"""candidate-matched-2""",160,6,160,6067,1000,false,1060905.0137945418,1060905.0138230002,1060905.1389100002,1060905.1713650003,9,-0.039666570999999706,0.125086999963969,2,5777024,426803200,0.0950135,0.020636667,291576650,"""audited unique match""",1,427,3,162,6.067,1060905.1473065836,true,6.079999905,6.079999905,6.079999905,163,false,-0.012999905000000034,-0.012999905000000034,true,[]
"""candidate-matched-2""",161,6,161,6100,1000,false,1060905.1637857503,1060905.1638132085,1060905.2826866668,1060905.3296978336,9,-0.03333323700000079,0.1188734583556652,2,5777024,427442176,0.090407625,0.023078875,291576650,"""audited unique match""",1,429,3,163,6.1,1060905.2976468753,true,6.106666571,6.106666571,6.106666571,164,false,-0.006666571000000232,-0.006666571000000232,true,[]
"""candidate-matched-2""",162,6,162,6133,1000,false,1060905.313826792,1060905.3138547502,1060905.4332533337,1060905.479697292,8,-0.04299990300000012,0.11939858342520893,2,5777024,428425216,0.088057542,0.018446,291576650,"""audited unique match""",1,431,3,164,6.133,1060905.4476440835,true,6.133333237,6.133333237,6.133333237,165,false,-0.00033323700000043033,-0.00033323700000043033,true,[]
"""candidate-matched-2""",163,6,163,6167,1000,false,1060905.4641914587,1060905.4642345835,1060905.5737087503,1060905.6046969169,10,-0.03566656899999998,0.10947416676208377,2,5777024,429850624,0.076562167,0.02689075,291576650,"""audited unique match""",1,433,3,165,6.167,1060905.5808256252,true,6.175999903,6.175999903,6.175999903,166,false,-0.008999903000000309,-0.008999903000000309,true,[]
"""candidate-matched-2""",164,6,164,6200,1000,false,1060905.5972426669,1060905.5972809587,1060905.733221167,1060905.7713630835,9,-0.045333235000000194,0.1359402083326131,2,5777024,429572096,0.097052917,0.021573583,291576650,"""audited unique match""",1,435,3,166,6.2,1060905.7477370836,true,6.202666569,6.202666569,6.202666569,167,false,-0.002666568999999619,-0.002666568999999619,true,[]
"""candidate-matched-2""",165,6,165,6233,1000,false,1060905.763910542,1060905.763948042,1060905.8826675003,1060905.9213626669,7,-0.038999902000000475,0.11871945834718645,2,5777024,429342720,0.085542875,0.024735833,291576650,"""audited unique match""",1,438,3,167,6.233,1060905.8974005003,true,6.245333235,6.245333235,6.245333235,168,false,-0.01233323500000072,-0.01233323500000072,true,[]
"""candidate-matched-2""",166,6,166,6267,1000,false,1060905.9145638752,1060905.9146343751,1060906.0044852085,1060906.0380289585,7,-0.05076348454145663,0.08985083340667188,2,5777024,429637632,0.069033708,0.015174208,291576650,"""audited unique match""",1,440,3,168,6.267,1060906.0139106668,true,6.271999902,6.271999902,6.271999902,169,false,-0.0049999019999997785,-0.0049999019999997785,true,[]
"""candidate-matched-2""",167,6,167,6300,1000,false,1060906.0304737503,1060906.0305030001,1060906.1128580002,1060906.1546952503,6,-0.04133323400000055,0.08235500007867813,2,5777024,429654016,0.064613167,0.01391975,291576650,"""audited unique match""",1,443,3,169,6.3,1060906.1305813335,true,6.309333234,6.309333234,6.309333234,170,false,-0.009333234000000523,-0.009333234000000523,true,[]
"""candidate-matched-2""",168,6,168,6333,1000,false,1060906.1477062502,1060906.1477310837,1060906.2255705835,1060906.254694917,6,-0.03499989999999986,0.07783949980512261,2,5777024,429654016,0.061714792,0.011919167,291576650,"""audited unique match""",1,445,3,170,6.333,1060906.2305171252,true,6.341333234,6.341333234,6.341333234,171,false,-0.00833323400000019,-0.00833323400000019,true,[]
"""candidate-matched-2""",169,6,169,6367,1000,false,1060906.2476389585,1060906.2476608753,1060906.3285757503,1060906.3546946251,7,-0.04366656599999974,0.08091487502679229,2,5777024,429670400,0.066312458,0.01183725,291576650,"""audited unique match""",1,447,3,171,6.367,1060906.3310872086,true,6.3679999,6.3679999,6.3679999,172,false,-0.0009999000000000535,-0.0009999000000000535,true,[]
"""candidate-matched-2""",170,6,170,6400,1000,false,1060906.3471484585,1060906.3471704586,1060906.4389377085,1060906.4713609586,7,-0.03733323199999994,0.09176724986173213,2,5777024,429670400,0.077450625,0.011585541,291576650,"""audited unique match""",1,449,3,172,6.4,1060906.447874917,true,6.410666566,6.410666566,6.410666566,173,false,-0.010666565999999378,-0.010666565999999378,true,[]
"""candidate-matched-2""",171,6,171,6433,1000,false,1060906.4640844585,1060906.4641102087,1060906.5482977086,1060906.5880272086,8,-0.04699989800000015,0.08418749994598329,2,5777024,429637632,0.06800225,0.012362666,291576650,"""audited unique match""",1,451,3,173,6.433,1060906.5640796253,true,6.437333232,6.437333232,6.437333232,174,false,-0.004333232000000464,-0.004333232000000464,true,[]
"""candidate-matched-2""",172,6,172,6467,1000,false,1060906.5809513335,1060906.5809797086,1060906.696683792,1060906.729693417,9,-0.0396665650000001,0.11570408334955573,2,5777024,429719552,0.088684,0.023983792,291576650,"""audited unique match""",1,453,3,174,6.467,1060906.6975806253,true,6.479999898,6.479999898,6.479999898,175,false,-0.012999898000000343,-0.012999898000000343,true,[]
"""candidate-matched-2""",173,6,173,6500,1000,false,1060906.7139616252,1060906.7140123753,1060906.8359393752,1060906.8796930003,7,-0.033333231000000296,0.12192699988372624,2,5777024,429735936,0.073633917,0.033283042,291576650,"""audited unique match""",1,455,3,175,6.5,1060906.847234167,true,6.506666565,6.506666565,6.506666565,176,false,-0.006666564999999736,-0.006666564999999736,true,[]
"""candidate-matched-2""",174,6,174,6533,1000,false,1060906.8644302918,1060906.8644547085,1060906.9568239169,1060906.9880259586,8,-0.04299989699999962,0.09236920834518969,2,5777024,429768704,0.059186375,0.022545584,291576650,"""audited unique match""",1,458,3,176,6.533,1060906.9638833753,true,6.533333231,6.533333231,6.533333231,177,false,-0.0003332309999999339,-0.0003332309999999339,true,[]
"""candidate-matched-2""",175,6,175,6567,1000,false,1060906.9804434169,1060906.9804675835,1060907.087980667,1060907.1296921668,9,-0.035666562999999485,0.10751308337785304,2,5777024,429506560,0.080197542,0.018427125,291576650,"""audited unique match""",1,460,3,177,6.567,1060907.0972522085,true,6.575999897,6.575999897,6.575999897,178,false,-0.008999896999999812,-0.008999896999999812,true,[]
"""candidate-matched-2""",176,6,176,6600,1000,false,1060907.113849167,1060907.113886542,1060907.2315599169,1060907.2713583335,7,-0.045333229000000586,0.11767337494529784,2,5777024,429604864,0.082713875,0.029403417,291576650,"""audited unique match""",1,462,3,178,6.6,1060907.2475120835,true,6.602666563,6.602666563,6.602666563,179,false,-0.0026665630000000107,-0.0026665630000000107,true,[]
"""candidate-matched-2""",177,6,177,6633,1000,false,1060907.2643902085,1060907.264417542,1060907.3554725002,1060907.3880246251,6,-0.038999894999999896,0.0910549582913518,2,5777024,429604864,0.071467791,0.01313675,291576650,"""audited unique match""",1,464,3,179,6.633,1060907.3645027503,true,6.645333229,6.645333229,6.645333229,180,false,-0.012333229000000223,-0.012333229000000223,true,[]
"""candidate-matched-2""",178,6,178,6667,1000,false,1060907.3804555836,1060907.3804833335,1060907.461888417,1060907.4880243335,7,-0.05002785361529227,0.08140508341602981,2,5777024,429621248,0.064290125,0.013576625,291576650,"""audited unique match""",1,466,3,180,6.667,1060907.4645248752,true,6.671999895,6.671999895,6.671999895,181,false,-0.0049998950000000875,-0.0049998950000000875,true,[]
"""candidate-matched-2""",179,6,179,6700,1000,false,1060907.480966917,1060907.4809862087,1060907.552343542,1060907.6046905837,6,-0.041333228000000055,0.07135733333416283,2,5777024,429637632,0.05736425,0.011414125,291576650,"""audited unique match""",1,469,3,181,6.7,1060907.5811014585,true,6.709333228,6.709333228,6.709333228,182,false,-0.009333228000000027,-0.009333228000000027,true,[]
"""candidate-matched-2""",180,6,180,6733,1000,false,1060907.597028792,1060907.597053292,1060907.6727844586,1060907.7046903335,6,-0.03499989400000025,0.07573116663843393,2,5777024,429654016,0.058078875,0.014253334,291576650,"""audited unique match""",1,471,3,182,6.733,1060907.6804736252,true,6.741333228,6.741333228,6.741333228,183,false,-0.008333228000000581,-0.008333228000000581,true,[]
"""candidate-matched-2""",181,6,181,6767,1000,false,1060907.697165167,1060907.6971849585,1060907.7742675836,1060907.8046899585,6,-0.043666559999999244,0.07708262512460351,2,5777024,429604864,0.06302825,0.011384375,291576650,"""audited unique match""",1,473,3,183,6.767,1060907.7804919586,true,6.767999894,6.767999894,6.767999894,184,false,-0.000999893999999557,-0.000999893999999557,true,[]
"""candidate-matched-2""",182,6,182,6800,1000,false,1060907.7976190837,1060907.7976360002,1060907.8715384586,1060907.9046896668,6,-0.03733322600000033,0.07390245841816068,2,5777024,429637632,0.058817291,0.011786125,291576650,"""audited unique match""",1,475,3,184,6.8,1060907.8804774585,true,6.81066656,6.81066656,6.81066656,185,false,-0.01066655999999977,-0.01066655999999977,true,[]
"""candidate-matched-2""",183,6,183,6833,1000,false,1060907.8970933752,1060907.897118917,1060907.973391292,1060908.0046893752,2,-0.038605268085025735,0.07627237495034933,2,5777024,429686784,0.060482416,0.012789541,291576650,"""audited unique match""",1,478,3,185,6.833,1060907.9805368753,true,6.837333226,6.837333226,6.837333226,186,false,-0.004333225999999968,-0.004333225999999968,true,[]
"""candidate-matched-3""",0,6,0,733,1000,true,1061682.5067522503,1061687.1329272501,1061687.7355319168,,0,,0.6026046667248011,1,2888512,443269120,0.372126084,0.008843416,291576650,"""audited unique match""",1,65,3,2,0.733,1061687.7522647085,true,0.730020822,0.730020822,0.730020822,5,false,0.0029791780000000267,0.0029791780000000267,false,"[""first activation or engine/playback epoch boundary"",""recorder marks completed frame warmup""]"
"""candidate-matched-3""",1,6,1,767,1000,true,1061687.7560867085,1061687.756147042,1061687.9693925418,,0,,0.21324549987912178,2,5777024,451854336,0.162868791,0.040786375,291576650,"""audited unique match""",1,69,3,3,0.767,1061687.9738834586,true,0.772687488,0.772687488,0.772687488,6,false,-0.005687487999999963,-0.005687487999999963,false,"[""recorder marks completed frame warmup""]"
"""candidate-matched-3""",2,6,2,800,1000,true,1061687.9900909169,1061687.9901143336,1061688.1555158335,,0,,0.1654014999512583,2,5777024,452198400,0.144003375,0.016951542,291576650,"""audited unique match""",1,73,3,4,0.8,1061688.1737587503,true,0.81002082,0.81002082,0.81002082,7,false,-0.01002081999999993,-0.01002081999999993,false,"[""recorder marks completed frame warmup""]"
"""candidate-matched-3""",3,6,3,833,1000,false,1061688.1901207503,1061688.1901500418,1061688.3465525836,,0,,0.15640254179015756,2,5777024,452247552,0.137848792,0.01461375,291576650,"""audited unique match""",1,76,3,5,0.833,1061688.3571397502,true,0.84202082,0.84202082,0.84202082,8,false,-0.00902082000000004,-0.00902082000000004,true,[]
"""candidate-matched-3""",4,6,4,867,1000,false,1061688.373482792,1061688.373514667,1061688.5309055836,,0,,0.1573909167200327,2,5777024,452313088,0.131968834,0.021001208,291576650,"""audited unique match""",1,79,3,6,0.867,1061688.5406207503,true,0.868687486,0.868687486,0.868687486,9,false,-0.0016874860000000158,-0.0016874860000000158,true,[]
"""candidate-matched-3""",5,6,5,900,1000,false,1061688.5568642085,1061688.5569115835,1061688.688573042,,0,,0.13166145840659738,2,5777024,452231168,0.113391334,0.014294584,291576650,"""audited unique match""",1,83,3,7,0.9,1061688.690467917,true,0.911354152,0.911354152,0.911354152,10,false,-0.011354152000000006,-0.011354152000000006,true,[]
"""candidate-matched-3""",6,6,6,933,1000,false,1061688.7067550002,1061688.7067818753,1061688.8365298335,,0,,0.1297479581553489,2,5777024,452395008,0.11276175,0.013378584,291576650,"""audited unique match""",1,86,3,8,0.933,1061688.8405358335,true,0.938020818,0.938020818,0.938020818,11,false,-0.0050208179999999825,-0.0050208179999999825,true,[]
"""candidate-matched-3""",7,6,7,967,1000,false,1061688.8568800837,1061688.8569132918,1061689.0147303336,,0,,0.1578170417342335,2,5777024,452558848,0.134694125,0.019610917,291576650,"""audited unique match""",1,90,3,9,0.967,1061689.040405667,true,0.975354151,0.975354151,0.975354151,12,false,-0.008354151000000032,-0.008354151000000032,true,[]
"""candidate-matched-3""",8,6,8,1000,1000,false,1061689.056730917,1061689.0567618753,1061689.2012440418,,0,,0.14448216650635004,2,5777024,454393856,0.125815375,0.015196416,291576650,"""audited unique match""",1,93,3,10,1.0,1061689.2071645418,true,1.007354151,1.007354151,1.007354151,13,false,-0.00735415099999992,-0.00735415099999992,true,[]
"""candidate-matched-3""",9,6,9,1033,1000,false,1061689.2234892503,1061689.2235225001,1061689.3562902503,,0,,0.13276775018312037,2,5777024,454017024,0.115638542,0.013271375,291576650,"""audited unique match""",1,96,3,11,1.033,1061689.3570972502,true,1.034020817,1.034020817,1.034020817,14,false,-0.0010208170000001182,-0.0010208170000001182,true,[]
"""candidate-matched-3""",10,6,10,1067,1000,false,1061689.3734402503,1061689.373467167,1061689.5019570836,,0,,0.12848991667851806,2,5777024,447889408,0.112577084,0.012668333,291576650,"""audited unique match""",1,99,3,12,1.067,1061689.5070795002,true,1.076687483,1.076687483,1.076687483,15,false,-0.009687482999999997,-0.009687482999999997,true,[]
"""candidate-matched-3""",11,6,11,1100,1000,false,1061689.5234405836,1061689.5234688336,1061689.6611020835,,0,,0.13763324986211956,2,5777024,447758336,0.1195235,0.014759958,291576650,"""audited unique match""",1,103,3,13,1.1,1061689.6737670836,true,1.103354149,1.103354149,1.103354149,16,false,-0.003354148999999973,-0.003354148999999973,true,[]
"""candidate-matched-3""",12,6,12,1133,1000,false,1061689.6901022086,1061689.6901280002,1061689.8167072085,,0,,0.12657920829951763,2,5777024,446365696,0.109494583,0.013761833,291576650,"""audited unique match""",1,106,3,14,1.133,1061689.823729042,true,1.146020815,1.146020815,1.146020815,17,false,-0.013020814999999963,-0.013020814999999963,true,[]
"""candidate-matched-3""",13,6,13,1167,1000,false,1061689.8400858336,1061689.840111917,1061689.9629515002,,0,,0.12283958331681788,2,5777024,447152128,0.107179041,0.012383875,291576650,"""audited unique match""",1,109,3,15,1.167,1061689.9742219169,true,1.172687481,1.172687481,1.172687481,18,false,-0.00568748100000005,-0.00568748100000005,true,[]
"""candidate-matched-3""",14,6,14,1200,1000,false,1061689.9901018753,1061689.9901259586,1061690.123405417,,0,,0.13327945838682353,2,5777024,447152128,0.1166445,0.012396,291576650,"""audited unique match""",1,113,3,16,1.2,1061690.1409047085,true,1.210020814,1.210020814,1.210020814,19,false,-0.010020813999999989,-0.010020813999999989,true,[]
"""candidate-matched-3""",15,6,15,1233,1000,false,1061690.1569900836,1061690.1570303752,1061690.2890607086,,0,,0.13203033339232206,2,5777024,447037440,0.111894084,0.015345958,291576650,"""audited unique match""",1,116,3,17,1.233,1061690.290787292,true,1.242020814,1.242020814,1.242020814,20,false,-0.009020813999999877,-0.009020813999999877,true,[]
"""candidate-matched-3""",16,6,16,1267,1000,false,1061690.3069663753,1061690.307004042,1061690.4510603752,,0,,0.14405633322894573,2,5777024,447102976,0.1167705,0.022566542,291576650,"""audited unique match""",1,119,3,18,1.267,1061690.4572070835,true,1.26868748,1.26868748,1.26868748,21,false,-0.0016874800000001855,-0.0016874800000001855,true,[]
"""candidate-matched-3""",17,6,17,1300,1000,false,1061690.4735140419,1061690.4735672502,1061690.624481167,,0,,0.1509139167610556,2,5777024,445595648,0.127275916,0.01883075,291576650,"""audited unique match""",1,123,3,19,1.3,1061690.640599292,true,1.311354146,1.311354146,1.311354146,22,false,-0.011354145999999954,-0.011354145999999954,true,[]
"""candidate-matched-3""",18,6,18,1333,1000,false,1061690.6568541252,1061690.6568973335,1061690.797376792,,0,,0.14047945849597454,2,5777024,446824448,0.116036334,0.019581459,291576650,"""audited unique match""",1,126,3,20,1.333,1061690.8070410418,true,1.338020812,1.338020812,1.338020812,23,false,-0.00502081199999993,-0.00502081199999993,true,[]
"""candidate-matched-3""",19,6,19,1367,1000,false,1061690.823496792,1061690.8235249585,1061690.9687547502,,0,,0.14522979175671935,2,5777024,445562880,0.123158292,0.0179995,291576650,"""audited unique match""",1,130,3,21,1.367,1061690.9905388337,true,1.375354145,1.375354145,1.375354145,24,false,-0.00835414499999998,-0.00835414499999998,true,[]
"""candidate-matched-3""",20,6,20,1400,1000,false,1061691.0067782085,1061691.0068048753,1061691.1355347503,,0,,0.1287298749666661,2,5777024,445956096,0.109475333,0.015492875,291576650,"""audited unique match""",1,133,3,22,1.4,1061691.1404557503,true,1.407354144,1.407354144,1.407354144,25,false,-0.007354144000000007,-0.007354144000000007,true,[]
"""candidate-matched-3""",21,6,21,1433,1000,false,1061691.1567935003,1061691.1568157086,1061691.2791620002,,0,,0.12234629155136645,2,5777024,446054400,0.104625291,0.014654834,291576650,"""audited unique match""",1,136,3,23,1.433,1061691.2903227918,true,1.434020811,1.434020811,1.434020811,26,false,-0.0010208109999998438,-0.0010208109999998438,true,[]
"""candidate-matched-3""",22,6,22,1467,1000,false,1061691.3067293752,1061691.3067553751,1061691.4294673335,,0,,0.12271195836365223,2,5777024,446070784,0.105109792,0.014528875,291576650,"""audited unique match""",1,139,3,24,1.467,1061691.440417542,true,1.476687477,1.476687477,1.476687477,27,false,-0.009687476999999944,-0.009687476999999944,true,[]
"""candidate-matched-3""",23,6,23,1500,1000,false,1061691.4567298752,1061691.4567550418,1061691.571826917,,0,,0.11507187504321337,2,5777024,446169088,0.097452042,0.013673958,291576650,"""audited unique match""",1,142,3,25,1.5,1061691.5737159168,true,1.5033541430000001,1.5033541430000001,1.5033541430000001,28,false,-0.0033541430000001426,-0.0033541430000001426,true,[]
"""candidate-matched-3""",24,6,24,1533,1000,false,1061691.5901212501,1061691.590145042,1061691.7072667086,,0,,0.11712166666984558,2,5777024,446840832,0.09706975,0.0163045,291576650,"""audited unique match""",1,146,3,26,1.533,1061691.7237090003,true,1.546020809,1.546020809,1.546020809,29,false,-0.013020809000000133,-0.013020809000000133,true,[]
"""candidate-matched-3""",25,6,25,1567,1000,false,1061691.7400828751,1061691.7401140002,1061691.8693612919,,0,,0.12924729171209037,2,5777024,446857216,0.109716708,0.015561792,291576650,"""audited unique match""",1,149,3,27,1.567,1061691.8738115835,true,1.572687475,1.572687475,1.572687475,30,false,-0.005687474999999997,-0.005687474999999997,true,[]
"""candidate-matched-3""",26,6,26,1600,1000,false,1061691.8901248751,1061691.8901512502,1061692.0072063752,,0,,0.11705512506887317,2,5777024,446857216,0.100591792,0.013624458,291576650,"""audited unique match""",1,153,3,28,1.6,1061692.0405419169,true,1.610020808,1.610020808,1.610020808,31,false,-0.010020807999999937,-0.010020807999999937,true,[]
"""candidate-matched-3""",27,6,27,1633,1000,false,1061692.0567940003,1061692.0568244585,1061692.1914643752,,0,,0.1346399167086929,2,5777024,444547072,0.114001625,0.016928708,291576650,"""audited unique match""",1,156,3,29,1.633,1061692.2071597502,true,1.642020807,1.642020807,1.642020807,32,false,-0.009020806999999964,-0.009020806999999964,true,[]
"""candidate-matched-3""",28,6,28,1667,1000,false,1061692.223457292,1061692.2234891253,1061692.340552917,,0,,0.1170637917239219,2,5777024,445497344,0.097220875,0.016096666,291576650,"""audited unique match""",1,159,3,30,1.667,1061692.3570984586,true,1.668687474,1.668687474,1.668687474,33,false,-0.001687473999999911,-0.001687473999999911,true,[]
"""candidate-matched-3""",29,6,29,1700,1000,false,1061692.3734081252,1061692.3734352086,1061692.480451667,,0,,0.10701645840890706,2,5777024,445431808,0.08853325,0.015273625,291576650,"""audited unique match""",1,162,3,31,1.7,1061692.4903889168,true,1.71135414,1.71135414,1.71135414,34,false,-0.011354140000000124,-0.011354140000000124,true,[]
"""candidate-matched-3""",30,6,30,1733,1000,false,1061692.5067998336,1061692.5068294585,1061692.6239734169,,0,,0.11714395834133029,2,5777024,445546496,0.097120083,0.016634542,291576650,"""audited unique match""",1,166,3,32,1.733,1061692.6404066253,true,1.738020806,1.738020806,1.738020806,35,false,-0.005020805999999878,-0.005020805999999878,true,[]
"""candidate-matched-3""",31,6,31,1767,1000,false,1061692.6567802918,1061692.6568045418,1061692.768270417,,0,,0.11146587505936623,2,5777024,445628416,0.094666667,0.01356975,291576650,"""audited unique match""",1,170,3,33,1.767,1061692.7904186668,true,1.775354139,1.775354139,1.775354139,36,false,-0.00835413900000015,-0.00835413900000015,true,[]
"""candidate-matched-3""",32,6,32,1800,1000,false,1061692.8067708751,1061692.8067964169,1061692.941909917,,0,,0.13511350005865097,2,5777024,445693952,0.116909,0.0150195,291576650,"""audited unique match""",1,173,3,34,1.8,1061692.9570186252,true,1.807354138,1.807354138,1.807354138,37,false,-0.0073541379999999545,-0.0073541379999999545,true,[]
"""candidate-matched-3""",33,6,33,1833,1000,false,1061692.9733977919,1061692.9734210002,1061693.1032568752,,0,,0.1298358750063926,2,5777024,445710336,0.110980625,0.015420667,291576650,"""audited unique match""",1,176,3,35,1.833,1061693.1070487918,true,1.8340208040000001,1.8340208040000001,1.8340208040000001,38,false,-0.0010208040000001528,-0.0010208040000001528,true,[]
"""candidate-matched-3""",34,6,34,1867,1000,false,1061693.1234262919,1061693.1234504168,1061693.2374056668,,0,,0.11395525000989437,2,5777024,445775872,0.094057917,0.016482958,291576650,"""audited unique match""",1,179,3,36,1.867,1061693.2404063751,true,1.87668747,1.87668747,1.87668747,39,false,-0.009687470000000031,-0.009687470000000031,true,[]
"""candidate-matched-3""",35,6,35,1900,1000,false,1061693.2567525003,1061693.256775667,1061693.3642864586,,0,,0.10751079162582755,2,5777024,445792256,0.086015375,0.018490125,291576650,"""audited unique match""",1,182,3,37,1.9,1061693.3736851253,true,1.903354137,1.903354137,1.903354137,40,false,-0.0033541370000000903,-0.0033541370000000903,true,[]
"""candidate-matched-3""",36,6,36,1933,1000,false,1061693.3901026668,1061693.3901255003,1061693.5121349168,,0,,0.1220094165764749,2,5777024,445825024,0.104589291,0.014326958,291576650,"""audited unique match""",1,185,3,38,1.933,1061693.5236350836,true,1.9460208030000001,1.9460208030000001,1.9460208030000001,41,false,-0.01302080300000008,-0.01302080300000008,true,[]
"""candidate-matched-3""",37,6,37,1967,1000,false,1061693.5400415836,1061693.540064667,1061693.6529710835,,0,,0.11290641664527357,2,5777024,445857792,0.09434875,0.015257,291576650,"""audited unique match""",1,189,3,39,1.967,1061693.6570428335,true,1.972687469,1.972687469,1.972687469,42,false,-0.005687468999999945,-0.005687468999999945,true,[]
"""candidate-matched-3""",38,6,38,2000,1000,false,1061693.6734460003,1061693.673473792,1061693.7959122085,,0,,0.12243841658346355,2,5777024,445874176,0.100869958,0.018023708,291576650,"""audited unique match""",1,193,3,40,2.0,1061693.8237968753,true,2.010020802,2.010020802,2.010020802,43,false,-0.010020802000000106,-0.010020802000000106,true,[]
"""candidate-matched-3""",39,6,39,2033,1000,false,1061693.8401103753,1061693.8401392086,1061693.9500941252,,0,,0.1099549166392535,2,5777024,445906944,0.09162925,0.014649458,291576650,"""audited unique match""",1,196,3,41,2.033,1061693.9569832087,true,2.042020801,2.042020801,2.042020801,44,false,-0.009020801000000134,-0.009020801000000134,true,[]
"""candidate-matched-3""",40,6,40,2067,1000,false,1061693.9733773752,1061693.9734046669,1061694.0990680002,,0,,0.12566333333961666,2,5777024,445939712,0.103371083,0.018777958,291576650,"""audited unique match""",1,199,3,42,2.067,1061694.1069869169,true,2.068687467,2.068687467,2.068687467,45,false,-0.001687466999999998,-0.001687466999999998,true,[]
"""candidate-matched-3""",41,6,41,2100,1000,false,1061694.1234812085,1061694.1235045001,1061694.2430577085,,0,,0.11955320835113525,2,5777024,445956096,0.102419208,0.013811916,291576650,"""audited unique match""",1,202,3,43,2.1,1061694.2570366252,true,2.111354133,2.111354133,2.111354133,46,false,-0.011354132999999766,-0.011354132999999766,true,[]
"""candidate-matched-3""",42,6,42,2133,1000,false,1061694.2734080001,1061694.2734360835,1061694.400383917,,0,,0.12694783345796168,2,5777024,446087168,0.109724084,0.013812125,291576650,"""audited unique match""",1,205,3,44,2.133,1061694.4070049168,true,2.1380208,2.1380208,2.1380208,47,false,-0.0050208000000000474,-0.0050208000000000474,true,[]
"""candidate-matched-3""",43,6,43,2167,1000,false,1061694.4235200835,1061694.4235560836,1061694.5536123752,,0,,0.13005629158578813,2,5777024,446119936,0.108640083,0.01677675,291576650,"""audited unique match""",1,209,3,45,2.167,1061694.5737312918,true,2.175354132,2.175354132,2.175354132,48,false,-0.008354132000000014,-0.008354132000000014,true,[]
"""candidate-matched-3""",44,6,44,2200,1000,false,1061694.5901257086,1061694.5901540837,1061694.7004755419,,0,,0.11032145819626749,2,5777024,446152704,0.090967875,0.016013625,291576650,"""audited unique match""",1,213,3,46,2.2,1061694.7070587503,true,2.207354132,2.207354132,2.207354132,49,false,-0.00735413199999968,-0.00735413199999968,true,[]
"""candidate-matched-3""",45,6,45,2233,1000,false,1061694.723421542,1061694.7234461668,1061694.8412990002,,0,,0.11785283335484564,2,5777024,446152704,0.098458167,0.015811541,291576650,"""audited unique match""",1,216,3,47,2.233,1061694.857093667,true,2.234020798,2.234020798,2.234020798,50,false,-0.0010207979999998784,-0.0010207979999998784,true,[]
"""candidate-matched-3""",46,6,46,2267,1000,false,1061694.873412167,1061694.8734439586,1061694.9977157502,,0,,0.1242717916611582,2,5777024,446169088,0.103807875,0.017088041,291576650,"""audited unique match""",1,219,3,48,2.267,1061695.0070448336,true,2.276687464,2.276687464,2.276687464,51,false,-0.009687464000000201,-0.009687464000000201,true,[]
"""candidate-matched-3""",47,6,47,2300,1000,false,1061695.023445292,1061695.0234745836,1061695.1225250002,,0,,0.099050416611135,2,5777024,445431808,0.082605541,0.0132075,291576650,"""audited unique match""",1,222,3,49,2.3,1061695.1237217502,true,2.3033541299999998,2.3033541299999998,2.3033541299999998,52,false,-0.003354129999999955,-0.003354129999999955,true,[]
"""candidate-matched-3""",48,6,48,2333,1000,false,1061695.1400860003,1061695.1401125418,1061695.2804707503,,0,,0.14035820844583213,2,5777024,436764672,0.117586,0.019402458,291576650,"""audited unique match""",1,225,3,50,2.333,1061695.2903968752,true,2.346020796,2.346020796,2.346020796,53,false,-0.013020795999999724,-0.013020795999999724,true,[]
"""candidate-matched-3""",49,6,49,2367,1000,false,1061695.3067874585,1061695.3068164585,1061695.4098520419,,0,,0.10303558339364827,2,5777024,440418304,0.086846375,0.01287325,291576650,"""audited unique match""",1,228,3,51,2.367,1061695.4237737085,true,2.372687463,2.372687463,2.372687463,54,false,-0.005687463000000115,-0.005687463000000115,true,[]
"""candidate-matched-3""",50,6,50,2400,1000,false,1061695.4401035418,1061695.440130917,1061695.5613772918,,0,,0.12124637491069734,2,5777024,440958976,0.102166083,0.015514875,291576650,"""audited unique match""",1,232,3,52,2.4,1061695.5904594585,true,2.410020795,2.410020795,2.410020795,55,false,-0.010020794999999971,-0.010020794999999971,true,[]
"""candidate-matched-3""",51,6,51,2433,1000,false,1061695.6067585002,1061695.606785792,1061695.714981542,,0,,0.10819575004279613,2,5777024,441073664,0.092007417,0.012930125,291576650,"""audited unique match""",1,236,3,53,2.433,1061695.7236658751,true,2.442020795,2.442020795,2.442020795,56,false,-0.009020795000000081,-0.009020795000000081,true,[]
"""candidate-matched-3""",52,6,52,2467,1000,false,1061695.7400934587,1061695.740120167,1061695.8535032503,,0,,0.11338308337144554,2,5777024,441286656,0.093458042,0.016103125,291576650,"""audited unique match""",1,239,3,54,2.467,1061695.8570202086,true,2.468687461,2.468687461,2.468687461,57,false,-0.0016874609999999457,-0.0016874609999999457,true,[]
"""candidate-matched-3""",53,6,53,2500,1000,false,1061695.8733982919,1061695.8734242085,1061695.9993910836,,0,,0.1259668751154095,2,5777024,441483264,0.105209875,0.016485208,291576650,"""audited unique match""",1,242,3,55,2.5,1061696.0072419168,true,2.511354127,2.511354127,2.511354127,58,false,-0.011354127000000158,-0.011354127000000158,true,[]
"""candidate-matched-3""",54,6,54,2533,1000,false,1061696.0235922919,1061696.0236333753,1061696.151118292,,0,,0.12748491670936346,2,5777024,441581568,0.106313958,0.017123875,291576650,"""audited unique match""",1,245,3,56,2.533,1061696.1570864168,true,2.5380207930000003,2.5380207930000003,2.5380207930000003,59,false,-0.0050207930000003564,-0.0050207930000003564,true,[]
"""candidate-matched-3""",55,6,55,2567,1000,false,1061696.173500917,1061696.1735503753,1061696.2884919168,,0,,0.11494154157117009,2,5777024,440745984,0.095481375,0.015694459,291576650,"""audited unique match""",1,249,3,57,2.567,1061696.3070581253,true,2.575354126,2.575354126,2.575354126,60,false,-0.008354125999999962,-0.008354125999999962,true,[]
"""candidate-matched-3""",56,6,56,2600,1000,false,1061696.3234417501,1061696.3234755835,1061696.4586829168,,0,,0.13520733336918056,2,5777024,440795136,0.115224667,0.016663333,291576650,"""audited unique match""",1,252,3,58,2.6,1061696.4736841253,true,2.607354126,2.607354126,2.607354126,61,false,-0.007354126000000072,-0.007354126000000072,true,[]
"""candidate-matched-3""",57,6,57,2633,1000,false,1061696.4900651253,1061696.4900897502,1061696.5987211668,,0,,0.10863141668960452,2,5777024,440795136,0.091866917,0.013271666,291576650,"""audited unique match""",1,255,3,59,2.633,1061696.6070645836,true,2.6340207920000003,2.6340207920000003,2.6340207920000003,62,false,-0.0010207920000002701,-0.0010207920000002701,true,[]
"""candidate-matched-3""",58,6,58,2667,1000,false,1061696.6234382503,1061696.6234643753,1061696.7285144585,,0,,0.10505008324980736,2,5777024,440926208,0.086593958,0.015326708,291576650,"""audited unique match""",1,259,3,60,2.667,1061696.7403777086,true,2.676687458,2.676687458,2.676687458,63,false,-0.009687458000000149,-0.009687458000000149,true,[]
"""candidate-matched-3""",59,6,59,2700,1000,false,1061696.7567760418,1061696.7568032502,1061696.853746167,,0,,0.09694291674531996,2,5777024,440958976,0.078492333,0.015364334,291576650,"""audited unique match""",1,262,3,61,2.7,1061696.8570071668,true,2.703354124,2.703354124,2.703354124,64,false,-0.003354123999999903,-0.003354123999999903,true,[]
"""candidate-matched-3""",60,6,60,2733,1000,false,1061696.8734116252,1061696.8734361252,1061696.9867768753,,0,,0.11334075010381639,2,5777024,440958976,0.096455625,0.013643292,291576650,"""audited unique match""",1,265,3,62,2.733,1061696.990314792,true,2.74602079,2.74602079,2.74602079,65,false,-0.013020790000000115,-0.013020790000000115,true,[]
"""candidate-matched-3""",61,6,61,2767,1000,false,1061697.0067787087,1061697.006810417,1061697.1128250002,,0,,0.10601458325982094,2,5777024,440958976,0.087331208,0.015396666,291576650,"""audited unique match""",1,268,3,63,2.767,1061697.1236308336,true,2.772687456,2.772687456,2.772687456,66,false,-0.00568745599999998,-0.00568745599999998,true,[]
"""candidate-matched-3""",62,6,62,2800,1000,false,1061697.1400793337,1061697.1400989585,1061697.252676417,,0,,0.11257745837792754,2,5777024,441040896,0.094094167,0.015351792,291576650,"""audited unique match""",1,272,3,64,2.8,1061697.2737139587,true,2.810020789,2.810020789,2.810020789,67,false,-0.010020789000000363,-0.010020789000000363,true,[]
"""candidate-matched-3""",63,6,63,2833,1000,false,1061697.2901373752,1061697.290157917,1061697.3952262918,,0,,0.1050683748908341,2,5777024,441057280,0.087189958,0.014811,291576650,"""audited unique match""",1,275,3,65,2.833,1061697.407093667,true,2.842020789,2.842020789,2.842020789,68,false,-0.009020789000000029,-0.009020789000000029,true,[]
"""candidate-matched-3""",64,6,64,2867,1000,false,1061697.423517417,1061697.4235518335,1061697.5293651668,,0,,0.10581333329901099,2,5777024,441073664,0.086538417,0.015902875,291576650,"""audited unique match""",1,278,3,66,2.867,1061697.5404194586,true,2.868687455,2.868687455,2.868687455,69,false,-0.0016874549999998933,-0.0016874549999998933,true,[]
"""candidate-matched-3""",65,6,65,2900,1000,false,1061697.5568143337,1061697.5568363753,1061697.6633396668,,0,,0.1065032915212214,2,5777024,441122816,0.089070542,0.014299542,291576650,"""audited unique match""",1,282,3,67,2.9,1061697.6737224169,true,2.911354121,2.911354121,2.911354121,70,false,-0.011354121000000106,-0.011354121000000106,true,[]
"""candidate-matched-3""",66,6,66,2933,1000,false,1061697.6903409585,1061697.6909749585,1061697.7953161253,,0,,0.10434116679243743,2,5777024,441139200,0.086556792,0.014356416,291576650,"""audited unique match""",1,285,3,68,2.933,1061697.8070992918,true,2.938020787,2.938020787,2.938020787,71,false,-0.005020787000000304,-0.005020787000000304,true,[]
"""candidate-matched-3""",67,6,67,2967,1000,false,1061697.8234270003,1061697.8234525835,1061697.9243039587,,0,,0.10085137514397502,2,5777024,441171968,0.085944042,0.01182525,291576650,"""audited unique match""",1,289,3,69,2.967,1061697.957059542,true,2.97535412,2.97535412,2.97535412,72,false,-0.00835411999999991,-0.00835411999999991,true,[]
"""candidate-matched-3""",68,6,68,3000,1000,false,1061697.9734470835,1061697.9734805003,1061698.084777542,,0,,0.11129704164341092,2,5777024,441679872,0.09281975,0.015078291,291576650,"""audited unique match""",1,293,3,70,3.0,1061698.0903460835,true,3.007354119,3.007354119,3.007354119,73,false,-0.007354118999999937,-0.007354118999999937,true,[]
"""candidate-matched-3""",69,6,69,3033,1000,false,1061698.1067400419,1061698.1067663752,1061698.232010292,,0,,0.1252439166419208,2,5777024,441745408,0.106090667,0.015731083,291576650,"""audited unique match""",1,296,3,71,3.033,1061698.2404327085,true,3.034020786,3.034020786,3.034020786,74,false,-0.0010207860000002178,-0.0010207860000002178,true,[]
"""candidate-matched-3""",70,6,70,3067,1000,false,1061698.2567432502,1061698.2567668336,1061698.3608540837,,0,,0.1040872500743717,2,5777024,441745408,0.084981834,0.015702166,291576650,"""audited unique match""",1,299,3,72,3.067,1061698.3737330835,true,3.076687452,3.076687452,3.076687452,75,false,-0.009687451999999652,-0.009687451999999652,true,[]
"""candidate-matched-3""",71,6,71,3100,1000,false,1061698.390103417,1061698.3901308752,1061698.5091328335,,0,,0.11900195828638971,2,5777024,441630720,0.102824833,0.012281542,291576650,"""audited unique match""",1,302,3,73,3.1,1061698.5237715002,true,3.103354118,3.103354118,3.103354118,76,false,-0.0033541179999998505,-0.0033541179999998505,true,[]
"""candidate-matched-3""",72,6,72,3133,1000,false,1061698.5401468752,1061698.5401837502,1061698.6727820002,,0,,0.13259824994020164,2,5777024,441237504,0.108503334,0.020621292,291576650,"""audited unique match""",1,306,3,74,3.133,1061698.6737213335,true,3.146020784,3.146020784,3.146020784,77,false,-0.013020784000000063,-0.013020784000000063,true,[]
"""candidate-matched-3""",73,6,73,3167,1000,false,1061698.6900772918,1061698.690101167,1061698.7946546252,,0,,0.10455345828086138,2,5777024,440745984,0.083257333,0.016227333,291576650,"""audited unique match""",1,309,3,75,3.167,1061698.8070549169,true,3.17268745,3.17268745,3.17268745,78,false,-0.005687450000000371,-0.005687450000000371,true,[]
"""candidate-matched-3""",74,6,74,3200,1000,false,1061698.8234324586,1061698.8234585419,1061698.9342394168,,0,,0.11078087496571243,2,5777024,440778752,0.089257958,0.018238917,291576650,"""audited unique match""",1,313,3,76,3.2,1061698.9570152918,true,3.210020783,3.210020783,3.210020783,79,false,-0.010020782999999867,-0.010020782999999867,true,[]
"""candidate-matched-3""",75,6,75,3233,1000,false,1061698.9733996252,1061698.9734273336,1061699.0869175002,,0,,0.11349016660824418,2,5777024,440795136,0.09416525,0.014142167,291576650,"""audited unique match""",1,316,3,77,3.233,1061699.0902825836,true,3.242020782,3.242020782,3.242020782,80,false,-0.009020781999999894,-0.009020781999999894,true,[]
"""candidate-matched-3""",76,6,76,3267,1000,false,1061699.1067283752,1061699.106753667,1061699.2128025836,,0,,0.10604891669936478,2,5777024,440844288,0.08969625,0.013262834,291576650,"""audited unique match""",1,319,3,78,3.267,1061699.2236280001,true,3.268687449,3.268687449,3.268687449,81,false,-0.001687449000000285,-0.001687449000000285,true,[]
"""candidate-matched-3""",77,6,77,3300,1000,false,1061699.2400617502,1061699.2401061668,1061699.3589633752,,0,,0.11885720840655267,2,5777024,440860672,0.100750417,0.014857084,291576650,"""audited unique match""",1,322,3,79,3.3,1061699.3737118335,true,3.311354115,3.311354115,3.311354115,82,false,-0.011354115000000053,-0.011354115000000053,true,[]
"""candidate-matched-3""",78,6,78,3333,1000,false,1061699.3901130003,1061699.3901401253,1061699.5092922503,,0,,0.11915212497115135,2,5777024,440860672,0.101225083,0.014542959,291576650,"""audited unique match""",1,325,3,80,3.333,1061699.5237382085,true,3.338020781,3.338020781,3.338020781,83,false,-0.005020780999999808,-0.005020780999999808,true,[]
"""candidate-matched-3""",79,6,79,3367,1000,false,1061699.540122042,1061699.5401515835,1061699.6454602086,,0,,0.10530862514860928,2,5777024,440877056,0.088743666,0.013126125,291576650,"""audited unique match""",1,330,3,81,3.367,1061699.6737463751,true,3.375354114,3.375354114,3.375354114,84,false,-0.008354113999999857,-0.008354113999999857,true,[]
"""candidate-matched-3""",80,6,80,3400,1000,false,1061699.6901171668,1061699.6901440418,1061699.7996328752,,0,,0.10948883346281946,2,5777024,440909824,0.091886125,0.014247208,291576650,"""audited unique match""",1,333,3,82,3.4,1061699.8070660837,true,3.4073541130000002,3.4073541130000002,3.4073541130000002,85,false,-0.0073541130000003285,-0.0073541130000003285,true,[]
"""candidate-matched-3""",81,6,81,3433,1000,false,1061699.8233865001,1061699.8234158752,1061699.9382980836,,0,,0.1148822084069252,2,5777024,440909824,0.095553,0.01602925,291576650,"""audited unique match""",1,336,3,83,3.433,1061699.9403614586,true,3.434020779,3.434020779,3.434020779,86,false,-0.0010207790000000827,-0.0010207790000000827,true,[]
"""candidate-matched-3""",82,6,82,3467,1000,false,1061699.9567829585,1061699.9568098336,1061700.0831200837,,0,,0.12631025002337992,2,5777024,434995200,0.106119208,0.015980833,291576650,"""audited unique match""",1,339,3,84,3.467,1061700.090486667,true,3.476687445,3.476687445,3.476687445,87,false,-0.009687444999999961,-0.009687444999999961,true,[]
"""candidate-matched-3""",83,6,83,3500,1000,false,1061700.1067456668,1061700.1067777502,1061700.223434917,,0,,0.11665716674178839,2,5777024,438517760,0.100855417,0.012707833,291576650,"""audited unique match""",1,342,3,85,3.5,1061700.2403052086,true,3.5033541120000002,3.5033541120000002,3.5033541120000002,88,false,-0.0033541120000002422,-0.0033541120000002422,true,[]
"""candidate-matched-3""",84,6,84,3533,1000,false,1061700.2567381668,1061700.2568058753,1061700.3763584585,,0,,0.11955258320085704,2,5777024,438534144,0.099244,0.016543875,291576650,"""audited unique match""",1,345,3,86,3.533,1061700.390416792,true,3.546020778,3.546020778,3.546020778,89,false,-0.01302077800000001,-0.01302077800000001,true,[]
"""candidate-matched-3""",85,6,85,3567,1000,false,1061700.406738042,1061700.4067637501,1061700.5283552501,,0,,0.12159150000661612,2,5777024,438550528,0.103767,0.014516875,291576650,"""audited unique match""",1,348,3,87,3.567,1061700.540435792,true,3.572687444,3.572687444,3.572687444,90,false,-0.005687443999999875,-0.005687443999999875,true,[]
"""candidate-matched-3""",86,6,86,3600,1000,false,1061700.5568185835,1061700.5568465001,1061700.6809451252,,0,,0.12409862503409386,2,5777024,438566912,0.104039833,0.016513208,291576650,"""audited unique match""",1,353,3,88,3.6,1061700.7070749586,true,3.610020777,3.610020777,3.610020777,91,false,-0.010020776999999814,-0.010020776999999814,true,[]
"""candidate-matched-3""",87,6,87,3633,1000,false,1061700.7234624585,1061700.7234935835,1061700.8410905001,,0,,0.11759691662155092,2,5777024,438681600,0.099003333,0.015190416,291576650,"""audited unique match""",1,356,3,89,3.633,1061700.8570886669,true,3.642020776,3.642020776,3.642020776,92,false,-0.009020775999999842,-0.009020775999999842,true,[]
"""candidate-matched-3""",88,6,88,3667,1000,false,1061700.8734431253,1061700.8734708752,1061700.9828799586,,0,,0.10940908337943256,2,5777024,438681600,0.086300708,0.019508834,291576650,"""audited unique match""",1,359,3,90,3.667,1061700.990380917,true,3.668687442,3.668687442,3.668687442,93,false,-0.00168744200000015,-0.00168744200000015,true,[]
"""candidate-matched-3""",89,6,89,3700,1000,false,1061701.0067813336,1061701.006812417,1061701.1333001251,,0,,0.1264877081848681,2,5777024,438763520,0.105144,0.01785375,291576650,"""audited unique match""",1,362,3,91,3.7,1061701.1405103335,true,3.711354108,3.711354108,3.711354108,94,false,-0.011354107999999918,-0.011354107999999918,true,[]
"""candidate-matched-3""",90,6,90,3733,1000,false,1061701.156773167,1061701.156798042,1061701.2726158751,,0,,0.11581783322617412,2,5777024,438829056,0.099750541,0.012727125,291576650,"""audited unique match""",1,365,3,92,3.733,1061701.2736787086,true,3.738020775,3.738020775,3.738020775,95,false,-0.005020774999999755,-0.005020774999999755,true,[]
"""candidate-matched-3""",91,6,91,3767,1000,false,1061701.2900608752,1061701.2900856251,1061701.3980640003,,0,,0.1079783751629293,2,5777024,438845440,0.0912685,0.0131805,291576650,"""audited unique match""",1,369,3,93,3.767,1061701.4236972085,true,3.775354107,3.775354107,3.775354107,96,false,-0.008354107000000166,-0.008354107000000166,true,[]
"""candidate-matched-3""",92,6,92,3800,1000,false,1061701.4400807086,1061701.4401079586,1061701.5642941252,,0,,0.12418616656213999,2,5777024,438861824,0.103381292,0.017376791,291576650,"""audited unique match""",1,372,3,94,3.8,1061701.5737729168,true,3.807354107,3.807354107,3.807354107,97,false,-0.007354107000000276,-0.007354107000000276,true,[]
"""candidate-matched-3""",93,6,93,3833,1000,false,1061701.5901213752,1061701.5901474168,1061701.7074733335,,0,,0.11732591665349901,2,5777024,438861824,0.098271041,0.01546525,291576650,"""audited unique match""",1,376,3,95,3.833,1061701.7237363753,true,3.8340207729999998,3.8340207729999998,3.8340207729999998,98,false,-0.0010207729999995863,-0.0010207729999995863,true,[]
"""candidate-matched-3""",94,6,94,3867,1000,false,1061701.7401017502,1061701.7401298336,1061701.8657172918,,0,,0.1255874582566321,2,5777024,438861824,0.106734542,0.01542925,291576650,"""audited unique match""",1,379,3,96,3.867,1061701.8737515418,true,3.876687439,3.876687439,3.876687439,99,false,-0.009687438999999909,-0.009687438999999909,true,[]
"""candidate-matched-3""",95,6,95,3900,1000,false,1061701.8901269168,1061701.8901549585,1061702.0395989586,,0,,0.14944400009699166,2,5777024,438878208,0.125869959,0.020196291,291576650,"""audited unique match""",1,382,3,97,3.9,1061702.0404473753,true,3.903354105,3.903354105,3.903354105,100,false,-0.003354105000000107,-0.003354105000000107,true,[]
"""candidate-matched-3""",96,6,96,3933,1000,false,1061702.0568059585,1061702.0568357501,1061702.1908569585,,0,,0.13402120838873088,2,5777024,438763520,0.10790975,0.020450792,291576650,"""audited unique match""",1,385,3,98,3.933,1061702.2072067503,true,3.946020771,3.946020771,3.946020771,101,false,-0.01302077100000032,-0.01302077100000032,true,[]
"""candidate-matched-3""",97,6,97,3967,1000,false,1061702.2401727503,1061702.2402340418,1061702.3765044585,,0,,0.1362704166676849,2,5777024,438681600,0.1098495,0.0209155,291576650,"""audited unique match""",1,388,3,99,3.967,1061702.3905092918,true,3.972687438,3.972687438,3.972687438,102,false,-0.005687437999999823,-0.005687437999999823,true,[]
"""candidate-matched-3""",98,6,98,4000,1000,false,1061702.406820667,1061702.4069693752,1061702.5512901251,,0,,0.14432074991054833,2,5777024,438910976,0.118088917,0.02247475,291576650,"""audited unique match""",1,392,3,100,4.0,1061702.5735643336,true,4.01002077,4.01002077,4.01002077,103,false,-0.010020769999999679,-0.010020769999999679,true,[]
"""candidate-matched-3""",99,6,99,4033,1000,false,1061702.5900680835,1061702.5900952085,1061702.7073757502,,0,,0.11728054168634117,2,5777024,438534144,0.101042125,0.013035041,291576650,"""audited unique match""",1,396,3,101,4.033,1061702.7235397086,true,4.04202077,4.04202077,4.04202077,104,false,-0.009020769999999345,-0.009020769999999345,true,[]
"""candidate-matched-3""",100,6,100,4067,1000,false,1061702.7400861252,1061702.7401124586,1061702.8469875003,,0,,0.10687504173256457,2,5777024,439025664,0.089358959,0.014427,291576650,"""audited unique match""",1,399,3,102,4.067,1061702.856909792,true,4.068687436,4.068687436,4.068687436,105,false,-0.0016874360000000976,-0.0016874360000000976,true,[]
"""candidate-matched-3""",101,6,101,4100,1000,false,1061702.8734286253,1061702.873453042,1061702.9895310418,,0,,0.11607799981720746,2,5777024,439042048,0.092834917,0.020162541,291576650,"""audited unique match""",1,402,3,103,4.1,1061702.9902291251,true,4.111354102,4.111354102,4.111354102,106,false,-0.01135410200000031,-0.01135410200000031,true,[]
"""candidate-matched-3""",102,6,102,4133,1000,false,1061703.006763792,1061703.006790417,1061703.1178119169,,0,,0.11102149984799325,2,5777024,439058432,0.092527333,0.015402375,291576650,"""audited unique match""",1,405,3,104,4.133,1061703.1235752502,true,4.138020768,4.138020768,4.138020768,107,false,-0.00502076799999962,-0.00502076799999962,true,[]
"""candidate-matched-3""",103,6,103,4167,1000,false,1061703.1400537502,1061703.1400788752,1061703.250816542,,0,,0.11073766672052443,2,5777024,439058432,0.095195125,0.012779416,291576650,"""audited unique match""",1,409,3,105,4.167,1061703.2736589168,true,4.175354101,4.175354101,4.175354101,108,false,-0.008354101000000114,-0.008354101000000114,true,[]
"""candidate-matched-3""",104,6,104,4200,1000,false,1061703.2901951252,1061703.2902290835,1061703.4281375837,,0,,0.13790850015357137,2,5777024,438927360,0.116091167,0.018293875,291576650,"""audited unique match""",1,412,3,106,4.2,1061703.440338542,true,4.207354101,4.207354101,4.207354101,109,false,-0.00735410099999978,-0.00735410099999978,true,[]
"""candidate-matched-3""",105,6,105,4233,1000,false,1061703.4567599169,1061703.4567892086,1061703.5633417503,,0,,0.10655254172161222,2,5777024,438992896,0.090226209,0.013200166,291576650,"""audited unique match""",1,415,3,107,4.233,1061703.5735683336,true,4.234020767,4.234020767,4.234020767,110,false,-0.001020766999999978,-0.001020766999999978,true,[]
"""candidate-matched-3""",106,6,106,4267,1000,false,1061703.5900442086,1061703.5900690418,1061703.6949677086,,0,,0.10489866673015058,2,5777024,439009280,0.089184959,0.011535833,291576650,"""audited unique match""",1,418,3,108,4.267,1061703.7068743752,true,4.276687433,4.276687433,4.276687433,111,false,-0.009687432999999857,-0.009687432999999857,true,[]
"""candidate-matched-3""",107,6,107,4300,1000,false,1061703.7233905836,1061703.723414542,1061703.8239480003,,0,,0.10053345840424299,2,5777024,439025664,0.084791416,0.012393375,291576650,"""audited unique match""",1,422,3,109,4.3,1061703.8402647085,true,4.303354099,4.303354099,4.303354099,112,false,-0.003354099000000055,-0.003354099000000055,true,[]
"""candidate-matched-3""",108,6,108,4333,1000,false,1061703.8567322502,1061703.8567612502,1061703.9740812085,,0,,0.11731995828449726,2,5777024,439058432,0.100449,0.014022792,291576650,"""audited unique match""",1,425,3,110,4.333,1061703.990242292,true,4.3460207650000005,4.3460207650000005,4.3460207650000005,113,false,-0.013020765000000267,-0.013020765000000267,true,[]
"""candidate-matched-3""",109,6,109,4367,1000,false,1061704.0067540002,1061704.0067803753,1061704.1132434169,,0,,0.10646304162219167,2,5777024,439058432,0.090043875,0.013331583,291576650,"""audited unique match""",1,428,3,111,4.367,1061704.1235805003,true,4.372687431,4.372687431,4.372687431,114,false,-0.005687431000000132,-0.005687431000000132,true,[]
"""candidate-matched-3""",110,6,110,4400,1000,false,1061704.1401086668,1061704.1401355003,1061704.2466717085,,0,,0.10653620818629861,2,5777024,439091200,0.086403833,0.016920959,291576650,"""audited unique match""",1,432,3,112,4.4,1061704.273563417,true,4.410020764,4.410020764,4.410020764,115,false,-0.01002076400000007,-0.01002076400000007,true,[]
"""candidate-matched-3""",111,6,111,4433,1000,false,1061704.2900528752,1061704.2900812502,1061704.4006775836,,0,,0.11059633339755237,2,5777024,439091200,0.090913958,0.016594625,291576650,"""audited unique match""",1,435,3,113,4.433,1061704.4069232086,true,4.4420207640000005,4.4420207640000005,4.4420207640000005,116,false,-0.009020764000000625,-0.009020764000000625,true,[]
"""candidate-matched-3""",112,6,112,4467,1000,false,1061704.4234825836,1061704.423515417,1061704.5295900835,,0,,0.10607466660439968,2,5777024,439107584,0.087666041,0.01535925,291576650,"""audited unique match""",1,438,3,114,4.467,1061704.5402662503,true,4.46868743,4.46868743,4.46868743,117,false,-0.0016874300000004894,-0.0016874300000004894,true,[]
"""candidate-matched-3""",113,6,113,4500,1000,false,1061704.5567353335,1061704.5567649587,1061704.6574328335,,0,,0.10066787479445338,2,5777024,439189504,0.083787917,0.013683041,291576650,"""audited unique match""",1,441,3,115,4.5,1061704.6735981253,true,4.511354096,4.511354096,4.511354096,118,false,-0.011354095999999814,-0.011354095999999814,true,[]
"""candidate-matched-3""",114,6,114,4533,1000,false,1061704.6900428752,1061704.6900690002,1061704.795944917,,0,,0.10587591677904129,2,5777024,439287808,0.0880835,0.014225375,291576650,"""audited unique match""",1,445,3,116,4.533,1061704.8069131253,true,4.538020762,4.538020762,4.538020762,119,false,-0.005020762000000012,-0.005020762000000012,true,[]
"""candidate-matched-3""",115,6,115,4567,1000,false,1061704.823400667,1061704.8234320418,1061704.9271108336,,0,,0.10367879178375006,2,5777024,439287808,0.086448875,0.0142375,291576650,"""audited unique match""",1,449,3,117,4.567,1061704.9568781252,true,4.575354095,4.575354095,4.575354095,120,false,-0.008354094999999617,-0.008354094999999617,true,[]
"""candidate-matched-3""",116,6,116,4600,1000,false,1061704.9733782085,1061704.9734088336,1061705.0903797501,,0,,0.11697091651149094,2,5777024,439287808,0.093326042,0.020479541,291576650,"""audited unique match""",1,452,3,118,4.6,1061705.107009417,true,4.607354094,4.607354094,4.607354094,121,false,-0.007354094000000089,-0.007354094000000089,true,[]
"""candidate-matched-3""",117,6,117,4633,1000,false,1061705.1234167085,1061705.1234426668,1061705.2304007085,,0,,0.10695804166607559,2,5777024,439418880,0.088784542,0.015117583,291576650,"""audited unique match""",1,455,3,119,4.633,1061705.240217042,true,4.634020761,4.634020761,4.634020761,122,false,-0.0010207610000003697,-0.0010207610000003697,true,[]
"""candidate-matched-3""",118,6,118,4667,1000,false,1061705.256730042,1061705.256756042,1061705.3479424585,,0,,0.09118641656823456,2,5777024,439418880,0.073996666,0.01393325,291576650,"""audited unique match""",1,458,3,120,4.667,1061705.3568438753,true,4.676687427,4.676687427,4.676687427,123,false,-0.009687427000000248,-0.009687427000000248,true,[]
"""candidate-matched-3""",119,6,119,4700,1000,false,1061705.3733762086,1061705.373408417,1061705.4742207085,,0,,0.10081229149363935,2,5777024,439418880,0.083173958,0.014774375,291576650,"""audited unique match""",1,461,3,121,4.7,1061705.4901944168,true,4.703354093,4.703354093,4.703354093,124,false,-0.0033540929999995583,-0.0033540929999995583,true,[]
"""candidate-matched-3""",120,6,120,4733,1000,false,1061705.5067317085,1061705.5067522503,1061705.6193989585,,0,,0.11264670826494694,2,5777024,439451648,0.096648833,0.012796709,291576650,"""audited unique match""",1,464,3,122,4.733,1061705.6235716252,true,4.746020759,4.746020759,4.746020759,125,false,-0.013020759000000659,-0.013020759000000659,true,[]
"""candidate-matched-3""",121,6,121,4767,1000,false,1061705.6400875836,1061705.6401170003,1061705.755360667,,0,,0.1152436665724963,2,5777024,439255040,0.099692416,0.0124565,291576650,"""audited unique match""",1,468,3,123,4.767,1061705.756915292,true,4.772687425,4.772687425,4.772687425,126,false,-0.005687424999999635,-0.005687424999999635,true,[]
"""candidate-matched-3""",122,6,122,4800,1000,false,1061705.7734328753,1061705.7734592918,1061705.8900080419,,0,,0.11654875008389354,2,5777024,439320576,0.100023042,0.013126584,291576650,"""audited unique match""",1,472,3,124,4.8,1061705.9069429585,true,4.810020758,4.810020758,4.810020758,127,false,-0.010020758000000463,-0.010020758000000463,true,[]
"""candidate-matched-3""",123,6,123,4833,1000,false,1061705.923404042,1061705.9234335003,1061706.0390629587,,0,,0.11562945833429694,2,5777024,439271424,0.092679875,0.019842291,291576650,"""audited unique match""",1,475,3,125,4.833,1061706.0403005003,true,4.842020757,4.842020757,4.842020757,128,false,-0.009020757000000046,-0.009020757000000046,true,[]
"""candidate-matched-3""",124,6,124,4867,1000,false,1061706.0569189587,1061706.0569612086,1061706.1833343753,,0,,0.1263731666840613,2,5777024,435896320,0.106452625,0.016128917,291576650,"""audited unique match""",1,478,3,126,4.867,1061706.1903602502,true,4.868687424,4.868687424,4.868687424,129,false,-0.001687423999999993,-0.001687423999999993,true,[]
"""candidate-matched-3""",125,6,125,4900,1000,false,1061706.206787167,1061706.2068169168,1061706.320534292,,0,,0.11371737509034574,2,5777024,438632448,0.097141167,0.013718875,291576650,"""audited unique match""",1,481,3,127,4.9,1061706.3235745418,true,4.91135409,4.91135409,4.91135409,130,false,-0.011354089999999317,-0.011354089999999317,true,[]
"""candidate-matched-3""",126,6,126,4933,1000,false,1061706.3401506252,1061706.3406376669,1061706.445141292,,0,,0.10450362507253885,2,5777024,438943744,0.083938375,0.014168292,291576650,"""audited unique match""",1,484,3,128,4.933,1061706.456933542,true,4.938020756,4.938020756,4.938020756,131,false,-0.005020756000000404,-0.005020756000000404,true,[]
"""candidate-matched-3""",127,6,127,4967,1000,false,1061706.4734099586,1061706.4734286668,1061706.5864847503,,0,,0.11305608344264328,2,5777024,438976512,0.095637792,0.014634667,291576650,"""audited unique match""",1,488,3,129,4.967,1061706.6069664585,true,4.975354089,4.975354089,4.975354089,132,false,-0.008354089000000009,-0.008354089000000009,true,[]
"""candidate-matched-3""",128,6,128,5000,1000,false,1061706.6234212918,1061706.623449167,1061706.7432068335,,0,,0.1197576664853841,2,5777024,438976512,0.103099875,0.013166958,291576650,"""audited unique match""",1,492,3,130,5.0,1061706.7568703752,true,5.007354088,5.007354088,5.007354088,133,false,-0.007354087999999592,-0.007354087999999592,true,[]
"""candidate-matched-3""",129,6,129,5033,1000,false,1061706.773420542,1061706.7734454586,1061706.8742036251,,0,,0.10075816651806235,2,5777024,438878208,0.084005666,0.013549875,291576650,"""audited unique match""",1,495,3,131,5.033,1061706.8903469585,true,5.034020754,5.034020754,5.034020754,134,false,-0.0010207539999997906,-0.0010207539999997906,true,[]
"""candidate-matched-3""",130,6,130,5067,1000,false,1061706.9067629168,1061706.9067882502,1061707.0306317087,,0,,0.12384345848113298,2,5777024,438992896,0.105784125,0.0148385,291576650,"""audited unique match""",1,498,3,132,5.067,1061707.0401556252,true,5.07668742,5.07668742,5.07668742,135,false,-0.009687419999999669,-0.009687419999999669,true,[]
"""candidate-matched-3""",131,6,131,5100,1000,false,1061707.0567012918,1061707.0567240836,1061707.1638218751,,0,,0.10709779150784016,2,5777024,438960128,0.087531833,0.01666875,291576650,"""audited unique match""",1,501,3,133,5.1,1061707.1736522086,true,5.103354087,5.103354087,5.103354087,136,false,-0.00335408699999995,-0.00335408699999995,true,[]
"""candidate-matched-3""",132,6,132,5133,1000,false,1061707.1900752503,1061707.190102042,1061707.296099542,,0,,0.10599750000983477,2,5777024,438976512,0.088408708,0.012762083,291576650,"""audited unique match""",1,504,3,134,5.133,1061707.3068158752,true,5.146020753,5.146020753,5.146020753,137,false,-0.013020753000000163,-0.013020753000000163,true,[]
"""candidate-matched-3""",133,6,133,5167,1000,false,1061707.3233905002,1061707.323413167,1061707.4232388337,,0,,0.09982566675171256,2,5777024,439042048,0.082348167,0.013839625,291576650,"""audited unique match""",1,507,3,135,5.167,1061707.4235925002,true,5.172687419,5.172687419,5.172687419,138,false,-0.005687419000000027,-0.005687419000000027,true,[]
"""candidate-matched-3""",134,6,134,5200,1000,false,1061707.4400851668,1061707.440111042,1061707.5415457918,,0,,0.10143474978394806,2,5777024,439074816,0.079061167,0.018946916,291576650,"""audited unique match""",1,511,3,136,5.2,1061707.5735639585,true,5.210020752,5.210020752,5.210020752,139,false,-0.010020751999999966,-0.010020751999999966,true,[]
"""candidate-matched-3""",135,6,135,5233,1000,false,1061707.5900392502,1061707.5900683335,1061707.703279167,,0,,0.11321083339862525,2,5777024,439107584,0.089308541,0.020403291,291576650,"""audited unique match""",1,514,3,137,5.233,1061707.7069051252,true,5.242020751,5.242020751,5.242020751,140,false,-0.009020751000000438,-0.009020751000000438,true,[]
"""candidate-matched-3""",136,6,136,5267,1000,false,1061707.7235085003,1061707.723544667,1061707.8403953335,,0,,0.11685066646896303,2,5777024,439107584,0.09850125,0.014825042,291576650,"""audited unique match""",1,518,3,138,5.267,1061707.8570259586,true,5.268687417,5.268687417,5.268687417,141,false,-0.0016874169999994137,-0.0016874169999994137,true,[]
"""candidate-matched-3""",137,6,137,5300,1000,false,1061707.8735327085,1061707.8735686669,1061707.9832545002,,0,,0.10968583333306015,2,5777024,439123968,0.091572083,0.014856166,291576650,"""audited unique match""",1,521,3,139,5.3,1061707.9902261668,true,5.311354083,5.311354083,5.311354083,142,false,-0.011354083000000514,-0.011354083000000514,true,[]
"""candidate-matched-3""",138,6,138,5333,1000,false,1061708.0067938752,1061708.0068244168,1061708.1293191253,,0,,0.12249470851384103,2,5777024,439140352,0.102135083,0.017102333,291576650,"""audited unique match""",1,524,3,140,5.333,1061708.1402539168,true,5.33802075,5.33802075,5.33802075,143,false,-0.005020749999999907,-0.005020749999999907,true,[]
"""candidate-matched-3""",139,6,139,5367,1000,false,1061708.156795292,1061708.1568238335,1061708.2739483751,,0,,0.11712454166263342,2,5777024,439140352,0.095336042,0.018422,291576650,"""audited unique match""",1,528,3,141,5.367,1061708.3069415835,true,5.375354082,5.375354082,5.375354082,144,false,-0.008354082000000318,-0.008354082000000318,true,[]
"""candidate-matched-3""",140,6,140,5400,1000,false,1061708.3234719168,1061708.323504167,1061708.4509000003,,0,,0.12739583337679505,2,5777024,439189504,0.106838583,0.017119083,291576650,"""audited unique match""",1,531,3,142,5.4,1061708.4569701669,true,5.407354082,5.407354082,5.407354082,145,false,-0.007354081999999984,-0.007354081999999984,true,[]
"""candidate-matched-3""",141,6,141,5433,1000,false,1061708.4734476253,1061708.4734780418,1061708.5907014168,,0,,0.11722337501123548,2,5777024,439189504,0.097990167,0.015873084,291576650,"""audited unique match""",1,534,3,143,5.433,1061708.6069416252,true,5.434020748,5.434020748,5.434020748,146,false,-0.0010207480000001823,-0.0010207480000001823,true,[]
"""candidate-matched-3""",142,6,142,5467,1000,false,1061708.6233624585,1061708.6233872087,1061708.7386462502,,0,,0.11525904154404998,2,5777024,439189504,0.097381459,0.014397833,291576650,"""audited unique match""",1,537,3,144,5.467,1061708.740260542,true,5.476687414,5.476687414,5.476687414,147,false,-0.00968741400000006,-0.00968741400000006,true,[]
"""candidate-matched-3""",143,6,143,5500,1000,false,1061708.7567941253,1061708.7568180002,1061708.8810865418,,0,,0.12426854157820344,2,5777024,439189504,0.103726791,0.017648875,291576650,"""audited unique match""",1,541,3,145,5.5,1061708.890222542,true,5.50335408,5.50335408,5.50335408,148,false,-0.003354080000000259,-0.003354080000000259,true,[]
"""candidate-matched-3""",144,6,144,5533,1000,false,1061708.9068247085,1061708.9068550835,1061709.0253207919,,0,,0.11846570833586156,2,5777024,439140352,0.098845458,0.016172083,291576650,"""audited unique match""",1,544,3,146,5.533,1061709.0402784585,true,5.546020746,5.546020746,5.546020746,149,false,-0.013020745999999583,-0.013020745999999583,true,[]
"""candidate-matched-3""",145,6,145,5567,1000,false,1061709.0567624585,1061709.0567882503,1061709.1624671253,,0,,0.10567887499928474,2,5777024,439173120,0.087491375,0.013540667,291576650,"""audited unique match""",1,547,3,147,5.567,1061709.1735870002,true,5.572687413,5.572687413,5.572687413,150,false,-0.00568741299999953,-0.00568741299999953,true,[]
"""candidate-matched-3""",146,6,146,5600,1000,false,1061709.1901511669,1061709.1901845837,1061709.303774417,,0,,0.11358983325771987,2,5777024,439189504,0.096077792,0.014049,291576650,"""audited unique match""",1,551,3,148,5.6,1061709.323524667,true,5.610020745,5.610020745,5.610020745,151,false,-0.010020745000000275,-0.010020745000000275,true,[]
"""candidate-matched-3""",147,6,147,5633,1000,false,1061709.340056917,1061709.3400851253,1061709.4638313751,,0,,0.12374624982476234,2,5777024,439042048,0.101577916,0.019179084,291576650,"""audited unique match""",1,554,3,149,5.633,1061709.4735499169,true,5.642020745,5.642020745,5.642020745,152,false,-0.009020744999999941,-0.009020744999999941,true,[]
"""candidate-matched-3""",148,6,148,5667,1000,false,1061709.4900567918,1061709.4900832502,1061709.602713792,,0,,0.11263054166920483,2,5777024,439042048,0.094912583,0.01436375,291576650,"""audited unique match""",1,557,3,150,5.667,1061709.6068821251,true,5.668687411,5.668687411,5.668687411,153,false,-0.0016874109999998055,-0.0016874109999998055,true,[]
"""candidate-matched-3""",149,6,149,5700,1000,false,1061709.6233862087,1061709.6234122503,1061709.7240902085,,0,,0.10067795822396874,2,5777024,439025664,0.08503475,0.012946708,291576650,"""audited unique match""",1,560,3,151,5.7,1061709.7402130002,true,5.711354077,5.711354077,5.711354077,154,false,-0.011354077000000018,-0.011354077000000018,true,[]
"""candidate-matched-3""",150,6,150,5733,1000,false,1061709.7567113335,1061709.7567401251,1061709.8577150002,,0,,0.10097487503662705,2,5777024,439058432,0.084070292,0.013595875,291576650,"""audited unique match""",1,564,3,152,5.733,1061709.873441917,true,5.738020743,5.738020743,5.738020743,155,false,-0.005020743000000216,-0.005020743000000216,true,[]
"""candidate-matched-3""",151,6,151,5767,1000,false,1061709.8900244168,1061709.8900486669,1061709.9974219168,,0,,0.1073732499498874,2,5777024,439074816,0.092306042,0.012392417,291576650,"""audited unique match""",1,568,3,153,5.767,1061710.0235457085,true,5.775354076,5.775354076,5.775354076,156,false,-0.008354075999999822,-0.008354075999999822,true,[]
"""candidate-matched-3""",152,6,152,5800,1000,false,1061710.0400596252,1061710.0400841252,1061710.1456926253,,0,,0.10560850007459521,2,5777024,439074816,0.088807041,0.01226125,291576650,"""audited unique match""",1,571,3,154,5.8,1061710.1567717919,true,5.807354076,5.807354076,5.807354076,157,false,-0.007354076000000376,-0.007354076000000376,true,[]
"""candidate-matched-3""",153,6,153,5833,1000,false,1061710.1733881668,1061710.1734105418,1061710.2761148335,,0,,0.10270429169759154,2,5777024,439074816,0.087590041,0.012528334,291576650,"""audited unique match""",1,574,3,155,5.833,1061710.2901388751,true,5.834020742,5.834020742,5.834020742,158,false,-0.0010207419999996858,-0.0010207419999996858,true,[]
"""candidate-matched-3""",154,6,154,5867,1000,false,1061710.3066867918,1061710.3067103336,1061710.4037607503,,0,,0.09705041674897075,2,5777024,439074816,0.081081333,0.012677166,291576650,"""audited unique match""",1,577,3,156,5.867,1061710.4068268752,true,5.8766874080000004,5.8766874080000004,5.8766874080000004,159,false,-0.009687408000000453,-0.009687408000000453,true,[]
"""candidate-matched-3""",155,6,155,5900,1000,false,1061710.4233320002,1061710.4233580418,1061710.5224993336,,0,,0.09914129180833697,2,5777024,439107584,0.082765167,0.013527625,291576650,"""audited unique match""",1,580,3,157,5.9,1061710.5234099585,true,5.903354074,5.903354074,5.903354074,160,false,-0.0033540739999997626,-0.0033540739999997626,true,[]
"""candidate-matched-3""",156,6,156,5933,1000,false,1061710.540046417,1061710.5400710835,1061710.6424731251,,0,,0.1024020416662097,2,5777024,439107584,0.086925708,0.012419584,291576650,"""audited unique match""",1,583,3,158,5.933,1061710.6567965837,true,5.94602074,5.94602074,5.94602074,161,false,-0.013020739999999975,-0.013020739999999975,true,[]
"""candidate-matched-3""",157,6,157,5967,1000,false,1061710.6733545836,1061710.673377792,1061710.7685702501,,0,,0.0951924582477659,2,5777024,439107584,0.0808,0.011822166,291576650,"""audited unique match""",1,586,3,159,5.967,1061710.7734617086,true,5.972687406,5.972687406,5.972687406,162,false,-0.005687406000000728,-0.005687406000000728,true,[]
"""candidate-matched-3""",158,6,158,6000,1000,false,1061710.7900699587,1061710.7900932918,1061710.8949654587,,0,,0.10487216687761247,2,5777024,439123968,0.087351584,0.014545584,291576650,"""audited unique match""",1,591,3,160,6.0,1061710.9234401253,true,6.010020739,6.010020739,6.010020739,163,false,-0.010020738999999779,-0.010020738999999779,true,[]
"""candidate-matched-3""",159,6,159,6033,1000,false,1061710.940059667,1061710.9400865836,1061711.0677024585,,0,,0.12761587486602366,2,5777024,439451648,0.110571084,0.014277542,291576650,"""audited unique match""",1,594,3,161,6.033,1061711.0734752086,true,6.042020739,6.042020739,6.042020739,164,false,-0.009020738999999445,-0.009020738999999445,true,[]
"""candidate-matched-3""",160,6,160,6067,1000,false,1061711.0900709168,1061711.0900960418,1061711.1969122086,,0,,0.10681616677902639,2,5777024,439451648,0.088601583,0.015204416,291576650,"""audited unique match""",1,597,3,162,6.067,1061711.2067564586,true,6.068687405,6.068687405,6.068687405,165,false,-0.0016874050000001972,-0.0016874050000001972,true,[]
"""candidate-matched-3""",161,6,161,6100,1000,false,1061711.2232989168,1061711.223323417,1061711.3223079585,,0,,0.09898454160429537,2,5777024,439468032,0.082362417,0.01356825,291576650,"""audited unique match""",1,600,3,163,6.1,1061711.3235116669,true,6.111354071,6.111354071,6.111354071,166,false,-0.01135407100000041,-0.01135407100000041,true,[]
"""candidate-matched-3""",162,6,162,6133,1000,false,1061711.340043292,1061711.340067667,1061711.4401972918,,0,,0.10012962482869625,2,5777024,439468032,0.085357583,0.0120425,291576650,"""audited unique match""",1,603,3,164,6.133,1061711.4567717502,true,6.138020737,6.138020737,6.138020737,167,false,-0.00502073699999972,-0.00502073699999972,true,[]
"""candidate-matched-3""",163,6,163,6167,1000,false,1061711.4732814585,1061711.473307417,1061711.5805869587,,0,,0.10727954166941345,2,5777024,439468032,0.090745333,0.013502959,291576650,"""audited unique match""",1,607,3,165,6.167,1061711.6068261252,true,6.17535407,6.17535407,6.17535407,168,false,-0.008354070000000213,-0.008354070000000213,true,[]
"""candidate-matched-3""",164,6,164,6200,1000,false,1061711.6233340835,1061711.6233638753,1061711.7394136253,,0,,0.11604975000955164,2,5777024,439500800,0.096093625,0.017137791,291576650,"""audited unique match""",1,610,3,166,6.2,1061711.7401440002,true,6.207354069,6.207354069,6.207354069,169,false,-0.007354068999999797,-0.007354068999999797,true,[]
"""candidate-matched-3""",165,6,165,6233,1000,false,1061711.7567336252,1061711.756759917,1061711.8935351253,,0,,0.1367752084042877,2,5777024,439500800,0.11497,0.017872583,291576650,"""audited unique match""",1,614,3,167,6.233,1061711.9069773336,true,6.234020736,6.234020736,6.234020736,170,false,-0.0010207360000000776,-0.0010207360000000776,true,[]
"""candidate-matched-3""",166,6,166,6267,1000,false,1061711.9233576253,1061711.9233870835,1061712.028946667,,0,,0.10555958352051675,2,5777024,439533568,0.084353209,0.018115042,291576650,"""audited unique match""",1,617,3,168,6.267,1061712.0402538753,true,6.276687402,6.276687402,6.276687402,171,false,-0.009687401999999956,-0.009687401999999956,true,[]
"""candidate-matched-3""",167,6,167,6300,1000,false,1061712.0567032502,1061712.0567324585,1061712.157339667,,0,,0.10060720844194293,2,5777024,439533568,0.081838542,0.015230542,291576650,"""audited unique match""",1,620,3,169,6.3,1061712.1735534586,true,6.303354068,6.303354068,6.303354068,172,false,-0.0033540680000001544,-0.0033540680000001544,true,[]
"""candidate-matched-3""",168,6,168,6333,1000,false,1061712.190027667,1061712.190056417,1061712.3141638753,,0,,0.12410745839588344,2,5777024,439336960,0.105584791,0.015572875,291576650,"""audited unique match""",1,623,3,170,6.333,1061712.3235757085,true,6.346020734,6.346020734,6.346020734,173,false,-0.013020733999999479,-0.013020733999999479,true,[]
"""candidate-matched-3""",169,6,169,6367,1000,false,1061712.3400471252,1061712.3400745837,1061712.450206417,,0,,0.11013183323666453,2,5777024,439336960,0.092003167,0.014978458,291576650,"""audited unique match""",1,626,3,171,6.367,1061712.4568332501,true,6.3726874,6.3726874,6.3726874,174,false,-0.005687400000000231,-0.005687400000000231,true,[]
"""candidate-matched-3""",170,6,170,6400,1000,false,1061712.473380917,1061712.4734087086,1061712.5874090835,,0,,0.11400037491694093,2,5777024,439336960,0.093830042,0.015594792,291576650,"""audited unique match""",1,630,3,172,6.4,1061712.6067982502,true,6.410020733,6.410020733,6.410020733,175,false,-0.010020732999999282,-0.010020732999999282,true,[]
"""candidate-matched-3""",171,6,171,6433,1000,false,1061712.6233815418,1061712.6234077502,1061712.7446125003,,0,,0.12120475014671683,2,5777024,439353344,0.098393208,0.019892625,291576650,"""audited unique match""",1,633,3,173,6.433,1061712.7567755003,true,6.442020732,6.442020732,6.442020732,176,false,-0.009020731999999754,-0.009020731999999754,true,[]
"""candidate-matched-3""",172,6,172,6467,1000,false,1061712.7733273336,1061712.7733542086,1061712.8873908336,,0,,0.11403662501834333,2,5777024,439369728,0.092915542,0.017423542,291576650,"""audited unique match""",1,637,3,174,6.467,1061712.890148792,true,6.468687399,6.468687399,6.468687399,177,false,-0.001687399000000589,-0.001687399000000589,true,[]
