ordinal,caseOrder,excludedWarmup,hasMotion,inputSHA256,pair,prepareCompletedWallSeconds,sourceFrameIndex,strategy,traversal,wrapDiscontinuity,ptsValue,ptsTimescale,durationValue,durationTimescale,mlxActiveBytes,mlxCacheBytes,mlxPeakActiveBytes,signature_hasMotion,reliableFraction,reset,warpedLumaError,signature_confidenceSHA256,signature_reliableFractionBits,signature_reset,signature_vectorsSHA256,signature_warpedLumaErrorBits,matchedExact,directBytesEqual
0,0,True,False,2067ac390b0ae7bb329aa2412208bdd5cd343cce076d9e653723773fae4aeb2f,0,0.039209083,1496,fresh,0,False,1738497,24000,1001,24000,298647552,0,298647552,False,,,,,,,,,,
1,0,True,True,26e222bb9f5e7471b646ea2c9aaa390c6d8295fff6a32776e1c662fe80b942af,0,0.052396917,1497,fresh,0,False,1739498,24000,1001,24000,323551232,72680592,396491024,True,0.558485746383667,False,0.0035485278349369764,ff24d7286b3978166808fccb18ded53d06f8a0687fe03a9af73eba1e698dc25c,1057945836,False,b5af93cbe1cc5d1d7f6ad42630abe65e9ea2748429906730d52b29109c701e87,996707947,,
2,0,True,True,e7e2b99a952b73cd3f5f6d84afa8bc6182ca7e151166c9c5dfaa1fbfc557d4b8,0,0.031770042,1498,fresh,0,False,1740499,24000,1001,24000,323551232,72680592,396491024,True,0,True,0.2732870578765869,788ae0147bdf979a6575938ca2d7d4403788588f7be2010f03776c968fd1ab49,0,True,1dd7f8a26e56dfba878da177773321a53dca3f2b9d00b46118d4425ec3093903,1049357384,,
3,0,False,True,14bb670c4466232e6ab633a2a6fdefd4c99bace2d8b10f6043f30829c0354b17,0,0.025787625,1499,fresh,0,False,1741500,24000,1001,24000,323551232,72680592,396491024,True,0.6067052483558655,False,0.0030015227384865284,e4d7d9ae97135d7dc185243b19490a1f40bcca651cf2b759538db368bedc01b7,1058754825,False,ee54d44ebac3dca564784630aa7e04eb0e50afdb17521dfa1b05c85b78882a48,994358578,,
4,0,False,True,d0803a559d88c0bd6b54e5cfded20c04d64f959e3c5009ee65a67a705aa33ce3,0,0.026381709,1500,fresh,0,False,1742501,24000,1001,24000,323551232,72680592,396491024,True,0.6119656562805176,False,0.0028315477538853884,ff2eeb16566030b9dd06a8c01bbf967fa94070c40acdbbea6a0d2dc48c7167eb,1058843080,False,26438fbe98f93bb7ea392c433b2bfd232c214d8aa921dac0b16df381e5575aa2,993628541,,
5,0,False,True,4945f8e1ed2a6ce70e38e9f25e6ee38a7d2a8b0e0901cab474531c8113227e4e,0,0.022115583,1501,fresh,0,False,1743502,24000,1001,24000,323551232,72680592,396491024,True,0.6451500058174133,False,0.0034486516378819942,7e53933ec6ffad34b19572512b6e4dd79cdf79d53cce1b9679f28641c8345004,1059399821,False,7978f43a3bced6a1c55c28e1bf996272c6bc5d5c543a9ffead43532ef8542ed8,996278982,,
6,0,False,True,ad7ed19b2a9ce48b75220fac53032ab41cea9d4eddfe62f09bb1c86e063d6e46,0,0.021786583,1502,fresh,0,False,1744503,24000,1001,24000,323551232,72680592,396491024,True,0.54786217212677,False,0.0041915904730558395,a1dc46082a3247c370a0bea80eac8a6a710ea1d6c4447263d927751d18344a45,1057767602,False,e33097e78f0358cea2f0b6c880c8d7430606842815c4dde063dad6f92247d23d,998857116,,
7,0,False,True,d0e5c2803d70ef53f24fac74b8d5709c4d6caeb53dcb90684c7e1275fa774a9b,0,0.02351125,1503,fresh,0,False,1745504,24000,1001,24000,323551232,72680592,396491024,True,0.5576794147491455,False,0.006229816935956478,258955f94ba510e2de8a6b14dfe07f10e1b6ab8e7d73c54fe6bc36c37eaa3d6d,1057932308,False,78c5f5048602e5bfe730d96301fea06c51773051ba1cc57f91269c205da7c095,1003234174,,
8,0,False,True,d841adda17732722059f6de44301e74fecb55acc82790a6183686bebf268ffa9,0,0.024838333,1504,fresh,0,False,1746505,24000,1001,24000,323551232,72680592,396491024,True,0.4978949725627899,False,0.007945631630718708,19e13139913e3ab371c6400a1c7c2c109d1d6fdfbe6cb24aaa64906f6d77c38d,1056893975,False,24a3e209d060296693c3cbd16489d2a7e2d46cced3ec107c250b5b226a6785b8,1006775909,,
9,0,False,True,5e9f8c578fbdaa9a79951a9a0b0db54ad2a6dc573f3248623711260204a2f518,0,0.025892583,1505,fresh,0,False,1747506,24000,1001,24000,323551232,72680592,396491024,True,0.527655303478241,False,0.007524316199123859,def4be0fb3fad44d0bba17f4ec87b34a29779692689a1e34b7c1d14c9890783d,1057428587,False,d25a99836273ea0743af4085c581ad6a8686930de7930c31b2dc4751ddf3138e,1006014090,,
10,0,False,True,005b4fbe5a259b3440cdbacb4d77d7d1174f34b0c160e36ea1d31a6d1e17e58c,0,0.027013,1506,fresh,0,False,1748507,24000,1001,24000,323551232,72680592,396491024,True,0.43426746129989624,False,0.00788638461381197,4884d6f9f54612fb41275b8e8d13cddd2192972bfafae0abaa4314560ed442e6,1054758990,False,6535db30047013aff9361867183968d00e14f046061dc1e02eb431fc8c269d36,1006712293,,
11,0,False,True,ae848c323367785c4afaf1dce9a980f379438c1285609a99009bbad4ea0dc89b,0,0.027775291,1507,fresh,0,False,1749508,24000,1001,24000,323551232,72680592,396491024,True,0.5358805656433105,False,0.008914805948734283,4a85e0bcb8f464c66c75cb11c1eec19ea4773c4d0c27fb17ca25c0938dce94de,1057566584,False,95337bec55e8cd043e66cac3aa222461d766c6318d86d69f2b8bc74569569192,1007816552,,
12,0,True,True,2067ac390b0ae7bb329aa2412208bdd5cd343cce076d9e653723773fae4aeb2f,0,0.023843125,1496,fresh,1,True,1738497,24000,1001,24000,323551232,72680592,396491024,True,0,True,0.26275041699409485,788ae0147bdf979a6575938ca2d7d4403788588f7be2010f03776c968fd1ab49,0,True,ca954688e08310567d16960ff74c9983fbd4bc77c918b924a37f77d810b0668c,1049003833,,
13,0,True,True,26e222bb9f5e7471b646ea2c9aaa390c6d8295fff6a32776e1c662fe80b942af,0,0.024445542,1497,fresh,1,False,1739498,24000,1001,24000,323551232,72680592,396491024,True,0.558485746383667,False,0.0035485278349369764,ff24d7286b3978166808fccb18ded53d06f8a0687fe03a9af73eba1e698dc25c,1057945836,False,b5af93cbe1cc5d1d7f6ad42630abe65e9ea2748429906730d52b29109c701e87,996707947,,
14,0,True,True,e7e2b99a952b73cd3f5f6d84afa8bc6182ca7e151166c9c5dfaa1fbfc557d4b8,0,0.023901166,1498,fresh,1,False,1740499,24000,1001,24000,323551232,72680592,396491024,True,0,True,0.2732870578765869,788ae0147bdf979a6575938ca2d7d4403788588f7be2010f03776c968fd1ab49,0,True,1dd7f8a26e56dfba878da177773321a53dca3f2b9d00b46118d4425ec3093903,1049357384,,
15,0,False,True,14bb670c4466232e6ab633a2a6fdefd4c99bace2d8b10f6043f30829c0354b17,0,0.025180084,1499,fresh,1,False,1741500,24000,1001,24000,323551232,72680592,396491024,True,0.6067052483558655,False,0.0030015227384865284,e4d7d9ae97135d7dc185243b19490a1f40bcca651cf2b759538db368bedc01b7,1058754825,False,ee54d44ebac3dca564784630aa7e04eb0e50afdb17521dfa1b05c85b78882a48,994358578,,
16,0,False,True,d0803a559d88c0bd6b54e5cfded20c04d64f959e3c5009ee65a67a705aa33ce3,0,0.026965916,1500,fresh,1,False,1742501,24000,1001,24000,323551232,72680592,396491024,True,0.6119656562805176,False,0.0028315477538853884,ff2eeb16566030b9dd06a8c01bbf967fa94070c40acdbbea6a0d2dc48c7167eb,1058843080,False,26438fbe98f93bb7ea392c433b2bfd232c214d8aa921dac0b16df381e5575aa2,993628541,,
17,0,False,True,4945f8e1ed2a6ce70e38e9f25e6ee38a7d2a8b0e0901cab474531c8113227e4e,0,0.024201542,1501,fresh,1,False,1743502,24000,1001,24000,323551232,72680592,396491024,True,0.6451500058174133,False,0.0034486516378819942,7e53933ec6ffad34b19572512b6e4dd79cdf79d53cce1b9679f28641c8345004,1059399821,False,7978f43a3bced6a1c55c28e1bf996272c6bc5d5c543a9ffead43532ef8542ed8,996278982,,
18,0,False,True,ad7ed19b2a9ce48b75220fac53032ab41cea9d4eddfe62f09bb1c86e063d6e46,0,0.02327625,1502,fresh,1,False,1744503,24000,1001,24000,323551232,72680592,396491024,True,0.54786217212677,False,0.0041915904730558395,a1dc46082a3247c370a0bea80eac8a6a710ea1d6c4447263d927751d18344a45,1057767602,False,e33097e78f0358cea2f0b6c880c8d7430606842815c4dde063dad6f92247d23d,998857116,,
19,0,False,True,d0e5c2803d70ef53f24fac74b8d5709c4d6caeb53dcb90684c7e1275fa774a9b,0,0.025132292,1503,fresh,1,False,1745504,24000,1001,24000,323551232,72680592,396491024,True,0.5576794147491455,False,0.006229816935956478,258955f94ba510e2de8a6b14dfe07f10e1b6ab8e7d73c54fe6bc36c37eaa3d6d,1057932308,False,78c5f5048602e5bfe730d96301fea06c51773051ba1cc57f91269c205da7c095,1003234174,,
20,0,False,True,d841adda17732722059f6de44301e74fecb55acc82790a6183686bebf268ffa9,0,0.025658959,1504,fresh,1,False,1746505,24000,1001,24000,323551232,72680592,396491024,True,0.4978949725627899,False,0.007945631630718708,19e13139913e3ab371c6400a1c7c2c109d1d6fdfbe6cb24aaa64906f6d77c38d,1056893975,False,24a3e209d060296693c3cbd16489d2a7e2d46cced3ec107c250b5b226a6785b8,1006775909,,
21,0,False,True,5e9f8c578fbdaa9a79951a9a0b0db54ad2a6dc573f3248623711260204a2f518,0,0.024067959,1505,fresh,1,False,1747506,24000,1001,24000,323551232,72680592,396491024,True,0.527655303478241,False,0.007524316199123859,def4be0fb3fad44d0bba17f4ec87b34a29779692689a1e34b7c1d14c9890783d,1057428587,False,d25a99836273ea0743af4085c581ad6a8686930de7930c31b2dc4751ddf3138e,1006014090,,
22,0,False,True,005b4fbe5a259b3440cdbacb4d77d7d1174f34b0c160e36ea1d31a6d1e17e58c,0,0.025945666,1506,fresh,1,False,1748507,24000,1001,24000,323551232,72680592,396491024,True,0.43426746129989624,False,0.00788638461381197,4884d6f9f54612fb41275b8e8d13cddd2192972bfafae0abaa4314560ed442e6,1054758990,False,6535db30047013aff9361867183968d00e14f046061dc1e02eb431fc8c269d36,1006712293,,
23,0,False,True,ae848c323367785c4afaf1dce9a980f379438c1285609a99009bbad4ea0dc89b,0,0.021622167,1507,fresh,1,False,1749508,24000,1001,24000,323551232,72680592,396491024,True,0.5358805656433105,False,0.008914805948734283,4a85e0bcb8f464c66c75cb11c1eec19ea4773c4d0c27fb17ca25c0938dce94de,1057566584,False,95337bec55e8cd043e66cac3aa222461d766c6318d86d69f2b8bc74569569192,1007816552,,
24,0,True,True,2067ac390b0ae7bb329aa2412208bdd5cd343cce076d9e653723773fae4aeb2f,0,0.0184805,1496,fresh,2,True,1738497,24000,1001,24000,323551232,72680592,396491024,True,0,True,0.26275041699409485,788ae0147bdf979a6575938ca2d7d4403788588f7be2010f03776c968fd1ab49,0,True,ca954688e08310567d16960ff74c9983fbd4bc77c918b924a37f77d810b0668c,1049003833,,
25,0,True,True,26e222bb9f5e7471b646ea2c9aaa390c6d8295fff6a32776e1c662fe80b942af,0,0.019812625,1497,fresh,2,False,1739498,24000,1001,24000,323551232,72680592,396491024,True,0.558485746383667,False,0.0035485278349369764,ff24d7286b3978166808fccb18ded53d06f8a0687fe03a9af73eba1e698dc25c,1057945836,False,b5af93cbe1cc5d1d7f6ad42630abe65e9ea2748429906730d52b29109c701e87,996707947,,
26,0,True,True,e7e2b99a952b73cd3f5f6d84afa8bc6182ca7e151166c9c5dfaa1fbfc557d4b8,0,0.019234,1498,fresh,2,False,1740499,24000,1001,24000,323551232,72680592,396491024,True,0,True,0.2732870578765869,788ae0147bdf979a6575938ca2d7d4403788588f7be2010f03776c968fd1ab49,0,True,1dd7f8a26e56dfba878da177773321a53dca3f2b9d00b46118d4425ec3093903,1049357384,,
27,0,False,True,14bb670c4466232e6ab633a2a6fdefd4c99bace2d8b10f6043f30829c0354b17,0,0.021674667,1499,fresh,2,False,1741500,24000,1001,24000,323551232,72680592,396491024,True,0.6067052483558655,False,0.0030015227384865284,e4d7d9ae97135d7dc185243b19490a1f40bcca651cf2b759538db368bedc01b7,1058754825,False,ee54d44ebac3dca564784630aa7e04eb0e50afdb17521dfa1b05c85b78882a48,994358578,,
28,0,False,True,d0803a559d88c0bd6b54e5cfded20c04d64f959e3c5009ee65a67a705aa33ce3,0,0.02373525,1500,fresh,2,False,1742501,24000,1001,24000,323551232,72680592,396491024,True,0.6119656562805176,False,0.0028315477538853884,ff2eeb16566030b9dd06a8c01bbf967fa94070c40acdbbea6a0d2dc48c7167eb,1058843080,False,26438fbe98f93bb7ea392c433b2bfd232c214d8aa921dac0b16df381e5575aa2,993628541,,
29,0,False,True,4945f8e1ed2a6ce70e38e9f25e6ee38a7d2a8b0e0901cab474531c8113227e4e,0,0.024396791,1501,fresh,2,False,1743502,24000,1001,24000,323551232,72680592,396491024,True,0.6451500058174133,False,0.0034486516378819942,7e53933ec6ffad34b19572512b6e4dd79cdf79d53cce1b9679f28641c8345004,1059399821,False,7978f43a3bced6a1c55c28e1bf996272c6bc5d5c543a9ffead43532ef8542ed8,996278982,,
30,0,False,True,ad7ed19b2a9ce48b75220fac53032ab41cea9d4eddfe62f09bb1c86e063d6e46,0,0.023993833,1502,fresh,2,False,1744503,24000,1001,24000,323551232,72680592,396491024,True,0.54786217212677,False,0.0041915904730558395,a1dc46082a3247c370a0bea80eac8a6a710ea1d6c4447263d927751d18344a45,1057767602,False,e33097e78f0358cea2f0b6c880c8d7430606842815c4dde063dad6f92247d23d,998857116,,
31,0,False,True,d0e5c2803d70ef53f24fac74b8d5709c4d6caeb53dcb90684c7e1275fa774a9b,0,0.031733125,1503,fresh,2,False,1745504,24000,1001,24000,323551232,72680592,396491024,True,0.5576794147491455,False,0.006229816935956478,258955f94ba510e2de8a6b14dfe07f10e1b6ab8e7d73c54fe6bc36c37eaa3d6d,1057932308,False,78c5f5048602e5bfe730d96301fea06c51773051ba1cc57f91269c205da7c095,1003234174,,
32,0,False,True,d841adda17732722059f6de44301e74fecb55acc82790a6183686bebf268ffa9,0,0.023984834,1504,fresh,2,False,1746505,24000,1001,24000,323551232,72680592,396491024,True,0.4978949725627899,False,0.007945631630718708,19e13139913e3ab371c6400a1c7c2c109d1d6fdfbe6cb24aaa64906f6d77c38d,1056893975,False,24a3e209d060296693c3cbd16489d2a7e2d46cced3ec107c250b5b226a6785b8,1006775909,,
33,0,False,True,5e9f8c578fbdaa9a79951a9a0b0db54ad2a6dc573f3248623711260204a2f518,0,0.02550225,1505,fresh,2,False,1747506,24000,1001,24000,323551232,72680592,396491024,True,0.527655303478241,False,0.007524316199123859,def4be0fb3fad44d0bba17f4ec87b34a29779692689a1e34b7c1d14c9890783d,1057428587,False,d25a99836273ea0743af4085c581ad6a8686930de7930c31b2dc4751ddf3138e,1006014090,,
34,0,False,True,005b4fbe5a259b3440cdbacb4d77d7d1174f34b0c160e36ea1d31a6d1e17e58c,0,0.0238735,1506,fresh,2,False,1748507,24000,1001,24000,323551232,72680592,396491024,True,0.43426746129989624,False,0.00788638461381197,4884d6f9f54612fb41275b8e8d13cddd2192972bfafae0abaa4314560ed442e6,1054758990,False,6535db30047013aff9361867183968d00e14f046061dc1e02eb431fc8c269d36,1006712293,,
35,0,False,True,ae848c323367785c4afaf1dce9a980f379438c1285609a99009bbad4ea0dc89b,0,0.029362,1507,fresh,2,False,1749508,24000,1001,24000,323551232,72680592,396491024,True,0.5358805656433105,False,0.008914805948734283,4a85e0bcb8f464c66c75cb11c1eec19ea4773c4d0c27fb17ca25c0938dce94de,1057566584,False,95337bec55e8cd043e66cac3aa222461d766c6318d86d69f2b8bc74569569192,1007816552,,
36,1,True,False,2067ac390b0ae7bb329aa2412208bdd5cd343cce076d9e653723773fae4aeb2f,0,0.003754334,1496,pooled,0,False,1738497,24000,1001,24000,298647552,97584272,396491024,False,,,,,,,,,True,
37,1,True,True,26e222bb9f5e7471b646ea2c9aaa390c6d8295fff6a32776e1c662fe80b942af,0,0.03110975,1497,pooled,0,False,1739498,24000,1001,24000,323551232,72680592,396491024,True,0.558485746383667,False,0.0035485278349369764,ff24d7286b3978166808fccb18ded53d06f8a0687fe03a9af73eba1e698dc25c,1057945836,False,b5af93cbe1cc5d1d7f6ad42630abe65e9ea2748429906730d52b29109c701e87,996707947,True,
38,1,True,True,e7e2b99a952b73cd3f5f6d84afa8bc6182ca7e151166c9c5dfaa1fbfc557d4b8,0,0.033763209,1498,pooled,0,False,1740499,24000,1001,24000,323551232,72680592,396491024,True,0,True,0.2732870578765869,788ae0147bdf979a6575938ca2d7d4403788588f7be2010f03776c968fd1ab49,0,True,1dd7f8a26e56dfba878da177773321a53dca3f2b9d00b46118d4425ec3093903,1049357384,True,True
39,1,False,True,14bb670c4466232e6ab633a2a6fdefd4c99bace2d8b10f6043f30829c0354b17,0,0.0322735,1499,pooled,0,False,1741500,24000,1001,24000,323551232,72680592,396491024,True,0.6067052483558655,False,0.0030015227384865284,e4d7d9ae97135d7dc185243b19490a1f40bcca651cf2b759538db368bedc01b7,1058754825,False,ee54d44ebac3dca564784630aa7e04eb0e50afdb17521dfa1b05c85b78882a48,994358578,True,True
40,1,False,True,d0803a559d88c0bd6b54e5cfded20c04d64f959e3c5009ee65a67a705aa33ce3,0,0.029528792,1500,pooled,0,False,1742501,24000,1001,24000,323551232,72680592,396491024,True,0.6119656562805176,False,0.0028315477538853884,ff2eeb16566030b9dd06a8c01bbf967fa94070c40acdbbea6a0d2dc48c7167eb,1058843080,False,26438fbe98f93bb7ea392c433b2bfd232c214d8aa921dac0b16df381e5575aa2,993628541,True,
41,1,False,True,4945f8e1ed2a6ce70e38e9f25e6ee38a7d2a8b0e0901cab474531c8113227e4e,0,0.026903292,1501,pooled,0,False,1743502,24000,1001,24000,323551232,72680592,396491024,True,0.6451500058174133,False,0.0034486516378819942,7e53933ec6ffad34b19572512b6e4dd79cdf79d53cce1b9679f28641c8345004,1059399821,False,7978f43a3bced6a1c55c28e1bf996272c6bc5d5c543a9ffead43532ef8542ed8,996278982,True,
42,1,False,True,ad7ed19b2a9ce48b75220fac53032ab41cea9d4eddfe62f09bb1c86e063d6e46,0,0.020537583,1502,pooled,0,False,1744503,24000,1001,24000,323551232,72680592,396491024,True,0.54786217212677,False,0.0041915904730558395,a1dc46082a3247c370a0bea80eac8a6a710ea1d6c4447263d927751d18344a45,1057767602,False,e33097e78f0358cea2f0b6c880c8d7430606842815c4dde063dad6f92247d23d,998857116,True,
43,1,False,True,d0e5c2803d70ef53f24fac74b8d5709c4d6caeb53dcb90684c7e1275fa774a9b,0,0.02588,1503,pooled,0,False,1745504,24000,1001,24000,323551232,72680592,396491024,True,0.5576794147491455,False,0.006229816935956478,258955f94ba510e2de8a6b14dfe07f10e1b6ab8e7d73c54fe6bc36c37eaa3d6d,1057932308,False,78c5f5048602e5bfe730d96301fea06c51773051ba1cc57f91269c205da7c095,1003234174,True,
44,1,False,True,d841adda17732722059f6de44301e74fecb55acc82790a6183686bebf268ffa9,0,0.025989916,1504,pooled,0,False,1746505,24000,1001,24000,323551232,72680592,396491024,True,0.4978949725627899,False,0.007945631630718708,19e13139913e3ab371c6400a1c7c2c109d1d6fdfbe6cb24aaa64906f6d77c38d,1056893975,False,24a3e209d060296693c3cbd16489d2a7e2d46cced3ec107c250b5b226a6785b8,1006775909,True,
45,1,False,True,5e9f8c578fbdaa9a79951a9a0b0db54ad2a6dc573f3248623711260204a2f518,0,0.02627975,1505,pooled,0,False,1747506,24000,1001,24000,323551232,72680592,396491024,True,0.527655303478241,False,0.007524316199123859,def4be0fb3fad44d0bba17f4ec87b34a29779692689a1e34b7c1d14c9890783d,1057428587,False,d25a99836273ea0743af4085c581ad6a8686930de7930c31b2dc4751ddf3138e,1006014090,True,
46,1,False,True,005b4fbe5a259b3440cdbacb4d77d7d1174f34b0c160e36ea1d31a6d1e17e58c,0,0.025775167,1506,pooled,0,False,1748507,24000,1001,24000,323551232,72680592,396491024,True,0.43426746129989624,False,0.00788638461381197,4884d6f9f54612fb41275b8e8d13cddd2192972bfafae0abaa4314560ed442e6,1054758990,False,6535db30047013aff9361867183968d00e14f046061dc1e02eb431fc8c269d36,1006712293,True,
47,1,False,True,ae848c323367785c4afaf1dce9a980f379438c1285609a99009bbad4ea0dc89b,0,0.025776584,1507,pooled,0,False,1749508,24000,1001,24000,323551232,72680592,396491024,True,0.5358805656433105,False,0.008914805948734283,4a85e0bcb8f464c66c75cb11c1eec19ea4773c4d0c27fb17ca25c0938dce94de,1057566584,False,95337bec55e8cd043e66cac3aa222461d766c6318d86d69f2b8bc74569569192,1007816552,True,
48,1,True,True,2067ac390b0ae7bb329aa2412208bdd5cd343cce076d9e653723773fae4aeb2f,0,0.0235475,1496,pooled,1,True,1738497,24000,1001,24000,323551232,72680592,396491024,True,0,True,0.26275041699409485,788ae0147bdf979a6575938ca2d7d4403788588f7be2010f03776c968fd1ab49,0,True,ca954688e08310567d16960ff74c9983fbd4bc77c918b924a37f77d810b0668c,1049003833,True,
49,1,True,True,26e222bb9f5e7471b646ea2c9aaa390c6d8295fff6a32776e1c662fe80b942af,0,0.022895375,1497,pooled,1,False,1739498,24000,1001,24000,323551232,72680592,396491024,True,0.558485746383667,False,0.0035485278349369764,ff24d7286b3978166808fccb18ded53d06f8a0687fe03a9af73eba1e698dc25c,1057945836,False,b5af93cbe1cc5d1d7f6ad42630abe65e9ea2748429906730d52b29109c701e87,996707947,True,
50,1,True,True,e7e2b99a952b73cd3f5f6d84afa8bc6182ca7e151166c9c5dfaa1fbfc557d4b8,0,0.042724667,1498,pooled,1,False,1740499,24000,1001,24000,323551232,72680592,396491024,True,0,True,0.2732870578765869,788ae0147bdf979a6575938ca2d7d4403788588f7be2010f03776c968fd1ab49,0,True,1dd7f8a26e56dfba878da177773321a53dca3f2b9d00b46118d4425ec3093903,1049357384,True,True
51,1,False,True,14bb670c4466232e6ab633a2a6fdefd4c99bace2d8b10f6043f30829c0354b17,0,0.024694666,1499,pooled,1,False,1741500,24000,1001,24000,323551232,72680592,396491024,True,0.6067052483558655,False,0.0030015227384865284,e4d7d9ae97135d7dc185243b19490a1f40bcca651cf2b759538db368bedc01b7,1058754825,False,ee54d44ebac3dca564784630aa7e04eb0e50afdb17521dfa1b05c85b78882a48,994358578,True,True
52,1,False,True,d0803a559d88c0bd6b54e5cfded20c04d64f959e3c5009ee65a67a705aa33ce3,0,0.025963875,1500,pooled,1,False,1742501,24000,1001,24000,323551232,72680592,396491024,True,0.6119656562805176,False,0.0028315477538853884,ff2eeb16566030b9dd06a8c01bbf967fa94070c40acdbbea6a0d2dc48c7167eb,1058843080,False,26438fbe98f93bb7ea392c433b2bfd232c214d8aa921dac0b16df381e5575aa2,993628541,True,
53,1,False,True,4945f8e1ed2a6ce70e38e9f25e6ee38a7d2a8b0e0901cab474531c8113227e4e,0,0.023124208,1501,pooled,1,False,1743502,24000,1001,24000,323551232,72680592,396491024,True,0.6451500058174133,False,0.0034486516378819942,7e53933ec6ffad34b19572512b6e4dd79cdf79d53cce1b9679f28641c8345004,1059399821,False,7978f43a3bced6a1c55c28e1bf996272c6bc5d5c543a9ffead43532ef8542ed8,996278982,True,
54,1,False,True,ad7ed19b2a9ce48b75220fac53032ab41cea9d4eddfe62f09bb1c86e063d6e46,0,0.021682,1502,pooled,1,False,1744503,24000,1001,24000,323551232,72680592,396491024,True,0.54786217212677,False,0.0041915904730558395,a1dc46082a3247c370a0bea80eac8a6a710ea1d6c4447263d927751d18344a45,1057767602,False,e33097e78f0358cea2f0b6c880c8d7430606842815c4dde063dad6f92247d23d,998857116,True,
55,1,False,True,d0e5c2803d70ef53f24fac74b8d5709c4d6caeb53dcb90684c7e1275fa774a9b,0,0.024159,1503,pooled,1,False,1745504,24000,1001,24000,323551232,72680592,396491024,True,0.5576794147491455,False,0.006229816935956478,258955f94ba510e2de8a6b14dfe07f10e1b6ab8e7d73c54fe6bc36c37eaa3d6d,1057932308,False,78c5f5048602e5bfe730d96301fea06c51773051ba1cc57f91269c205da7c095,1003234174,True,
56,1,False,True,d841adda17732722059f6de44301e74fecb55acc82790a6183686bebf268ffa9,0,0.024713625,1504,pooled,1,False,1746505,24000,1001,24000,323551232,72680592,396491024,True,0.4978949725627899,False,0.007945631630718708,19e13139913e3ab371c6400a1c7c2c109d1d6fdfbe6cb24aaa64906f6d77c38d,1056893975,False,24a3e209d060296693c3cbd16489d2a7e2d46cced3ec107c250b5b226a6785b8,1006775909,True,
57,1,False,True,5e9f8c578fbdaa9a79951a9a0b0db54ad2a6dc573f3248623711260204a2f518,0,0.025890667,1505,pooled,1,False,1747506,24000,1001,24000,323551232,72680592,396491024,True,0.527655303478241,False,0.007524316199123859,def4be0fb3fad44d0bba17f4ec87b34a29779692689a1e34b7c1d14c9890783d,1057428587,False,d25a99836273ea0743af4085c581ad6a8686930de7930c31b2dc4751ddf3138e,1006014090,True,
58,1,False,True,005b4fbe5a259b3440cdbacb4d77d7d1174f34b0c160e36ea1d31a6d1e17e58c,0,0.024426,1506,pooled,1,False,1748507,24000,1001,24000,323551232,72680592,396491024,True,0.43426746129989624,False,0.00788638461381197,4884d6f9f54612fb41275b8e8d13cddd2192972bfafae0abaa4314560ed442e6,1054758990,False,6535db30047013aff9361867183968d00e14f046061dc1e02eb431fc8c269d36,1006712293,True,
59,1,False,True,ae848c323367785c4afaf1dce9a980f379438c1285609a99009bbad4ea0dc89b,0,0.023529667,1507,pooled,1,False,1749508,24000,1001,24000,323551232,72680592,396491024,True,0.5358805656433105,False,0.008914805948734283,4a85e0bcb8f464c66c75cb11c1eec19ea4773c4d0c27fb17ca25c0938dce94de,1057566584,False,95337bec55e8cd043e66cac3aa222461d766c6318d86d69f2b8bc74569569192,1007816552,True,
60,1,True,True,2067ac390b0ae7bb329aa2412208bdd5cd343cce076d9e653723773fae4aeb2f,0,0.0201505,1496,pooled,2,True,1738497,24000,1001,24000,323551232,72680592,396491024,True,0,True,0.26275041699409485,788ae0147bdf979a6575938ca2d7d4403788588f7be2010f03776c968fd1ab49,0,True,ca954688e08310567d16960ff74c9983fbd4bc77c918b924a37f77d810b0668c,1049003833,True,
61,1,True,True,26e222bb9f5e7471b646ea2c9aaa390c6d8295fff6a32776e1c662fe80b942af,0,0.022485166,1497,pooled,2,False,1739498,24000,1001,24000,323551232,72680592,396491024,True,0.558485746383667,False,0.0035485278349369764,ff24d7286b3978166808fccb18ded53d06f8a0687fe03a9af73eba1e698dc25c,1057945836,False,b5af93cbe1cc5d1d7f6ad42630abe65e9ea2748429906730d52b29109c701e87,996707947,True,
62,1,True,True,e7e2b99a952b73cd3f5f6d84afa8bc6182ca7e151166c9c5dfaa1fbfc557d4b8,0,0.019283667,1498,pooled,2,False,1740499,24000,1001,24000,323551232,72680592,396491024,True,0,True,0.2732870578765869,788ae0147bdf979a6575938ca2d7d4403788588f7be2010f03776c968fd1ab49,0,True,1dd7f8a26e56dfba878da177773321a53dca3f2b9d00b46118d4425ec3093903,1049357384,True,True
63,1,False,True,14bb670c4466232e6ab633a2a6fdefd4c99bace2d8b10f6043f30829c0354b17,0,0.022890375,1499,pooled,2,False,1741500,24000,1001,24000,323551232,72680592,396491024,True,0.6067052483558655,False,0.0030015227384865284,e4d7d9ae97135d7dc185243b19490a1f40bcca651cf2b759538db368bedc01b7,1058754825,False,ee54d44ebac3dca564784630aa7e04eb0e50afdb17521dfa1b05c85b78882a48,994358578,True,True
64,1,False,True,d0803a559d88c0bd6b54e5cfded20c04d64f959e3c5009ee65a67a705aa33ce3,0,0.020466375,1500,pooled,2,False,1742501,24000,1001,24000,323551232,72680592,396491024,True,0.6119656562805176,False,0.0028315477538853884,ff2eeb16566030b9dd06a8c01bbf967fa94070c40acdbbea6a0d2dc48c7167eb,1058843080,False,26438fbe98f93bb7ea392c433b2bfd232c214d8aa921dac0b16df381e5575aa2,993628541,True,
65,1,False,True,4945f8e1ed2a6ce70e38e9f25e6ee38a7d2a8b0e0901cab474531c8113227e4e,0,0.020482917,1501,pooled,2,False,1743502,24000,1001,24000,323551232,72680592,396491024,True,0.6451500058174133,False,0.0034486516378819942,7e53933ec6ffad34b19572512b6e4dd79cdf79d53cce1b9679f28641c8345004,1059399821,False,7978f43a3bced6a1c55c28e1bf996272c6bc5d5c543a9ffead43532ef8542ed8,996278982,True,
66,1,False,True,ad7ed19b2a9ce48b75220fac53032ab41cea9d4eddfe62f09bb1c86e063d6e46,0,0.021926375,1502,pooled,2,False,1744503,24000,1001,24000,323551232,72680592,396491024,True,0.54786217212677,False,0.0041915904730558395,a1dc46082a3247c370a0bea80eac8a6a710ea1d6c4447263d927751d18344a45,1057767602,False,e33097e78f0358cea2f0b6c880c8d7430606842815c4dde063dad6f92247d23d,998857116,True,
67,1,False,True,d0e5c2803d70ef53f24fac74b8d5709c4d6caeb53dcb90684c7e1275fa774a9b,0,0.023671125,1503,pooled,2,False,1745504,24000,1001,24000,323551232,72680592,396491024,True,0.5576794147491455,False,0.006229816935956478,258955f94ba510e2de8a6b14dfe07f10e1b6ab8e7d73c54fe6bc36c37eaa3d6d,1057932308,False,78c5f5048602e5bfe730d96301fea06c51773051ba1cc57f91269c205da7c095,1003234174,True,
68,1,False,True,d841adda17732722059f6de44301e74fecb55acc82790a6183686bebf268ffa9,0,0.036400042,1504,pooled,2,False,1746505,24000,1001,24000,323551232,72680592,396491024,True,0.4978949725627899,False,0.007945631630718708,19e13139913e3ab371c6400a1c7c2c109d1d6fdfbe6cb24aaa64906f6d77c38d,1056893975,False,24a3e209d060296693c3cbd16489d2a7e2d46cced3ec107c250b5b226a6785b8,1006775909,True,
69,1,False,True,5e9f8c578fbdaa9a79951a9a0b0db54ad2a6dc573f3248623711260204a2f518,0,0.099038792,1505,pooled,2,False,1747506,24000,1001,24000,323551232,72680592,396491024,True,0.527655303478241,False,0.007524316199123859,def4be0fb3fad44d0bba17f4ec87b34a29779692689a1e34b7c1d14c9890783d,1057428587,False,d25a99836273ea0743af4085c581ad6a8686930de7930c31b2dc4751ddf3138e,1006014090,True,
70,1,False,True,005b4fbe5a259b3440cdbacb4d77d7d1174f34b0c160e36ea1d31a6d1e17e58c,0,0.020418125,1506,pooled,2,False,1748507,24000,1001,24000,323551232,72680592,396491024,True,0.43426746129989624,False,0.00788638461381197,4884d6f9f54612fb41275b8e8d13cddd2192972bfafae0abaa4314560ed442e6,1054758990,False,6535db30047013aff9361867183968d00e14f046061dc1e02eb431fc8c269d36,1006712293,True,
71,1,False,True,ae848c323367785c4afaf1dce9a980f379438c1285609a99009bbad4ea0dc89b,0,0.02357975,1507,pooled,2,False,1749508,24000,1001,24000,323551232,72680592,396491024,True,0.5358805656433105,False,0.008914805948734283,4a85e0bcb8f464c66c75cb11c1eec19ea4773c4d0c27fb17ca25c0938dce94de,1057566584,False,95337bec55e8cd043e66cac3aa222461d766c6318d86d69f2b8bc74569569192,1007816552,True,
72,0,True,True,2067ac390b0ae7bb329aa2412208bdd5cd343cce076d9e653723773fae4aeb2f,1,0.020735709,1496,pooled,0,True,1738497,24000,1001,24000,323551232,72680592,396491024,True,0,True,0.26275041699409485,788ae0147bdf979a6575938ca2d7d4403788588f7be2010f03776c968fd1ab49,0,True,ca954688e08310567d16960ff74c9983fbd4bc77c918b924a37f77d810b0668c,1049003833,,
73,0,True,True,26e222bb9f5e7471b646ea2c9aaa390c6d8295fff6a32776e1c662fe80b942af,1,0.021405958,1497,pooled,0,False,1739498,24000,1001,24000,323551232,72680592,396491024,True,0.558485746383667,False,0.0035485278349369764,ff24d7286b3978166808fccb18ded53d06f8a0687fe03a9af73eba1e698dc25c,1057945836,False,b5af93cbe1cc5d1d7f6ad42630abe65e9ea2748429906730d52b29109c701e87,996707947,,
74,0,True,True,e7e2b99a952b73cd3f5f6d84afa8bc6182ca7e151166c9c5dfaa1fbfc557d4b8,1,0.023969292,1498,pooled,0,False,1740499,24000,1001,24000,323551232,72680592,396491024,True,0,True,0.2732870578765869,788ae0147bdf979a6575938ca2d7d4403788588f7be2010f03776c968fd1ab49,0,True,1dd7f8a26e56dfba878da177773321a53dca3f2b9d00b46118d4425ec3093903,1049357384,,
75,0,False,True,14bb670c4466232e6ab633a2a6fdefd4c99bace2d8b10f6043f30829c0354b17,1,0.02543525,1499,pooled,0,False,1741500,24000,1001,24000,323551232,72680592,396491024,True,0.6067052483558655,False,0.0030015227384865284,e4d7d9ae97135d7dc185243b19490a1f40bcca651cf2b759538db368bedc01b7,1058754825,False,ee54d44ebac3dca564784630aa7e04eb0e50afdb17521dfa1b05c85b78882a48,994358578,,
76,0,False,True,d0803a559d88c0bd6b54e5cfded20c04d64f959e3c5009ee65a67a705aa33ce3,1,0.020585833,1500,pooled,0,False,1742501,24000,1001,24000,323551232,72680592,396491024,True,0.6119656562805176,False,0.0028315477538853884,ff2eeb16566030b9dd06a8c01bbf967fa94070c40acdbbea6a0d2dc48c7167eb,1058843080,False,26438fbe98f93bb7ea392c433b2bfd232c214d8aa921dac0b16df381e5575aa2,993628541,,
77,0,False,True,4945f8e1ed2a6ce70e38e9f25e6ee38a7d2a8b0e0901cab474531c8113227e4e,1,0.025329666,1501,pooled,0,False,1743502,24000,1001,24000,323551232,72680592,396491024,True,0.6451500058174133,False,0.0034486516378819942,7e53933ec6ffad34b19572512b6e4dd79cdf79d53cce1b9679f28641c8345004,1059399821,False,7978f43a3bced6a1c55c28e1bf996272c6bc5d5c543a9ffead43532ef8542ed8,996278982,,
78,0,False,True,ad7ed19b2a9ce48b75220fac53032ab41cea9d4eddfe62f09bb1c86e063d6e46,1,0.029359709,1502,pooled,0,False,1744503,24000,1001,24000,323551232,72680592,396491024,True,0.54786217212677,False,0.0041915904730558395,a1dc46082a3247c370a0bea80eac8a6a710ea1d6c4447263d927751d18344a45,1057767602,False,e33097e78f0358cea2f0b6c880c8d7430606842815c4dde063dad6f92247d23d,998857116,,
79,0,False,True,d0e5c2803d70ef53f24fac74b8d5709c4d6caeb53dcb90684c7e1275fa774a9b,1,0.028615167,1503,pooled,0,False,1745504,24000,1001,24000,323551232,72680592,396491024,True,0.5576794147491455,False,0.006229816935956478,258955f94ba510e2de8a6b14dfe07f10e1b6ab8e7d73c54fe6bc36c37eaa3d6d,1057932308,False,78c5f5048602e5bfe730d96301fea06c51773051ba1cc57f91269c205da7c095,1003234174,,
80,0,False,True,d841adda17732722059f6de44301e74fecb55acc82790a6183686bebf268ffa9,1,0.024769292,1504,pooled,0,False,1746505,24000,1001,24000,323551232,72680592,396491024,True,0.4978949725627899,False,0.007945631630718708,19e13139913e3ab371c6400a1c7c2c109d1d6fdfbe6cb24aaa64906f6d77c38d,1056893975,False,24a3e209d060296693c3cbd16489d2a7e2d46cced3ec107c250b5b226a6785b8,1006775909,,
81,0,False,True,5e9f8c578fbdaa9a79951a9a0b0db54ad2a6dc573f3248623711260204a2f518,1,0.023478625,1505,pooled,0,False,1747506,24000,1001,24000,323551232,72680592,396491024,True,0.527655303478241,False,0.007524316199123859,def4be0fb3fad44d0bba17f4ec87b34a29779692689a1e34b7c1d14c9890783d,1057428587,False,d25a99836273ea0743af4085c581ad6a8686930de7930c31b2dc4751ddf3138e,1006014090,,
82,0,False,True,005b4fbe5a259b3440cdbacb4d77d7d1174f34b0c160e36ea1d31a6d1e17e58c,1,0.025113334,1506,pooled,0,False,1748507,24000,1001,24000,323551232,72680592,396491024,True,0.43426746129989624,False,0.00788638461381197,4884d6f9f54612fb41275b8e8d13cddd2192972bfafae0abaa4314560ed442e6,1054758990,False,6535db30047013aff9361867183968d00e14f046061dc1e02eb431fc8c269d36,1006712293,,
83,0,False,True,ae848c323367785c4afaf1dce9a980f379438c1285609a99009bbad4ea0dc89b,1,0.0262265,1507,pooled,0,False,1749508,24000,1001,24000,323551232,72680592,396491024,True,0.5358805656433105,False,0.008914805948734283,4a85e0bcb8f464c66c75cb11c1eec19ea4773c4d0c27fb17ca25c0938dce94de,1057566584,False,95337bec55e8cd043e66cac3aa222461d766c6318d86d69f2b8bc74569569192,1007816552,,
84,0,True,True,2067ac390b0ae7bb329aa2412208bdd5cd343cce076d9e653723773fae4aeb2f,1,0.024230042,1496,pooled,1,True,1738497,24000,1001,24000,323551232,72680592,396491024,True,0,True,0.26275041699409485,788ae0147bdf979a6575938ca2d7d4403788588f7be2010f03776c968fd1ab49,0,True,ca954688e08310567d16960ff74c9983fbd4bc77c918b924a37f77d810b0668c,1049003833,,
85,0,True,True,26e222bb9f5e7471b646ea2c9aaa390c6d8295fff6a32776e1c662fe80b942af,1,0.019906791,1497,pooled,1,False,1739498,24000,1001,24000,323551232,72680592,396491024,True,0.558485746383667,False,0.0035485278349369764,ff24d7286b3978166808fccb18ded53d06f8a0687fe03a9af73eba1e698dc25c,1057945836,False,b5af93cbe1cc5d1d7f6ad42630abe65e9ea2748429906730d52b29109c701e87,996707947,,
86,0,True,True,e7e2b99a952b73cd3f5f6d84afa8bc6182ca7e151166c9c5dfaa1fbfc557d4b8,1,0.018349125,1498,pooled,1,False,1740499,24000,1001,24000,323551232,72680592,396491024,True,0,True,0.2732870578765869,788ae0147bdf979a6575938ca2d7d4403788588f7be2010f03776c968fd1ab49,0,True,1dd7f8a26e56dfba878da177773321a53dca3f2b9d00b46118d4425ec3093903,1049357384,,
87,0,False,True,14bb670c4466232e6ab633a2a6fdefd4c99bace2d8b10f6043f30829c0354b17,1,0.020650042,1499,pooled,1,False,1741500,24000,1001,24000,323551232,72680592,396491024,True,0.6067052483558655,False,0.0030015227384865284,e4d7d9ae97135d7dc185243b19490a1f40bcca651cf2b759538db368bedc01b7,1058754825,False,ee54d44ebac3dca564784630aa7e04eb0e50afdb17521dfa1b05c85b78882a48,994358578,,
88,0,False,True,d0803a559d88c0bd6b54e5cfded20c04d64f959e3c5009ee65a67a705aa33ce3,1,0.023502917,1500,pooled,1,False,1742501,24000,1001,24000,323551232,72680592,396491024,True,0.6119656562805176,False,0.0028315477538853884,ff2eeb16566030b9dd06a8c01bbf967fa94070c40acdbbea6a0d2dc48c7167eb,1058843080,False,26438fbe98f93bb7ea392c433b2bfd232c214d8aa921dac0b16df381e5575aa2,993628541,,
89,0,False,True,4945f8e1ed2a6ce70e38e9f25e6ee38a7d2a8b0e0901cab474531c8113227e4e,1,0.023943083,1501,pooled,1,False,1743502,24000,1001,24000,323551232,72680592,396491024,True,0.6451500058174133,False,0.0034486516378819942,7e53933ec6ffad34b19572512b6e4dd79cdf79d53cce1b9679f28641c8345004,1059399821,False,7978f43a3bced6a1c55c28e1bf996272c6bc5d5c543a9ffead43532ef8542ed8,996278982,,
90,0,False,True,ad7ed19b2a9ce48b75220fac53032ab41cea9d4eddfe62f09bb1c86e063d6e46,1,0.024715292,1502,pooled,1,False,1744503,24000,1001,24000,323551232,72680592,396491024,True,0.54786217212677,False,0.0041915904730558395,a1dc46082a3247c370a0bea80eac8a6a710ea1d6c4447263d927751d18344a45,1057767602,False,e33097e78f0358cea2f0b6c880c8d7430606842815c4dde063dad6f92247d23d,998857116,,
91,0,False,True,d0e5c2803d70ef53f24fac74b8d5709c4d6caeb53dcb90684c7e1275fa774a9b,1,0.020838542,1503,pooled,1,False,1745504,24000,1001,24000,323551232,72680592,396491024,True,0.5576794147491455,False,0.006229816935956478,258955f94ba510e2de8a6b14dfe07f10e1b6ab8e7d73c54fe6bc36c37eaa3d6d,1057932308,False,78c5f5048602e5bfe730d96301fea06c51773051ba1cc57f91269c205da7c095,1003234174,,
92,0,False,True,d841adda17732722059f6de44301e74fecb55acc82790a6183686bebf268ffa9,1,0.025086,1504,pooled,1,False,1746505,24000,1001,24000,323551232,72680592,396491024,True,0.4978949725627899,False,0.007945631630718708,19e13139913e3ab371c6400a1c7c2c109d1d6fdfbe6cb24aaa64906f6d77c38d,1056893975,False,24a3e209d060296693c3cbd16489d2a7e2d46cced3ec107c250b5b226a6785b8,1006775909,,
93,0,False,True,5e9f8c578fbdaa9a79951a9a0b0db54ad2a6dc573f3248623711260204a2f518,1,0.022772583,1505,pooled,1,False,1747506,24000,1001,24000,323551232,72680592,396491024,True,0.527655303478241,False,0.007524316199123859,def4be0fb3fad44d0bba17f4ec87b34a29779692689a1e34b7c1d14c9890783d,1057428587,False,d25a99836273ea0743af4085c581ad6a8686930de7930c31b2dc4751ddf3138e,1006014090,,
94,0,False,True,005b4fbe5a259b3440cdbacb4d77d7d1174f34b0c160e36ea1d31a6d1e17e58c,1,0.024692959,1506,pooled,1,False,1748507,24000,1001,24000,323551232,72680592,396491024,True,0.43426746129989624,False,0.00788638461381197,4884d6f9f54612fb41275b8e8d13cddd2192972bfafae0abaa4314560ed442e6,1054758990,False,6535db30047013aff9361867183968d00e14f046061dc1e02eb431fc8c269d36,1006712293,,
95,0,False,True,ae848c323367785c4afaf1dce9a980f379438c1285609a99009bbad4ea0dc89b,1,0.019261958,1507,pooled,1,False,1749508,24000,1001,24000,323551232,72680592,396491024,True,0.5358805656433105,False,0.008914805948734283,4a85e0bcb8f464c66c75cb11c1eec19ea4773c4d0c27fb17ca25c0938dce94de,1057566584,False,95337bec55e8cd043e66cac3aa222461d766c6318d86d69f2b8bc74569569192,1007816552,,
96,0,True,True,2067ac390b0ae7bb329aa2412208bdd5cd343cce076d9e653723773fae4aeb2f,1,0.0200965,1496,pooled,2,True,1738497,24000,1001,24000,323551232,72680592,396491024,True,0,True,0.26275041699409485,788ae0147bdf979a6575938ca2d7d4403788588f7be2010f03776c968fd1ab49,0,True,ca954688e08310567d16960ff74c9983fbd4bc77c918b924a37f77d810b0668c,1049003833,,
97,0,True,True,26e222bb9f5e7471b646ea2c9aaa390c6d8295fff6a32776e1c662fe80b942af,1,0.019821958,1497,pooled,2,False,1739498,24000,1001,24000,323551232,72680592,396491024,True,0.558485746383667,False,0.0035485278349369764,ff24d7286b3978166808fccb18ded53d06f8a0687fe03a9af73eba1e698dc25c,1057945836,False,b5af93cbe1cc5d1d7f6ad42630abe65e9ea2748429906730d52b29109c701e87,996707947,,
98,0,True,True,e7e2b99a952b73cd3f5f6d84afa8bc6182ca7e151166c9c5dfaa1fbfc557d4b8,1,0.019312375,1498,pooled,2,False,1740499,24000,1001,24000,323551232,72680592,396491024,True,0,True,0.2732870578765869,788ae0147bdf979a6575938ca2d7d4403788588f7be2010f03776c968fd1ab49,0,True,1dd7f8a26e56dfba878da177773321a53dca3f2b9d00b46118d4425ec3093903,1049357384,,
99,0,False,True,14bb670c4466232e6ab633a2a6fdefd4c99bace2d8b10f6043f30829c0354b17,1,0.024074083,1499,pooled,2,False,1741500,24000,1001,24000,323551232,72680592,396491024,True,0.6067052483558655,False,0.0030015227384865284,e4d7d9ae97135d7dc185243b19490a1f40bcca651cf2b759538db368bedc01b7,1058754825,False,ee54d44ebac3dca564784630aa7e04eb0e50afdb17521dfa1b05c85b78882a48,994358578,,
100,0,False,True,d0803a559d88c0bd6b54e5cfded20c04d64f959e3c5009ee65a67a705aa33ce3,1,0.018765959,1500,pooled,2,False,1742501,24000,1001,24000,323551232,72680592,396491024,True,0.6119656562805176,False,0.0028315477538853884,ff2eeb16566030b9dd06a8c01bbf967fa94070c40acdbbea6a0d2dc48c7167eb,1058843080,False,26438fbe98f93bb7ea392c433b2bfd232c214d8aa921dac0b16df381e5575aa2,993628541,,
101,0,False,True,4945f8e1ed2a6ce70e38e9f25e6ee38a7d2a8b0e0901cab474531c8113227e4e,1,0.020462667,1501,pooled,2,False,1743502,24000,1001,24000,323551232,72680592,396491024,True,0.6451500058174133,False,0.0034486516378819942,7e53933ec6ffad34b19572512b6e4dd79cdf79d53cce1b9679f28641c8345004,1059399821,False,7978f43a3bced6a1c55c28e1bf996272c6bc5d5c543a9ffead43532ef8542ed8,996278982,,
102,0,False,True,ad7ed19b2a9ce48b75220fac53032ab41cea9d4eddfe62f09bb1c86e063d6e46,1,0.019237042,1502,pooled,2,False,1744503,24000,1001,24000,323551232,72680592,396491024,True,0.54786217212677,False,0.0041915904730558395,a1dc46082a3247c370a0bea80eac8a6a710ea1d6c4447263d927751d18344a45,1057767602,False,e33097e78f0358cea2f0b6c880c8d7430606842815c4dde063dad6f92247d23d,998857116,,
103,0,False,True,d0e5c2803d70ef53f24fac74b8d5709c4d6caeb53dcb90684c7e1275fa774a9b,1,0.021387083,1503,pooled,2,False,1745504,24000,1001,24000,323551232,72680592,396491024,True,0.5576794147491455,False,0.006229816935956478,258955f94ba510e2de8a6b14dfe07f10e1b6ab8e7d73c54fe6bc36c37eaa3d6d,1057932308,False,78c5f5048602e5bfe730d96301fea06c51773051ba1cc57f91269c205da7c095,1003234174,,
104,0,False,True,d841adda17732722059f6de44301e74fecb55acc82790a6183686bebf268ffa9,1,0.021414791,1504,pooled,2,False,1746505,24000,1001,24000,323551232,72680592,396491024,True,0.4978949725627899,False,0.007945631630718708,19e13139913e3ab371c6400a1c7c2c109d1d6fdfbe6cb24aaa64906f6d77c38d,1056893975,False,24a3e209d060296693c3cbd16489d2a7e2d46cced3ec107c250b5b226a6785b8,1006775909,,
105,0,False,True,5e9f8c578fbdaa9a79951a9a0b0db54ad2a6dc573f3248623711260204a2f518,1,0.022489166,1505,pooled,2,False,1747506,24000,1001,24000,323551232,72680592,396491024,True,0.527655303478241,False,0.007524316199123859,def4be0fb3fad44d0bba17f4ec87b34a29779692689a1e34b7c1d14c9890783d,1057428587,False,d25a99836273ea0743af4085c581ad6a8686930de7930c31b2dc4751ddf3138e,1006014090,,
106,0,False,True,005b4fbe5a259b3440cdbacb4d77d7d1174f34b0c160e36ea1d31a6d1e17e58c,1,0.025027125,1506,pooled,2,False,1748507,24000,1001,24000,323551232,72680592,396491024,True,0.43426746129989624,False,0.00788638461381197,4884d6f9f54612fb41275b8e8d13cddd2192972bfafae0abaa4314560ed442e6,1054758990,False,6535db30047013aff9361867183968d00e14f046061dc1e02eb431fc8c269d36,1006712293,,
107,0,False,True,ae848c323367785c4afaf1dce9a980f379438c1285609a99009bbad4ea0dc89b,1,0.031221333,1507,pooled,2,False,1749508,24000,1001,24000,323551232,72680592,396491024,True,0.5358805656433105,False,0.008914805948734283,4a85e0bcb8f464c66c75cb11c1eec19ea4773c4d0c27fb17ca25c0938dce94de,1057566584,False,95337bec55e8cd043e66cac3aa222461d766c6318d86d69f2b8bc74569569192,1007816552,,
108,1,True,True,2067ac390b0ae7bb329aa2412208bdd5cd343cce076d9e653723773fae4aeb2f,1,0.023426208,1496,fresh,0,True,1738497,24000,1001,24000,323551232,72680592,396491024,True,0,True,0.26275041699409485,788ae0147bdf979a6575938ca2d7d4403788588f7be2010f03776c968fd1ab49,0,True,ca954688e08310567d16960ff74c9983fbd4bc77c918b924a37f77d810b0668c,1049003833,True,
109,1,True,True,26e222bb9f5e7471b646ea2c9aaa390c6d8295fff6a32776e1c662fe80b942af,1,0.024902292,1497,fresh,0,False,1739498,24000,1001,24000,323551232,72680592,396491024,True,0.558485746383667,False,0.0035485278349369764,ff24d7286b3978166808fccb18ded53d06f8a0687fe03a9af73eba1e698dc25c,1057945836,False,b5af93cbe1cc5d1d7f6ad42630abe65e9ea2748429906730d52b29109c701e87,996707947,True,
110,1,True,True,e7e2b99a952b73cd3f5f6d84afa8bc6182ca7e151166c9c5dfaa1fbfc557d4b8,1,0.019904667,1498,fresh,0,False,1740499,24000,1001,24000,323551232,72680592,396491024,True,0,True,0.2732870578765869,788ae0147bdf979a6575938ca2d7d4403788588f7be2010f03776c968fd1ab49,0,True,1dd7f8a26e56dfba878da177773321a53dca3f2b9d00b46118d4425ec3093903,1049357384,True,True
111,1,False,True,14bb670c4466232e6ab633a2a6fdefd4c99bace2d8b10f6043f30829c0354b17,1,0.026703958,1499,fresh,0,False,1741500,24000,1001,24000,323551232,72680592,396491024,True,0.6067052483558655,False,0.0030015227384865284,e4d7d9ae97135d7dc185243b19490a1f40bcca651cf2b759538db368bedc01b7,1058754825,False,ee54d44ebac3dca564784630aa7e04eb0e50afdb17521dfa1b05c85b78882a48,994358578,True,True
112,1,False,True,d0803a559d88c0bd6b54e5cfded20c04d64f959e3c5009ee65a67a705aa33ce3,1,0.024169333,1500,fresh,0,False,1742501,24000,1001,24000,323551232,72680592,396491024,True,0.6119656562805176,False,0.0028315477538853884,ff2eeb16566030b9dd06a8c01bbf967fa94070c40acdbbea6a0d2dc48c7167eb,1058843080,False,26438fbe98f93bb7ea392c433b2bfd232c214d8aa921dac0b16df381e5575aa2,993628541,True,
113,1,False,True,4945f8e1ed2a6ce70e38e9f25e6ee38a7d2a8b0e0901cab474531c8113227e4e,1,0.022578458,1501,fresh,0,False,1743502,24000,1001,24000,323551232,72680592,396491024,True,0.6451500058174133,False,0.0034486516378819942,7e53933ec6ffad34b19572512b6e4dd79cdf79d53cce1b9679f28641c8345004,1059399821,False,7978f43a3bced6a1c55c28e1bf996272c6bc5d5c543a9ffead43532ef8542ed8,996278982,True,
114,1,False,True,ad7ed19b2a9ce48b75220fac53032ab41cea9d4eddfe62f09bb1c86e063d6e46,1,0.02459375,1502,fresh,0,False,1744503,24000,1001,24000,323551232,72680592,396491024,True,0.54786217212677,False,0.0041915904730558395,a1dc46082a3247c370a0bea80eac8a6a710ea1d6c4447263d927751d18344a45,1057767602,False,e33097e78f0358cea2f0b6c880c8d7430606842815c4dde063dad6f92247d23d,998857116,True,
115,1,False,True,d0e5c2803d70ef53f24fac74b8d5709c4d6caeb53dcb90684c7e1275fa774a9b,1,0.02594275,1503,fresh,0,False,1745504,24000,1001,24000,323551232,72680592,396491024,True,0.5576794147491455,False,0.006229816935956478,258955f94ba510e2de8a6b14dfe07f10e1b6ab8e7d73c54fe6bc36c37eaa3d6d,1057932308,False,78c5f5048602e5bfe730d96301fea06c51773051ba1cc57f91269c205da7c095,1003234174,True,
116,1,False,True,d841adda17732722059f6de44301e74fecb55acc82790a6183686bebf268ffa9,1,0.019654417,1504,fresh,0,False,1746505,24000,1001,24000,323551232,72680592,396491024,True,0.4978949725627899,False,0.007945631630718708,19e13139913e3ab371c6400a1c7c2c109d1d6fdfbe6cb24aaa64906f6d77c38d,1056893975,False,24a3e209d060296693c3cbd16489d2a7e2d46cced3ec107c250b5b226a6785b8,1006775909,True,
117,1,False,True,5e9f8c578fbdaa9a79951a9a0b0db54ad2a6dc573f3248623711260204a2f518,1,0.019587041,1505,fresh,0,False,1747506,24000,1001,24000,323551232,72680592,396491024,True,0.527655303478241,False,0.007524316199123859,def4be0fb3fad44d0bba17f4ec87b34a29779692689a1e34b7c1d14c9890783d,1057428587,False,d25a99836273ea0743af4085c581ad6a8686930de7930c31b2dc4751ddf3138e,1006014090,True,
118,1,False,True,005b4fbe5a259b3440cdbacb4d77d7d1174f34b0c160e36ea1d31a6d1e17e58c,1,0.018959375,1506,fresh,0,False,1748507,24000,1001,24000,323551232,72680592,396491024,True,0.43426746129989624,False,0.00788638461381197,4884d6f9f54612fb41275b8e8d13cddd2192972bfafae0abaa4314560ed442e6,1054758990,False,6535db30047013aff9361867183968d00e14f046061dc1e02eb431fc8c269d36,1006712293,True,
119,1,False,True,ae848c323367785c4afaf1dce9a980f379438c1285609a99009bbad4ea0dc89b,1,0.020905459,1507,fresh,0,False,1749508,24000,1001,24000,323551232,72680592,396491024,True,0.5358805656433105,False,0.008914805948734283,4a85e0bcb8f464c66c75cb11c1eec19ea4773c4d0c27fb17ca25c0938dce94de,1057566584,False,95337bec55e8cd043e66cac3aa222461d766c6318d86d69f2b8bc74569569192,1007816552,True,
120,1,True,True,2067ac390b0ae7bb329aa2412208bdd5cd343cce076d9e653723773fae4aeb2f,1,0.018201209,1496,fresh,1,True,1738497,24000,1001,24000,323551232,72680592,396491024,True,0,True,0.26275041699409485,788ae0147bdf979a6575938ca2d7d4403788588f7be2010f03776c968fd1ab49,0,True,ca954688e08310567d16960ff74c9983fbd4bc77c918b924a37f77d810b0668c,1049003833,True,
121,1,True,True,26e222bb9f5e7471b646ea2c9aaa390c6d8295fff6a32776e1c662fe80b942af,1,0.019736208,1497,fresh,1,False,1739498,24000,1001,24000,323551232,72680592,396491024,True,0.558485746383667,False,0.0035485278349369764,ff24d7286b3978166808fccb18ded53d06f8a0687fe03a9af73eba1e698dc25c,1057945836,False,b5af93cbe1cc5d1d7f6ad42630abe65e9ea2748429906730d52b29109c701e87,996707947,True,
122,1,True,True,e7e2b99a952b73cd3f5f6d84afa8bc6182ca7e151166c9c5dfaa1fbfc557d4b8,1,0.023660958,1498,fresh,1,False,1740499,24000,1001,24000,323551232,72680592,396491024,True,0,True,0.2732870578765869,788ae0147bdf979a6575938ca2d7d4403788588f7be2010f03776c968fd1ab49,0,True,1dd7f8a26e56dfba878da177773321a53dca3f2b9d00b46118d4425ec3093903,1049357384,True,True
123,1,False,True,14bb670c4466232e6ab633a2a6fdefd4c99bace2d8b10f6043f30829c0354b17,1,0.0276425,1499,fresh,1,False,1741500,24000,1001,24000,323551232,72680592,396491024,True,0.6067052483558655,False,0.0030015227384865284,e4d7d9ae97135d7dc185243b19490a1f40bcca651cf2b759538db368bedc01b7,1058754825,False,ee54d44ebac3dca564784630aa7e04eb0e50afdb17521dfa1b05c85b78882a48,994358578,True,True
124,1,False,True,d0803a559d88c0bd6b54e5cfded20c04d64f959e3c5009ee65a67a705aa33ce3,1,0.025989375,1500,fresh,1,False,1742501,24000,1001,24000,323551232,72680592,396491024,True,0.6119656562805176,False,0.0028315477538853884,ff2eeb16566030b9dd06a8c01bbf967fa94070c40acdbbea6a0d2dc48c7167eb,1058843080,False,26438fbe98f93bb7ea392c433b2bfd232c214d8aa921dac0b16df381e5575aa2,993628541,True,
125,1,False,True,4945f8e1ed2a6ce70e38e9f25e6ee38a7d2a8b0e0901cab474531c8113227e4e,1,0.028476958,1501,fresh,1,False,1743502,24000,1001,24000,323551232,72680592,396491024,True,0.6451500058174133,False,0.0034486516378819942,7e53933ec6ffad34b19572512b6e4dd79cdf79d53cce1b9679f28641c8345004,1059399821,False,7978f43a3bced6a1c55c28e1bf996272c6bc5d5c543a9ffead43532ef8542ed8,996278982,True,
126,1,False,True,ad7ed19b2a9ce48b75220fac53032ab41cea9d4eddfe62f09bb1c86e063d6e46,1,0.019948292,1502,fresh,1,False,1744503,24000,1001,24000,323551232,72680592,396491024,True,0.54786217212677,False,0.0041915904730558395,a1dc46082a3247c370a0bea80eac8a6a710ea1d6c4447263d927751d18344a45,1057767602,False,e33097e78f0358cea2f0b6c880c8d7430606842815c4dde063dad6f92247d23d,998857116,True,
127,1,False,True,d0e5c2803d70ef53f24fac74b8d5709c4d6caeb53dcb90684c7e1275fa774a9b,1,0.020423916,1503,fresh,1,False,1745504,24000,1001,24000,323551232,72680592,396491024,True,0.5576794147491455,False,0.006229816935956478,258955f94ba510e2de8a6b14dfe07f10e1b6ab8e7d73c54fe6bc36c37eaa3d6d,1057932308,False,78c5f5048602e5bfe730d96301fea06c51773051ba1cc57f91269c205da7c095,1003234174,True,
128,1,False,True,d841adda17732722059f6de44301e74fecb55acc82790a6183686bebf268ffa9,1,0.021116708,1504,fresh,1,False,1746505,24000,1001,24000,323551232,72680592,396491024,True,0.4978949725627899,False,0.007945631630718708,19e13139913e3ab371c6400a1c7c2c109d1d6fdfbe6cb24aaa64906f6d77c38d,1056893975,False,24a3e209d060296693c3cbd16489d2a7e2d46cced3ec107c250b5b226a6785b8,1006775909,True,
129,1,False,True,5e9f8c578fbdaa9a79951a9a0b0db54ad2a6dc573f3248623711260204a2f518,1,0.020497917,1505,fresh,1,False,1747506,24000,1001,24000,323551232,72680592,396491024,True,0.527655303478241,False,0.007524316199123859,def4be0fb3fad44d0bba17f4ec87b34a29779692689a1e34b7c1d14c9890783d,1057428587,False,d25a99836273ea0743af4085c581ad6a8686930de7930c31b2dc4751ddf3138e,1006014090,True,
130,1,False,True,005b4fbe5a259b3440cdbacb4d77d7d1174f34b0c160e36ea1d31a6d1e17e58c,1,0.021996375,1506,fresh,1,False,1748507,24000,1001,24000,323551232,72680592,396491024,True,0.43426746129989624,False,0.00788638461381197,4884d6f9f54612fb41275b8e8d13cddd2192972bfafae0abaa4314560ed442e6,1054758990,False,6535db30047013aff9361867183968d00e14f046061dc1e02eb431fc8c269d36,1006712293,True,
131,1,False,True,ae848c323367785c4afaf1dce9a980f379438c1285609a99009bbad4ea0dc89b,1,0.024320125,1507,fresh,1,False,1749508,24000,1001,24000,323551232,72680592,396491024,True,0.5358805656433105,False,0.008914805948734283,4a85e0bcb8f464c66c75cb11c1eec19ea4773c4d0c27fb17ca25c0938dce94de,1057566584,False,95337bec55e8cd043e66cac3aa222461d766c6318d86d69f2b8bc74569569192,1007816552,True,
132,1,True,True,2067ac390b0ae7bb329aa2412208bdd5cd343cce076d9e653723773fae4aeb2f,1,0.0186195,1496,fresh,2,True,1738497,24000,1001,24000,323551232,72680592,396491024,True,0,True,0.26275041699409485,788ae0147bdf979a6575938ca2d7d4403788588f7be2010f03776c968fd1ab49,0,True,ca954688e08310567d16960ff74c9983fbd4bc77c918b924a37f77d810b0668c,1049003833,True,
133,1,True,True,26e222bb9f5e7471b646ea2c9aaa390c6d8295fff6a32776e1c662fe80b942af,1,0.019777541,1497,fresh,2,False,1739498,24000,1001,24000,323551232,72680592,396491024,True,0.558485746383667,False,0.0035485278349369764,ff24d7286b3978166808fccb18ded53d06f8a0687fe03a9af73eba1e698dc25c,1057945836,False,b5af93cbe1cc5d1d7f6ad42630abe65e9ea2748429906730d52b29109c701e87,996707947,True,
134,1,True,True,e7e2b99a952b73cd3f5f6d84afa8bc6182ca7e151166c9c5dfaa1fbfc557d4b8,1,0.019207458,1498,fresh,2,False,1740499,24000,1001,24000,323551232,72680592,396491024,True,0,True,0.2732870578765869,788ae0147bdf979a6575938ca2d7d4403788588f7be2010f03776c968fd1ab49,0,True,1dd7f8a26e56dfba878da177773321a53dca3f2b9d00b46118d4425ec3093903,1049357384,True,True
135,1,False,True,14bb670c4466232e6ab633a2a6fdefd4c99bace2d8b10f6043f30829c0354b17,1,0.021613959,1499,fresh,2,False,1741500,24000,1001,24000,323551232,72680592,396491024,True,0.6067052483558655,False,0.0030015227384865284,e4d7d9ae97135d7dc185243b19490a1f40bcca651cf2b759538db368bedc01b7,1058754825,False,ee54d44ebac3dca564784630aa7e04eb0e50afdb17521dfa1b05c85b78882a48,994358578,True,True
136,1,False,True,d0803a559d88c0bd6b54e5cfded20c04d64f959e3c5009ee65a67a705aa33ce3,1,0.023356917,1500,fresh,2,False,1742501,24000,1001,24000,323551232,72680592,396491024,True,0.6119656562805176,False,0.0028315477538853884,ff2eeb16566030b9dd06a8c01bbf967fa94070c40acdbbea6a0d2dc48c7167eb,1058843080,False,26438fbe98f93bb7ea392c433b2bfd232c214d8aa921dac0b16df381e5575aa2,993628541,True,
137,1,False,True,4945f8e1ed2a6ce70e38e9f25e6ee38a7d2a8b0e0901cab474531c8113227e4e,1,0.02459575,1501,fresh,2,False,1743502,24000,1001,24000,323551232,72680592,396491024,True,0.6451500058174133,False,0.0034486516378819942,7e53933ec6ffad34b19572512b6e4dd79cdf79d53cce1b9679f28641c8345004,1059399821,False,7978f43a3bced6a1c55c28e1bf996272c6bc5d5c543a9ffead43532ef8542ed8,996278982,True,
138,1,False,True,ad7ed19b2a9ce48b75220fac53032ab41cea9d4eddfe62f09bb1c86e063d6e46,1,0.02346775,1502,fresh,2,False,1744503,24000,1001,24000,323551232,72680592,396491024,True,0.54786217212677,False,0.0041915904730558395,a1dc46082a3247c370a0bea80eac8a6a710ea1d6c4447263d927751d18344a45,1057767602,False,e33097e78f0358cea2f0b6c880c8d7430606842815c4dde063dad6f92247d23d,998857116,True,
139,1,False,True,d0e5c2803d70ef53f24fac74b8d5709c4d6caeb53dcb90684c7e1275fa774a9b,1,0.024353625,1503,fresh,2,False,1745504,24000,1001,24000,323551232,72680592,396491024,True,0.5576794147491455,False,0.006229816935956478,258955f94ba510e2de8a6b14dfe07f10e1b6ab8e7d73c54fe6bc36c37eaa3d6d,1057932308,False,78c5f5048602e5bfe730d96301fea06c51773051ba1cc57f91269c205da7c095,1003234174,True,
140,1,False,True,d841adda17732722059f6de44301e74fecb55acc82790a6183686bebf268ffa9,1,0.024922666,1504,fresh,2,False,1746505,24000,1001,24000,323551232,72680592,396491024,True,0.4978949725627899,False,0.007945631630718708,19e13139913e3ab371c6400a1c7c2c109d1d6fdfbe6cb24aaa64906f6d77c38d,1056893975,False,24a3e209d060296693c3cbd16489d2a7e2d46cced3ec107c250b5b226a6785b8,1006775909,True,
141,1,False,True,5e9f8c578fbdaa9a79951a9a0b0db54ad2a6dc573f3248623711260204a2f518,1,0.024697583,1505,fresh,2,False,1747506,24000,1001,24000,323551232,72680592,396491024,True,0.527655303478241,False,0.007524316199123859,def4be0fb3fad44d0bba17f4ec87b34a29779692689a1e34b7c1d14c9890783d,1057428587,False,d25a99836273ea0743af4085c581ad6a8686930de7930c31b2dc4751ddf3138e,1006014090,True,
142,1,False,True,005b4fbe5a259b3440cdbacb4d77d7d1174f34b0c160e36ea1d31a6d1e17e58c,1,0.018822333,1506,fresh,2,False,1748507,24000,1001,24000,323551232,72680592,396491024,True,0.43426746129989624,False,0.00788638461381197,4884d6f9f54612fb41275b8e8d13cddd2192972bfafae0abaa4314560ed442e6,1054758990,False,6535db30047013aff9361867183968d00e14f046061dc1e02eb431fc8c269d36,1006712293,True,
143,1,False,True,ae848c323367785c4afaf1dce9a980f379438c1285609a99009bbad4ea0dc89b,1,0.01929275,1507,fresh,2,False,1749508,24000,1001,24000,323551232,72680592,396491024,True,0.5358805656433105,False,0.008914805948734283,4a85e0bcb8f464c66c75cb11c1eec19ea4773c4d0c27fb17ca25c0938dce94de,1057566584,False,95337bec55e8cd043e66cac3aa222461d766c6318d86d69f2b8bc74569569192,1007816552,True,
144,0,True,True,2067ac390b0ae7bb329aa2412208bdd5cd343cce076d9e653723773fae4aeb2f,2,0.019646708,1496,fresh,0,True,1738497,24000,1001,24000,323551232,72680592,396491024,True,0,True,0.26275041699409485,788ae0147bdf979a6575938ca2d7d4403788588f7be2010f03776c968fd1ab49,0,True,ca954688e08310567d16960ff74c9983fbd4bc77c918b924a37f77d810b0668c,1049003833,,
145,0,True,True,26e222bb9f5e7471b646ea2c9aaa390c6d8295fff6a32776e1c662fe80b942af,2,0.020356417,1497,fresh,0,False,1739498,24000,1001,24000,323551232,72680592,396491024,True,0.558485746383667,False,0.0035485278349369764,ff24d7286b3978166808fccb18ded53d06f8a0687fe03a9af73eba1e698dc25c,1057945836,False,b5af93cbe1cc5d1d7f6ad42630abe65e9ea2748429906730d52b29109c701e87,996707947,,
146,0,True,True,e7e2b99a952b73cd3f5f6d84afa8bc6182ca7e151166c9c5dfaa1fbfc557d4b8,2,0.023124583,1498,fresh,0,False,1740499,24000,1001,24000,323551232,72680592,396491024,True,0,True,0.2732870578765869,788ae0147bdf979a6575938ca2d7d4403788588f7be2010f03776c968fd1ab49,0,True,1dd7f8a26e56dfba878da177773321a53dca3f2b9d00b46118d4425ec3093903,1049357384,,
147,0,False,True,14bb670c4466232e6ab633a2a6fdefd4c99bace2d8b10f6043f30829c0354b17,2,0.020398417,1499,fresh,0,False,1741500,24000,1001,24000,323551232,72680592,396491024,True,0.6067052483558655,False,0.0030015227384865284,e4d7d9ae97135d7dc185243b19490a1f40bcca651cf2b759538db368bedc01b7,1058754825,False,ee54d44ebac3dca564784630aa7e04eb0e50afdb17521dfa1b05c85b78882a48,994358578,,
148,0,False,True,d0803a559d88c0bd6b54e5cfded20c04d64f959e3c5009ee65a67a705aa33ce3,2,0.020723167,1500,fresh,0,False,1742501,24000,1001,24000,323551232,72680592,396491024,True,0.6119656562805176,False,0.0028315477538853884,ff2eeb16566030b9dd06a8c01bbf967fa94070c40acdbbea6a0d2dc48c7167eb,1058843080,False,26438fbe98f93bb7ea392c433b2bfd232c214d8aa921dac0b16df381e5575aa2,993628541,,
149,0,False,True,4945f8e1ed2a6ce70e38e9f25e6ee38a7d2a8b0e0901cab474531c8113227e4e,2,0.02117575,1501,fresh,0,False,1743502,24000,1001,24000,323551232,72680592,396491024,True,0.6451500058174133,False,0.0034486516378819942,7e53933ec6ffad34b19572512b6e4dd79cdf79d53cce1b9679f28641c8345004,1059399821,False,7978f43a3bced6a1c55c28e1bf996272c6bc5d5c543a9ffead43532ef8542ed8,996278982,,
150,0,False,True,ad7ed19b2a9ce48b75220fac53032ab41cea9d4eddfe62f09bb1c86e063d6e46,2,0.02414425,1502,fresh,0,False,1744503,24000,1001,24000,323551232,72680592,396491024,True,0.54786217212677,False,0.0041915904730558395,a1dc46082a3247c370a0bea80eac8a6a710ea1d6c4447263d927751d18344a45,1057767602,False,e33097e78f0358cea2f0b6c880c8d7430606842815c4dde063dad6f92247d23d,998857116,,
151,0,False,True,d0e5c2803d70ef53f24fac74b8d5709c4d6caeb53dcb90684c7e1275fa774a9b,2,0.024800583,1503,fresh,0,False,1745504,24000,1001,24000,323551232,72680592,396491024,True,0.5576794147491455,False,0.006229816935956478,258955f94ba510e2de8a6b14dfe07f10e1b6ab8e7d73c54fe6bc36c37eaa3d6d,1057932308,False,78c5f5048602e5bfe730d96301fea06c51773051ba1cc57f91269c205da7c095,1003234174,,
152,0,False,True,d841adda17732722059f6de44301e74fecb55acc82790a6183686bebf268ffa9,2,0.019089459,1504,fresh,0,False,1746505,24000,1001,24000,323551232,72680592,396491024,True,0.4978949725627899,False,0.007945631630718708,19e13139913e3ab371c6400a1c7c2c109d1d6fdfbe6cb24aaa64906f6d77c38d,1056893975,False,24a3e209d060296693c3cbd16489d2a7e2d46cced3ec107c250b5b226a6785b8,1006775909,,
153,0,False,True,5e9f8c578fbdaa9a79951a9a0b0db54ad2a6dc573f3248623711260204a2f518,2,0.019505958,1505,fresh,0,False,1747506,24000,1001,24000,323551232,72680592,396491024,True,0.527655303478241,False,0.007524316199123859,def4be0fb3fad44d0bba17f4ec87b34a29779692689a1e34b7c1d14c9890783d,1057428587,False,d25a99836273ea0743af4085c581ad6a8686930de7930c31b2dc4751ddf3138e,1006014090,,
154,0,False,True,005b4fbe5a259b3440cdbacb4d77d7d1174f34b0c160e36ea1d31a6d1e17e58c,2,0.020446,1506,fresh,0,False,1748507,24000,1001,24000,323551232,72680592,396491024,True,0.43426746129989624,False,0.00788638461381197,4884d6f9f54612fb41275b8e8d13cddd2192972bfafae0abaa4314560ed442e6,1054758990,False,6535db30047013aff9361867183968d00e14f046061dc1e02eb431fc8c269d36,1006712293,,
155,0,False,True,ae848c323367785c4afaf1dce9a980f379438c1285609a99009bbad4ea0dc89b,2,0.020803917,1507,fresh,0,False,1749508,24000,1001,24000,323551232,72680592,396491024,True,0.5358805656433105,False,0.008914805948734283,4a85e0bcb8f464c66c75cb11c1eec19ea4773c4d0c27fb17ca25c0938dce94de,1057566584,False,95337bec55e8cd043e66cac3aa222461d766c6318d86d69f2b8bc74569569192,1007816552,,
156,0,True,True,2067ac390b0ae7bb329aa2412208bdd5cd343cce076d9e653723773fae4aeb2f,2,0.021872834,1496,fresh,1,True,1738497,24000,1001,24000,323551232,72680592,396491024,True,0,True,0.26275041699409485,788ae0147bdf979a6575938ca2d7d4403788588f7be2010f03776c968fd1ab49,0,True,ca954688e08310567d16960ff74c9983fbd4bc77c918b924a37f77d810b0668c,1049003833,,
157,0,True,True,26e222bb9f5e7471b646ea2c9aaa390c6d8295fff6a32776e1c662fe80b942af,2,0.024608542,1497,fresh,1,False,1739498,24000,1001,24000,323551232,72680592,396491024,True,0.558485746383667,False,0.0035485278349369764,ff24d7286b3978166808fccb18ded53d06f8a0687fe03a9af73eba1e698dc25c,1057945836,False,b5af93cbe1cc5d1d7f6ad42630abe65e9ea2748429906730d52b29109c701e87,996707947,,
158,0,True,True,e7e2b99a952b73cd3f5f6d84afa8bc6182ca7e151166c9c5dfaa1fbfc557d4b8,2,0.019203375,1498,fresh,1,False,1740499,24000,1001,24000,323551232,72680592,396491024,True,0,True,0.2732870578765869,788ae0147bdf979a6575938ca2d7d4403788588f7be2010f03776c968fd1ab49,0,True,1dd7f8a26e56dfba878da177773321a53dca3f2b9d00b46118d4425ec3093903,1049357384,,
159,0,False,True,14bb670c4466232e6ab633a2a6fdefd4c99bace2d8b10f6043f30829c0354b17,2,0.019804583,1499,fresh,1,False,1741500,24000,1001,24000,323551232,72680592,396491024,True,0.6067052483558655,False,0.0030015227384865284,e4d7d9ae97135d7dc185243b19490a1f40bcca651cf2b759538db368bedc01b7,1058754825,False,ee54d44ebac3dca564784630aa7e04eb0e50afdb17521dfa1b05c85b78882a48,994358578,,
160,0,False,True,d0803a559d88c0bd6b54e5cfded20c04d64f959e3c5009ee65a67a705aa33ce3,2,0.021817208,1500,fresh,1,False,1742501,24000,1001,24000,323551232,72680592,396491024,True,0.6119656562805176,False,0.0028315477538853884,ff2eeb16566030b9dd06a8c01bbf967fa94070c40acdbbea6a0d2dc48c7167eb,1058843080,False,26438fbe98f93bb7ea392c433b2bfd232c214d8aa921dac0b16df381e5575aa2,993628541,,
161,0,False,True,4945f8e1ed2a6ce70e38e9f25e6ee38a7d2a8b0e0901cab474531c8113227e4e,2,0.024018458,1501,fresh,1,False,1743502,24000,1001,24000,323551232,72680592,396491024,True,0.6451500058174133,False,0.0034486516378819942,7e53933ec6ffad34b19572512b6e4dd79cdf79d53cce1b9679f28641c8345004,1059399821,False,7978f43a3bced6a1c55c28e1bf996272c6bc5d5c543a9ffead43532ef8542ed8,996278982,,
162,0,False,True,ad7ed19b2a9ce48b75220fac53032ab41cea9d4eddfe62f09bb1c86e063d6e46,2,0.022668792,1502,fresh,1,False,1744503,24000,1001,24000,323551232,72680592,396491024,True,0.54786217212677,False,0.0041915904730558395,a1dc46082a3247c370a0bea80eac8a6a710ea1d6c4447263d927751d18344a45,1057767602,False,e33097e78f0358cea2f0b6c880c8d7430606842815c4dde063dad6f92247d23d,998857116,,
163,0,False,True,d0e5c2803d70ef53f24fac74b8d5709c4d6caeb53dcb90684c7e1275fa774a9b,2,0.024200625,1503,fresh,1,False,1745504,24000,1001,24000,323551232,72680592,396491024,True,0.5576794147491455,False,0.006229816935956478,258955f94ba510e2de8a6b14dfe07f10e1b6ab8e7d73c54fe6bc36c37eaa3d6d,1057932308,False,78c5f5048602e5bfe730d96301fea06c51773051ba1cc57f91269c205da7c095,1003234174,,
164,0,False,True,d841adda17732722059f6de44301e74fecb55acc82790a6183686bebf268ffa9,2,0.020826917,1504,fresh,1,False,1746505,24000,1001,24000,323551232,72680592,396491024,True,0.4978949725627899,False,0.007945631630718708,19e13139913e3ab371c6400a1c7c2c109d1d6fdfbe6cb24aaa64906f6d77c38d,1056893975,False,24a3e209d060296693c3cbd16489d2a7e2d46cced3ec107c250b5b226a6785b8,1006775909,,
165,0,False,True,5e9f8c578fbdaa9a79951a9a0b0db54ad2a6dc573f3248623711260204a2f518,2,0.020588458,1505,fresh,1,False,1747506,24000,1001,24000,323551232,72680592,396491024,True,0.527655303478241,False,0.007524316199123859,def4be0fb3fad44d0bba17f4ec87b34a29779692689a1e34b7c1d14c9890783d,1057428587,False,d25a99836273ea0743af4085c581ad6a8686930de7930c31b2dc4751ddf3138e,1006014090,,
166,0,False,True,005b4fbe5a259b3440cdbacb4d77d7d1174f34b0c160e36ea1d31a6d1e17e58c,2,0.021715792,1506,fresh,1,False,1748507,24000,1001,24000,323551232,72680592,396491024,True,0.43426746129989624,False,0.00788638461381197,4884d6f9f54612fb41275b8e8d13cddd2192972bfafae0abaa4314560ed442e6,1054758990,False,6535db30047013aff9361867183968d00e14f046061dc1e02eb431fc8c269d36,1006712293,,
167,0,False,True,ae848c323367785c4afaf1dce9a980f379438c1285609a99009bbad4ea0dc89b,2,0.025613375,1507,fresh,1,False,1749508,24000,1001,24000,323551232,72680592,396491024,True,0.5358805656433105,False,0.008914805948734283,4a85e0bcb8f464c66c75cb11c1eec19ea4773c4d0c27fb17ca25c0938dce94de,1057566584,False,95337bec55e8cd043e66cac3aa222461d766c6318d86d69f2b8bc74569569192,1007816552,,
168,0,True,True,2067ac390b0ae7bb329aa2412208bdd5cd343cce076d9e653723773fae4aeb2f,2,0.023520542,1496,fresh,2,True,1738497,24000,1001,24000,323551232,72680592,396491024,True,0,True,0.26275041699409485,788ae0147bdf979a6575938ca2d7d4403788588f7be2010f03776c968fd1ab49,0,True,ca954688e08310567d16960ff74c9983fbd4bc77c918b924a37f77d810b0668c,1049003833,,
169,0,True,True,26e222bb9f5e7471b646ea2c9aaa390c6d8295fff6a32776e1c662fe80b942af,2,0.028780833,1497,fresh,2,False,1739498,24000,1001,24000,323551232,72680592,396491024,True,0.558485746383667,False,0.0035485278349369764,ff24d7286b3978166808fccb18ded53d06f8a0687fe03a9af73eba1e698dc25c,1057945836,False,b5af93cbe1cc5d1d7f6ad42630abe65e9ea2748429906730d52b29109c701e87,996707947,,
170,0,True,True,e7e2b99a952b73cd3f5f6d84afa8bc6182ca7e151166c9c5dfaa1fbfc557d4b8,2,0.0259365,1498,fresh,2,False,1740499,24000,1001,24000,323551232,72680592,396491024,True,0,True,0.2732870578765869,788ae0147bdf979a6575938ca2d7d4403788588f7be2010f03776c968fd1ab49,0,True,1dd7f8a26e56dfba878da177773321a53dca3f2b9d00b46118d4425ec3093903,1049357384,,
171,0,False,True,14bb670c4466232e6ab633a2a6fdefd4c99bace2d8b10f6043f30829c0354b17,2,0.020962625,1499,fresh,2,False,1741500,24000,1001,24000,323551232,72680592,396491024,True,0.6067052483558655,False,0.0030015227384865284,e4d7d9ae97135d7dc185243b19490a1f40bcca651cf2b759538db368bedc01b7,1058754825,False,ee54d44ebac3dca564784630aa7e04eb0e50afdb17521dfa1b05c85b78882a48,994358578,,
172,0,False,True,d0803a559d88c0bd6b54e5cfded20c04d64f959e3c5009ee65a67a705aa33ce3,2,0.019866291,1500,fresh,2,False,1742501,24000,1001,24000,323551232,72680592,396491024,True,0.6119656562805176,False,0.0028315477538853884,ff2eeb16566030b9dd06a8c01bbf967fa94070c40acdbbea6a0d2dc48c7167eb,1058843080,False,26438fbe98f93bb7ea392c433b2bfd232c214d8aa921dac0b16df381e5575aa2,993628541,,
173,0,False,True,4945f8e1ed2a6ce70e38e9f25e6ee38a7d2a8b0e0901cab474531c8113227e4e,2,0.020098917,1501,fresh,2,False,1743502,24000,1001,24000,323551232,72680592,396491024,True,0.6451500058174133,False,0.0034486516378819942,7e53933ec6ffad34b19572512b6e4dd79cdf79d53cce1b9679f28641c8345004,1059399821,False,7978f43a3bced6a1c55c28e1bf996272c6bc5d5c543a9ffead43532ef8542ed8,996278982,,
174,0,False,True,ad7ed19b2a9ce48b75220fac53032ab41cea9d4eddfe62f09bb1c86e063d6e46,2,0.020050916,1502,fresh,2,False,1744503,24000,1001,24000,323551232,72680592,396491024,True,0.54786217212677,False,0.0041915904730558395,a1dc46082a3247c370a0bea80eac8a6a710ea1d6c4447263d927751d18344a45,1057767602,False,e33097e78f0358cea2f0b6c880c8d7430606842815c4dde063dad6f92247d23d,998857116,,
175,0,False,True,d0e5c2803d70ef53f24fac74b8d5709c4d6caeb53dcb90684c7e1275fa774a9b,2,0.021411833,1503,fresh,2,False,1745504,24000,1001,24000,323551232,72680592,396491024,True,0.5576794147491455,False,0.006229816935956478,258955f94ba510e2de8a6b14dfe07f10e1b6ab8e7d73c54fe6bc36c37eaa3d6d,1057932308,False,78c5f5048602e5bfe730d96301fea06c51773051ba1cc57f91269c205da7c095,1003234174,,
176,0,False,True,d841adda17732722059f6de44301e74fecb55acc82790a6183686bebf268ffa9,2,0.022994709,1504,fresh,2,False,1746505,24000,1001,24000,323551232,72680592,396491024,True,0.4978949725627899,False,0.007945631630718708,19e13139913e3ab371c6400a1c7c2c109d1d6fdfbe6cb24aaa64906f6d77c38d,1056893975,False,24a3e209d060296693c3cbd16489d2a7e2d46cced3ec107c250b5b226a6785b8,1006775909,,
177,0,False,True,5e9f8c578fbdaa9a79951a9a0b0db54ad2a6dc573f3248623711260204a2f518,2,0.021151625,1505,fresh,2,False,1747506,24000,1001,24000,323551232,72680592,396491024,True,0.527655303478241,False,0.007524316199123859,def4be0fb3fad44d0bba17f4ec87b34a29779692689a1e34b7c1d14c9890783d,1057428587,False,d25a99836273ea0743af4085c581ad6a8686930de7930c31b2dc4751ddf3138e,1006014090,,
178,0,False,True,005b4fbe5a259b3440cdbacb4d77d7d1174f34b0c160e36ea1d31a6d1e17e58c,2,0.022157125,1506,fresh,2,False,1748507,24000,1001,24000,323551232,72680592,396491024,True,0.43426746129989624,False,0.00788638461381197,4884d6f9f54612fb41275b8e8d13cddd2192972bfafae0abaa4314560ed442e6,1054758990,False,6535db30047013aff9361867183968d00e14f046061dc1e02eb431fc8c269d36,1006712293,,
179,0,False,True,ae848c323367785c4afaf1dce9a980f379438c1285609a99009bbad4ea0dc89b,2,0.02400675,1507,fresh,2,False,1749508,24000,1001,24000,323551232,72680592,396491024,True,0.5358805656433105,False,0.008914805948734283,4a85e0bcb8f464c66c75cb11c1eec19ea4773c4d0c27fb17ca25c0938dce94de,1057566584,False,95337bec55e8cd043e66cac3aa222461d766c6318d86d69f2b8bc74569569192,1007816552,,
180,1,True,True,2067ac390b0ae7bb329aa2412208bdd5cd343cce076d9e653723773fae4aeb2f,2,0.019215875,1496,pooled,0,True,1738497,24000,1001,24000,323551232,72680592,396491024,True,0,True,0.26275041699409485,788ae0147bdf979a6575938ca2d7d4403788588f7be2010f03776c968fd1ab49,0,True,ca954688e08310567d16960ff74c9983fbd4bc77c918b924a37f77d810b0668c,1049003833,True,
181,1,True,True,26e222bb9f5e7471b646ea2c9aaa390c6d8295fff6a32776e1c662fe80b942af,2,0.023444291,1497,pooled,0,False,1739498,24000,1001,24000,323551232,72680592,396491024,True,0.558485746383667,False,0.0035485278349369764,ff24d7286b3978166808fccb18ded53d06f8a0687fe03a9af73eba1e698dc25c,1057945836,False,b5af93cbe1cc5d1d7f6ad42630abe65e9ea2748429906730d52b29109c701e87,996707947,True,
182,1,True,True,e7e2b99a952b73cd3f5f6d84afa8bc6182ca7e151166c9c5dfaa1fbfc557d4b8,2,0.020486583,1498,pooled,0,False,1740499,24000,1001,24000,323551232,72680592,396491024,True,0,True,0.2732870578765869,788ae0147bdf979a6575938ca2d7d4403788588f7be2010f03776c968fd1ab49,0,True,1dd7f8a26e56dfba878da177773321a53dca3f2b9d00b46118d4425ec3093903,1049357384,True,True
183,1,False,True,14bb670c4466232e6ab633a2a6fdefd4c99bace2d8b10f6043f30829c0354b17,2,0.019111958,1499,pooled,0,False,1741500,24000,1001,24000,323551232,72680592,396491024,True,0.6067052483558655,False,0.0030015227384865284,e4d7d9ae97135d7dc185243b19490a1f40bcca651cf2b759538db368bedc01b7,1058754825,False,ee54d44ebac3dca564784630aa7e04eb0e50afdb17521dfa1b05c85b78882a48,994358578,True,True
184,1,False,True,d0803a559d88c0bd6b54e5cfded20c04d64f959e3c5009ee65a67a705aa33ce3,2,0.021712708,1500,pooled,0,False,1742501,24000,1001,24000,323551232,72680592,396491024,True,0.6119656562805176,False,0.0028315477538853884,ff2eeb16566030b9dd06a8c01bbf967fa94070c40acdbbea6a0d2dc48c7167eb,1058843080,False,26438fbe98f93bb7ea392c433b2bfd232c214d8aa921dac0b16df381e5575aa2,993628541,True,
185,1,False,True,4945f8e1ed2a6ce70e38e9f25e6ee38a7d2a8b0e0901cab474531c8113227e4e,2,0.018292542,1501,pooled,0,False,1743502,24000,1001,24000,323551232,72680592,396491024,True,0.6451500058174133,False,0.0034486516378819942,7e53933ec6ffad34b19572512b6e4dd79cdf79d53cce1b9679f28641c8345004,1059399821,False,7978f43a3bced6a1c55c28e1bf996272c6bc5d5c543a9ffead43532ef8542ed8,996278982,True,
186,1,False,True,ad7ed19b2a9ce48b75220fac53032ab41cea9d4eddfe62f09bb1c86e063d6e46,2,0.018647334,1502,pooled,0,False,1744503,24000,1001,24000,323551232,72680592,396491024,True,0.54786217212677,False,0.0041915904730558395,a1dc46082a3247c370a0bea80eac8a6a710ea1d6c4447263d927751d18344a45,1057767602,False,e33097e78f0358cea2f0b6c880c8d7430606842815c4dde063dad6f92247d23d,998857116,True,
187,1,False,True,d0e5c2803d70ef53f24fac74b8d5709c4d6caeb53dcb90684c7e1275fa774a9b,2,0.024814375,1503,pooled,0,False,1745504,24000,1001,24000,323551232,72680592,396491024,True,0.5576794147491455,False,0.006229816935956478,258955f94ba510e2de8a6b14dfe07f10e1b6ab8e7d73c54fe6bc36c37eaa3d6d,1057932308,False,78c5f5048602e5bfe730d96301fea06c51773051ba1cc57f91269c205da7c095,1003234174,True,
188,1,False,True,d841adda17732722059f6de44301e74fecb55acc82790a6183686bebf268ffa9,2,0.019936041,1504,pooled,0,False,1746505,24000,1001,24000,323551232,72680592,396491024,True,0.4978949725627899,False,0.007945631630718708,19e13139913e3ab371c6400a1c7c2c109d1d6fdfbe6cb24aaa64906f6d77c38d,1056893975,False,24a3e209d060296693c3cbd16489d2a7e2d46cced3ec107c250b5b226a6785b8,1006775909,True,
189,1,False,True,5e9f8c578fbdaa9a79951a9a0b0db54ad2a6dc573f3248623711260204a2f518,2,0.021950041,1505,pooled,0,False,1747506,24000,1001,24000,323551232,72680592,396491024,True,0.527655303478241,False,0.007524316199123859,def4be0fb3fad44d0bba17f4ec87b34a29779692689a1e34b7c1d14c9890783d,1057428587,False,d25a99836273ea0743af4085c581ad6a8686930de7930c31b2dc4751ddf3138e,1006014090,True,
190,1,False,True,005b4fbe5a259b3440cdbacb4d77d7d1174f34b0c160e36ea1d31a6d1e17e58c,2,0.022578375,1506,pooled,0,False,1748507,24000,1001,24000,323551232,72680592,396491024,True,0.43426746129989624,False,0.00788638461381197,4884d6f9f54612fb41275b8e8d13cddd2192972bfafae0abaa4314560ed442e6,1054758990,False,6535db30047013aff9361867183968d00e14f046061dc1e02eb431fc8c269d36,1006712293,True,
191,1,False,True,ae848c323367785c4afaf1dce9a980f379438c1285609a99009bbad4ea0dc89b,2,0.019230041,1507,pooled,0,False,1749508,24000,1001,24000,323551232,72680592,396491024,True,0.5358805656433105,False,0.008914805948734283,4a85e0bcb8f464c66c75cb11c1eec19ea4773c4d0c27fb17ca25c0938dce94de,1057566584,False,95337bec55e8cd043e66cac3aa222461d766c6318d86d69f2b8bc74569569192,1007816552,True,
192,1,True,True,2067ac390b0ae7bb329aa2412208bdd5cd343cce076d9e653723773fae4aeb2f,2,0.0183875,1496,pooled,1,True,1738497,24000,1001,24000,323551232,72680592,396491024,True,0,True,0.26275041699409485,788ae0147bdf979a6575938ca2d7d4403788588f7be2010f03776c968fd1ab49,0,True,ca954688e08310567d16960ff74c9983fbd4bc77c918b924a37f77d810b0668c,1049003833,True,
193,1,True,True,26e222bb9f5e7471b646ea2c9aaa390c6d8295fff6a32776e1c662fe80b942af,2,0.019234083,1497,pooled,1,False,1739498,24000,1001,24000,323551232,72680592,396491024,True,0.558485746383667,False,0.0035485278349369764,ff24d7286b3978166808fccb18ded53d06f8a0687fe03a9af73eba1e698dc25c,1057945836,False,b5af93cbe1cc5d1d7f6ad42630abe65e9ea2748429906730d52b29109c701e87,996707947,True,
194,1,True,True,e7e2b99a952b73cd3f5f6d84afa8bc6182ca7e151166c9c5dfaa1fbfc557d4b8,2,0.020516,1498,pooled,1,False,1740499,24000,1001,24000,323551232,72680592,396491024,True,0,True,0.2732870578765869,788ae0147bdf979a6575938ca2d7d4403788588f7be2010f03776c968fd1ab49,0,True,1dd7f8a26e56dfba878da177773321a53dca3f2b9d00b46118d4425ec3093903,1049357384,True,True
195,1,False,True,14bb670c4466232e6ab633a2a6fdefd4c99bace2d8b10f6043f30829c0354b17,2,0.02301375,1499,pooled,1,False,1741500,24000,1001,24000,323551232,72680592,396491024,True,0.6067052483558655,False,0.0030015227384865284,e4d7d9ae97135d7dc185243b19490a1f40bcca651cf2b759538db368bedc01b7,1058754825,False,ee54d44ebac3dca564784630aa7e04eb0e50afdb17521dfa1b05c85b78882a48,994358578,True,True
196,1,False,True,d0803a559d88c0bd6b54e5cfded20c04d64f959e3c5009ee65a67a705aa33ce3,2,0.029301625,1500,pooled,1,False,1742501,24000,1001,24000,323551232,72680592,396491024,True,0.6119656562805176,False,0.0028315477538853884,ff2eeb16566030b9dd06a8c01bbf967fa94070c40acdbbea6a0d2dc48c7167eb,1058843080,False,26438fbe98f93bb7ea392c433b2bfd232c214d8aa921dac0b16df381e5575aa2,993628541,True,
197,1,False,True,4945f8e1ed2a6ce70e38e9f25e6ee38a7d2a8b0e0901cab474531c8113227e4e,2,0.020932667,1501,pooled,1,False,1743502,24000,1001,24000,323551232,72680592,396491024,True,0.6451500058174133,False,0.0034486516378819942,7e53933ec6ffad34b19572512b6e4dd79cdf79d53cce1b9679f28641c8345004,1059399821,False,7978f43a3bced6a1c55c28e1bf996272c6bc5d5c543a9ffead43532ef8542ed8,996278982,True,
198,1,False,True,ad7ed19b2a9ce48b75220fac53032ab41cea9d4eddfe62f09bb1c86e063d6e46,2,0.020930584,1502,pooled,1,False,1744503,24000,1001,24000,323551232,72680592,396491024,True,0.54786217212677,False,0.0041915904730558395,a1dc46082a3247c370a0bea80eac8a6a710ea1d6c4447263d927751d18344a45,1057767602,False,e33097e78f0358cea2f0b6c880c8d7430606842815c4dde063dad6f92247d23d,998857116,True,
199,1,False,True,d0e5c2803d70ef53f24fac74b8d5709c4d6caeb53dcb90684c7e1275fa774a9b,2,0.022644417,1503,pooled,1,False,1745504,24000,1001,24000,323551232,72680592,396491024,True,0.5576794147491455,False,0.006229816935956478,258955f94ba510e2de8a6b14dfe07f10e1b6ab8e7d73c54fe6bc36c37eaa3d6d,1057932308,False,78c5f5048602e5bfe730d96301fea06c51773051ba1cc57f91269c205da7c095,1003234174,True,
200,1,False,True,d841adda17732722059f6de44301e74fecb55acc82790a6183686bebf268ffa9,2,0.029912291,1504,pooled,1,False,1746505,24000,1001,24000,323551232,72680592,396491024,True,0.4978949725627899,False,0.007945631630718708,19e13139913e3ab371c6400a1c7c2c109d1d6fdfbe6cb24aaa64906f6d77c38d,1056893975,False,24a3e209d060296693c3cbd16489d2a7e2d46cced3ec107c250b5b226a6785b8,1006775909,True,
201,1,False,True,5e9f8c578fbdaa9a79951a9a0b0db54ad2a6dc573f3248623711260204a2f518,2,0.021023958,1505,pooled,1,False,1747506,24000,1001,24000,323551232,72680592,396491024,True,0.527655303478241,False,0.007524316199123859,def4be0fb3fad44d0bba17f4ec87b34a29779692689a1e34b7c1d14c9890783d,1057428587,False,d25a99836273ea0743af4085c581ad6a8686930de7930c31b2dc4751ddf3138e,1006014090,True,
202,1,False,True,005b4fbe5a259b3440cdbacb4d77d7d1174f34b0c160e36ea1d31a6d1e17e58c,2,0.022669208,1506,pooled,1,False,1748507,24000,1001,24000,323551232,72680592,396491024,True,0.43426746129989624,False,0.00788638461381197,4884d6f9f54612fb41275b8e8d13cddd2192972bfafae0abaa4314560ed442e6,1054758990,False,6535db30047013aff9361867183968d00e14f046061dc1e02eb431fc8c269d36,1006712293,True,
203,1,False,True,ae848c323367785c4afaf1dce9a980f379438c1285609a99009bbad4ea0dc89b,2,0.022543708,1507,pooled,1,False,1749508,24000,1001,24000,323551232,72680592,396491024,True,0.5358805656433105,False,0.008914805948734283,4a85e0bcb8f464c66c75cb11c1eec19ea4773c4d0c27fb17ca25c0938dce94de,1057566584,False,95337bec55e8cd043e66cac3aa222461d766c6318d86d69f2b8bc74569569192,1007816552,True,
204,1,True,True,2067ac390b0ae7bb329aa2412208bdd5cd343cce076d9e653723773fae4aeb2f,2,0.02013075,1496,pooled,2,True,1738497,24000,1001,24000,323551232,72680592,396491024,True,0,True,0.26275041699409485,788ae0147bdf979a6575938ca2d7d4403788588f7be2010f03776c968fd1ab49,0,True,ca954688e08310567d16960ff74c9983fbd4bc77c918b924a37f77d810b0668c,1049003833,True,
205,1,True,True,26e222bb9f5e7471b646ea2c9aaa390c6d8295fff6a32776e1c662fe80b942af,2,0.019143208,1497,pooled,2,False,1739498,24000,1001,24000,323551232,72680592,396491024,True,0.558485746383667,False,0.0035485278349369764,ff24d7286b3978166808fccb18ded53d06f8a0687fe03a9af73eba1e698dc25c,1057945836,False,b5af93cbe1cc5d1d7f6ad42630abe65e9ea2748429906730d52b29109c701e87,996707947,True,
206,1,True,True,e7e2b99a952b73cd3f5f6d84afa8bc6182ca7e151166c9c5dfaa1fbfc557d4b8,2,0.019274917,1498,pooled,2,False,1740499,24000,1001,24000,323551232,72680592,396491024,True,0,True,0.2732870578765869,788ae0147bdf979a6575938ca2d7d4403788588f7be2010f03776c968fd1ab49,0,True,1dd7f8a26e56dfba878da177773321a53dca3f2b9d00b46118d4425ec3093903,1049357384,True,True
207,1,False,True,14bb670c4466232e6ab633a2a6fdefd4c99bace2d8b10f6043f30829c0354b17,2,0.024306583,1499,pooled,2,False,1741500,24000,1001,24000,323551232,72680592,396491024,True,0.6067052483558655,False,0.0030015227384865284,e4d7d9ae97135d7dc185243b19490a1f40bcca651cf2b759538db368bedc01b7,1058754825,False,ee54d44ebac3dca564784630aa7e04eb0e50afdb17521dfa1b05c85b78882a48,994358578,True,True
208,1,False,True,d0803a559d88c0bd6b54e5cfded20c04d64f959e3c5009ee65a67a705aa33ce3,2,0.020525042,1500,pooled,2,False,1742501,24000,1001,24000,323551232,72680592,396491024,True,0.6119656562805176,False,0.0028315477538853884,ff2eeb16566030b9dd06a8c01bbf967fa94070c40acdbbea6a0d2dc48c7167eb,1058843080,False,26438fbe98f93bb7ea392c433b2bfd232c214d8aa921dac0b16df381e5575aa2,993628541,True,
209,1,False,True,4945f8e1ed2a6ce70e38e9f25e6ee38a7d2a8b0e0901cab474531c8113227e4e,2,0.022038584,1501,pooled,2,False,1743502,24000,1001,24000,323551232,72680592,396491024,True,0.6451500058174133,False,0.0034486516378819942,7e53933ec6ffad34b19572512b6e4dd79cdf79d53cce1b9679f28641c8345004,1059399821,False,7978f43a3bced6a1c55c28e1bf996272c6bc5d5c543a9ffead43532ef8542ed8,996278982,True,
210,1,False,True,ad7ed19b2a9ce48b75220fac53032ab41cea9d4eddfe62f09bb1c86e063d6e46,2,0.026955834,1502,pooled,2,False,1744503,24000,1001,24000,323551232,72680592,396491024,True,0.54786217212677,False,0.0041915904730558395,a1dc46082a3247c370a0bea80eac8a6a710ea1d6c4447263d927751d18344a45,1057767602,False,e33097e78f0358cea2f0b6c880c8d7430606842815c4dde063dad6f92247d23d,998857116,True,
211,1,False,True,d0e5c2803d70ef53f24fac74b8d5709c4d6caeb53dcb90684c7e1275fa774a9b,2,0.024801292,1503,pooled,2,False,1745504,24000,1001,24000,323551232,72680592,396491024,True,0.5576794147491455,False,0.006229816935956478,258955f94ba510e2de8a6b14dfe07f10e1b6ab8e7d73c54fe6bc36c37eaa3d6d,1057932308,False,78c5f5048602e5bfe730d96301fea06c51773051ba1cc57f91269c205da7c095,1003234174,True,
212,1,False,True,d841adda17732722059f6de44301e74fecb55acc82790a6183686bebf268ffa9,2,0.022676791,1504,pooled,2,False,1746505,24000,1001,24000,323551232,72680592,396491024,True,0.4978949725627899,False,0.007945631630718708,19e13139913e3ab371c6400a1c7c2c109d1d6fdfbe6cb24aaa64906f6d77c38d,1056893975,False,24a3e209d060296693c3cbd16489d2a7e2d46cced3ec107c250b5b226a6785b8,1006775909,True,
213,1,False,True,5e9f8c578fbdaa9a79951a9a0b0db54ad2a6dc573f3248623711260204a2f518,2,0.0227855,1505,pooled,2,False,1747506,24000,1001,24000,323551232,72680592,396491024,True,0.527655303478241,False,0.007524316199123859,def4be0fb3fad44d0bba17f4ec87b34a29779692689a1e34b7c1d14c9890783d,1057428587,False,d25a99836273ea0743af4085c581ad6a8686930de7930c31b2dc4751ddf3138e,1006014090,True,
214,1,False,True,005b4fbe5a259b3440cdbacb4d77d7d1174f34b0c160e36ea1d31a6d1e17e58c,2,0.028543791,1506,pooled,2,False,1748507,24000,1001,24000,323551232,72680592,396491024,True,0.43426746129989624,False,0.00788638461381197,4884d6f9f54612fb41275b8e8d13cddd2192972bfafae0abaa4314560ed442e6,1054758990,False,6535db30047013aff9361867183968d00e14f046061dc1e02eb431fc8c269d36,1006712293,True,
215,1,False,True,ae848c323367785c4afaf1dce9a980f379438c1285609a99009bbad4ea0dc89b,2,0.02622275,1507,pooled,2,False,1749508,24000,1001,24000,323551232,72680592,396491024,True,0.5358805656433105,False,0.008914805948734283,4a85e0bcb8f464c66c75cb11c1eec19ea4773c4d0c27fb17ca25c0938dce94de,1057566584,False,95337bec55e8cd043e66cac3aa222461d766c6318d86d69f2b8bc74569569192,1007816552,True,
216,0,True,True,2067ac390b0ae7bb329aa2412208bdd5cd343cce076d9e653723773fae4aeb2f,3,0.020657083,1496,pooled,0,True,1738497,24000,1001,24000,323551232,72680592,396491024,True,0,True,0.26275041699409485,788ae0147bdf979a6575938ca2d7d4403788588f7be2010f03776c968fd1ab49,0,True,ca954688e08310567d16960ff74c9983fbd4bc77c918b924a37f77d810b0668c,1049003833,,
217,0,True,True,26e222bb9f5e7471b646ea2c9aaa390c6d8295fff6a32776e1c662fe80b942af,3,0.019812042,1497,pooled,0,False,1739498,24000,1001,24000,323551232,72680592,396491024,True,0.558485746383667,False,0.0035485278349369764,ff24d7286b3978166808fccb18ded53d06f8a0687fe03a9af73eba1e698dc25c,1057945836,False,b5af93cbe1cc5d1d7f6ad42630abe65e9ea2748429906730d52b29109c701e87,996707947,,
218,0,True,True,e7e2b99a952b73cd3f5f6d84afa8bc6182ca7e151166c9c5dfaa1fbfc557d4b8,3,0.021882125,1498,pooled,0,False,1740499,24000,1001,24000,323551232,72680592,396491024,True,0,True,0.2732870578765869,788ae0147bdf979a6575938ca2d7d4403788588f7be2010f03776c968fd1ab49,0,True,1dd7f8a26e56dfba878da177773321a53dca3f2b9d00b46118d4425ec3093903,1049357384,,
219,0,False,True,14bb670c4466232e6ab633a2a6fdefd4c99bace2d8b10f6043f30829c0354b17,3,0.02618,1499,pooled,0,False,1741500,24000,1001,24000,323551232,72680592,396491024,True,0.6067052483558655,False,0.0030015227384865284,e4d7d9ae97135d7dc185243b19490a1f40bcca651cf2b759538db368bedc01b7,1058754825,False,ee54d44ebac3dca564784630aa7e04eb0e50afdb17521dfa1b05c85b78882a48,994358578,,
220,0,False,True,d0803a559d88c0bd6b54e5cfded20c04d64f959e3c5009ee65a67a705aa33ce3,3,0.019819875,1500,pooled,0,False,1742501,24000,1001,24000,323551232,72680592,396491024,True,0.6119656562805176,False,0.0028315477538853884,ff2eeb16566030b9dd06a8c01bbf967fa94070c40acdbbea6a0d2dc48c7167eb,1058843080,False,26438fbe98f93bb7ea392c433b2bfd232c214d8aa921dac0b16df381e5575aa2,993628541,,
221,0,False,True,4945f8e1ed2a6ce70e38e9f25e6ee38a7d2a8b0e0901cab474531c8113227e4e,3,0.020022625,1501,pooled,0,False,1743502,24000,1001,24000,323551232,72680592,396491024,True,0.6451500058174133,False,0.0034486516378819942,7e53933ec6ffad34b19572512b6e4dd79cdf79d53cce1b9679f28641c8345004,1059399821,False,7978f43a3bced6a1c55c28e1bf996272c6bc5d5c543a9ffead43532ef8542ed8,996278982,,
222,0,False,True,ad7ed19b2a9ce48b75220fac53032ab41cea9d4eddfe62f09bb1c86e063d6e46,3,0.021418333,1502,pooled,0,False,1744503,24000,1001,24000,323551232,72680592,396491024,True,0.54786217212677,False,0.0041915904730558395,a1dc46082a3247c370a0bea80eac8a6a710ea1d6c4447263d927751d18344a45,1057767602,False,e33097e78f0358cea2f0b6c880c8d7430606842815c4dde063dad6f92247d23d,998857116,,
223,0,False,True,d0e5c2803d70ef53f24fac74b8d5709c4d6caeb53dcb90684c7e1275fa774a9b,3,0.019099333,1503,pooled,0,False,1745504,24000,1001,24000,323551232,72680592,396491024,True,0.5576794147491455,False,0.006229816935956478,258955f94ba510e2de8a6b14dfe07f10e1b6ab8e7d73c54fe6bc36c37eaa3d6d,1057932308,False,78c5f5048602e5bfe730d96301fea06c51773051ba1cc57f91269c205da7c095,1003234174,,
224,0,False,True,d841adda17732722059f6de44301e74fecb55acc82790a6183686bebf268ffa9,3,0.019469333,1504,pooled,0,False,1746505,24000,1001,24000,323551232,72680592,396491024,True,0.4978949725627899,False,0.007945631630718708,19e13139913e3ab371c6400a1c7c2c109d1d6fdfbe6cb24aaa64906f6d77c38d,1056893975,False,24a3e209d060296693c3cbd16489d2a7e2d46cced3ec107c250b5b226a6785b8,1006775909,,
225,0,False,True,5e9f8c578fbdaa9a79951a9a0b0db54ad2a6dc573f3248623711260204a2f518,3,0.01845325,1505,pooled,0,False,1747506,24000,1001,24000,323551232,72680592,396491024,True,0.527655303478241,False,0.007524316199123859,def4be0fb3fad44d0bba17f4ec87b34a29779692689a1e34b7c1d14c9890783d,1057428587,False,d25a99836273ea0743af4085c581ad6a8686930de7930c31b2dc4751ddf3138e,1006014090,,
226,0,False,True,005b4fbe5a259b3440cdbacb4d77d7d1174f34b0c160e36ea1d31a6d1e17e58c,3,0.024017083,1506,pooled,0,False,1748507,24000,1001,24000,323551232,72680592,396491024,True,0.43426746129989624,False,0.00788638461381197,4884d6f9f54612fb41275b8e8d13cddd2192972bfafae0abaa4314560ed442e6,1054758990,False,6535db30047013aff9361867183968d00e14f046061dc1e02eb431fc8c269d36,1006712293,,
227,0,False,True,ae848c323367785c4afaf1dce9a980f379438c1285609a99009bbad4ea0dc89b,3,0.019964959,1507,pooled,0,False,1749508,24000,1001,24000,323551232,72680592,396491024,True,0.5358805656433105,False,0.008914805948734283,4a85e0bcb8f464c66c75cb11c1eec19ea4773c4d0c27fb17ca25c0938dce94de,1057566584,False,95337bec55e8cd043e66cac3aa222461d766c6318d86d69f2b8bc74569569192,1007816552,,
228,0,True,True,2067ac390b0ae7bb329aa2412208bdd5cd343cce076d9e653723773fae4aeb2f,3,0.019131875,1496,pooled,1,True,1738497,24000,1001,24000,323551232,72680592,396491024,True,0,True,0.26275041699409485,788ae0147bdf979a6575938ca2d7d4403788588f7be2010f03776c968fd1ab49,0,True,ca954688e08310567d16960ff74c9983fbd4bc77c918b924a37f77d810b0668c,1049003833,,
229,0,True,True,26e222bb9f5e7471b646ea2c9aaa390c6d8295fff6a32776e1c662fe80b942af,3,0.021997,1497,pooled,1,False,1739498,24000,1001,24000,323551232,72680592,396491024,True,0.558485746383667,False,0.0035485278349369764,ff24d7286b3978166808fccb18ded53d06f8a0687fe03a9af73eba1e698dc25c,1057945836,False,b5af93cbe1cc5d1d7f6ad42630abe65e9ea2748429906730d52b29109c701e87,996707947,,
230,0,True,True,e7e2b99a952b73cd3f5f6d84afa8bc6182ca7e151166c9c5dfaa1fbfc557d4b8,3,0.021814791,1498,pooled,1,False,1740499,24000,1001,24000,323551232,72680592,396491024,True,0,True,0.2732870578765869,788ae0147bdf979a6575938ca2d7d4403788588f7be2010f03776c968fd1ab49,0,True,1dd7f8a26e56dfba878da177773321a53dca3f2b9d00b46118d4425ec3093903,1049357384,,
231,0,False,True,14bb670c4466232e6ab633a2a6fdefd4c99bace2d8b10f6043f30829c0354b17,3,0.024511584,1499,pooled,1,False,1741500,24000,1001,24000,323551232,72680592,396491024,True,0.6067052483558655,False,0.0030015227384865284,e4d7d9ae97135d7dc185243b19490a1f40bcca651cf2b759538db368bedc01b7,1058754825,False,ee54d44ebac3dca564784630aa7e04eb0e50afdb17521dfa1b05c85b78882a48,994358578,,
232,0,False,True,d0803a559d88c0bd6b54e5cfded20c04d64f959e3c5009ee65a67a705aa33ce3,3,0.022626542,1500,pooled,1,False,1742501,24000,1001,24000,323551232,72680592,396491024,True,0.6119656562805176,False,0.0028315477538853884,ff2eeb16566030b9dd06a8c01bbf967fa94070c40acdbbea6a0d2dc48c7167eb,1058843080,False,26438fbe98f93bb7ea392c433b2bfd232c214d8aa921dac0b16df381e5575aa2,993628541,,
233,0,False,True,4945f8e1ed2a6ce70e38e9f25e6ee38a7d2a8b0e0901cab474531c8113227e4e,3,0.028854667,1501,pooled,1,False,1743502,24000,1001,24000,323551232,72680592,396491024,True,0.6451500058174133,False,0.0034486516378819942,7e53933ec6ffad34b19572512b6e4dd79cdf79d53cce1b9679f28641c8345004,1059399821,False,7978f43a3bced6a1c55c28e1bf996272c6bc5d5c543a9ffead43532ef8542ed8,996278982,,
234,0,False,True,ad7ed19b2a9ce48b75220fac53032ab41cea9d4eddfe62f09bb1c86e063d6e46,3,0.026041125,1502,pooled,1,False,1744503,24000,1001,24000,323551232,72680592,396491024,True,0.54786217212677,False,0.0041915904730558395,a1dc46082a3247c370a0bea80eac8a6a710ea1d6c4447263d927751d18344a45,1057767602,False,e33097e78f0358cea2f0b6c880c8d7430606842815c4dde063dad6f92247d23d,998857116,,
235,0,False,True,d0e5c2803d70ef53f24fac74b8d5709c4d6caeb53dcb90684c7e1275fa774a9b,3,0.022154792,1503,pooled,1,False,1745504,24000,1001,24000,323551232,72680592,396491024,True,0.5576794147491455,False,0.006229816935956478,258955f94ba510e2de8a6b14dfe07f10e1b6ab8e7d73c54fe6bc36c37eaa3d6d,1057932308,False,78c5f5048602e5bfe730d96301fea06c51773051ba1cc57f91269c205da7c095,1003234174,,
236,0,False,True,d841adda17732722059f6de44301e74fecb55acc82790a6183686bebf268ffa9,3,0.023411375,1504,pooled,1,False,1746505,24000,1001,24000,323551232,72680592,396491024,True,0.4978949725627899,False,0.007945631630718708,19e13139913e3ab371c6400a1c7c2c109d1d6fdfbe6cb24aaa64906f6d77c38d,1056893975,False,24a3e209d060296693c3cbd16489d2a7e2d46cced3ec107c250b5b226a6785b8,1006775909,,
237,0,False,True,5e9f8c578fbdaa9a79951a9a0b0db54ad2a6dc573f3248623711260204a2f518,3,0.02091125,1505,pooled,1,False,1747506,24000,1001,24000,323551232,72680592,396491024,True,0.527655303478241,False,0.007524316199123859,def4be0fb3fad44d0bba17f4ec87b34a29779692689a1e34b7c1d14c9890783d,1057428587,False,d25a99836273ea0743af4085c581ad6a8686930de7930c31b2dc4751ddf3138e,1006014090,,
238,0,False,True,005b4fbe5a259b3440cdbacb4d77d7d1174f34b0c160e36ea1d31a6d1e17e58c,3,0.021296292,1506,pooled,1,False,1748507,24000,1001,24000,323551232,72680592,396491024,True,0.43426746129989624,False,0.00788638461381197,4884d6f9f54612fb41275b8e8d13cddd2192972bfafae0abaa4314560ed442e6,1054758990,False,6535db30047013aff9361867183968d00e14f046061dc1e02eb431fc8c269d36,1006712293,,
239,0,False,True,ae848c323367785c4afaf1dce9a980f379438c1285609a99009bbad4ea0dc89b,3,0.025624042,1507,pooled,1,False,1749508,24000,1001,24000,323551232,72680592,396491024,True,0.5358805656433105,False,0.008914805948734283,4a85e0bcb8f464c66c75cb11c1eec19ea4773c4d0c27fb17ca25c0938dce94de,1057566584,False,95337bec55e8cd043e66cac3aa222461d766c6318d86d69f2b8bc74569569192,1007816552,,
240,0,True,True,2067ac390b0ae7bb329aa2412208bdd5cd343cce076d9e653723773fae4aeb2f,3,0.019251791,1496,pooled,2,True,1738497,24000,1001,24000,323551232,72680592,396491024,True,0,True,0.26275041699409485,788ae0147bdf979a6575938ca2d7d4403788588f7be2010f03776c968fd1ab49,0,True,ca954688e08310567d16960ff74c9983fbd4bc77c918b924a37f77d810b0668c,1049003833,,
241,0,True,True,26e222bb9f5e7471b646ea2c9aaa390c6d8295fff6a32776e1c662fe80b942af,3,0.020436833,1497,pooled,2,False,1739498,24000,1001,24000,323551232,72680592,396491024,True,0.558485746383667,False,0.0035485278349369764,ff24d7286b3978166808fccb18ded53d06f8a0687fe03a9af73eba1e698dc25c,1057945836,False,b5af93cbe1cc5d1d7f6ad42630abe65e9ea2748429906730d52b29109c701e87,996707947,,
242,0,True,True,e7e2b99a952b73cd3f5f6d84afa8bc6182ca7e151166c9c5dfaa1fbfc557d4b8,3,0.01994875,1498,pooled,2,False,1740499,24000,1001,24000,323551232,72680592,396491024,True,0,True,0.2732870578765869,788ae0147bdf979a6575938ca2d7d4403788588f7be2010f03776c968fd1ab49,0,True,1dd7f8a26e56dfba878da177773321a53dca3f2b9d00b46118d4425ec3093903,1049357384,,
243,0,False,True,14bb670c4466232e6ab633a2a6fdefd4c99bace2d8b10f6043f30829c0354b17,3,0.032202083,1499,pooled,2,False,1741500,24000,1001,24000,323551232,72680592,396491024,True,0.6067052483558655,False,0.0030015227384865284,e4d7d9ae97135d7dc185243b19490a1f40bcca651cf2b759538db368bedc01b7,1058754825,False,ee54d44ebac3dca564784630aa7e04eb0e50afdb17521dfa1b05c85b78882a48,994358578,,
244,0,False,True,d0803a559d88c0bd6b54e5cfded20c04d64f959e3c5009ee65a67a705aa33ce3,3,0.025623375,1500,pooled,2,False,1742501,24000,1001,24000,323551232,72680592,396491024,True,0.6119656562805176,False,0.0028315477538853884,ff2eeb16566030b9dd06a8c01bbf967fa94070c40acdbbea6a0d2dc48c7167eb,1058843080,False,26438fbe98f93bb7ea392c433b2bfd232c214d8aa921dac0b16df381e5575aa2,993628541,,
245,0,False,True,4945f8e1ed2a6ce70e38e9f25e6ee38a7d2a8b0e0901cab474531c8113227e4e,3,0.020722083,1501,pooled,2,False,1743502,24000,1001,24000,323551232,72680592,396491024,True,0.6451500058174133,False,0.0034486516378819942,7e53933ec6ffad34b19572512b6e4dd79cdf79d53cce1b9679f28641c8345004,1059399821,False,7978f43a3bced6a1c55c28e1bf996272c6bc5d5c543a9ffead43532ef8542ed8,996278982,,
246,0,False,True,ad7ed19b2a9ce48b75220fac53032ab41cea9d4eddfe62f09bb1c86e063d6e46,3,0.019146833,1502,pooled,2,False,1744503,24000,1001,24000,323551232,72680592,396491024,True,0.54786217212677,False,0.0041915904730558395,a1dc46082a3247c370a0bea80eac8a6a710ea1d6c4447263d927751d18344a45,1057767602,False,e33097e78f0358cea2f0b6c880c8d7430606842815c4dde063dad6f92247d23d,998857116,,
247,0,False,True,d0e5c2803d70ef53f24fac74b8d5709c4d6caeb53dcb90684c7e1275fa774a9b,3,0.019224333,1503,pooled,2,False,1745504,24000,1001,24000,323551232,72680592,396491024,True,0.5576794147491455,False,0.006229816935956478,258955f94ba510e2de8a6b14dfe07f10e1b6ab8e7d73c54fe6bc36c37eaa3d6d,1057932308,False,78c5f5048602e5bfe730d96301fea06c51773051ba1cc57f91269c205da7c095,1003234174,,
248,0,False,True,d841adda17732722059f6de44301e74fecb55acc82790a6183686bebf268ffa9,3,0.024262416,1504,pooled,2,False,1746505,24000,1001,24000,323551232,72680592,396491024,True,0.4978949725627899,False,0.007945631630718708,19e13139913e3ab371c6400a1c7c2c109d1d6fdfbe6cb24aaa64906f6d77c38d,1056893975,False,24a3e209d060296693c3cbd16489d2a7e2d46cced3ec107c250b5b226a6785b8,1006775909,,
249,0,False,True,5e9f8c578fbdaa9a79951a9a0b0db54ad2a6dc573f3248623711260204a2f518,3,0.019212291,1505,pooled,2,False,1747506,24000,1001,24000,323551232,72680592,396491024,True,0.527655303478241,False,0.007524316199123859,def4be0fb3fad44d0bba17f4ec87b34a29779692689a1e34b7c1d14c9890783d,1057428587,False,d25a99836273ea0743af4085c581ad6a8686930de7930c31b2dc4751ddf3138e,1006014090,,
250,0,False,True,005b4fbe5a259b3440cdbacb4d77d7d1174f34b0c160e36ea1d31a6d1e17e58c,3,0.02893925,1506,pooled,2,False,1748507,24000,1001,24000,323551232,72680592,396491024,True,0.43426746129989624,False,0.00788638461381197,4884d6f9f54612fb41275b8e8d13cddd2192972bfafae0abaa4314560ed442e6,1054758990,False,6535db30047013aff9361867183968d00e14f046061dc1e02eb431fc8c269d36,1006712293,,
251,0,False,True,ae848c323367785c4afaf1dce9a980f379438c1285609a99009bbad4ea0dc89b,3,0.022526709,1507,pooled,2,False,1749508,24000,1001,24000,323551232,72680592,396491024,True,0.5358805656433105,False,0.008914805948734283,4a85e0bcb8f464c66c75cb11c1eec19ea4773c4d0c27fb17ca25c0938dce94de,1057566584,False,95337bec55e8cd043e66cac3aa222461d766c6318d86d69f2b8bc74569569192,1007816552,,
252,1,True,True,2067ac390b0ae7bb329aa2412208bdd5cd343cce076d9e653723773fae4aeb2f,3,0.030717417,1496,fresh,0,True,1738497,24000,1001,24000,323551232,72680592,396491024,True,0,True,0.26275041699409485,788ae0147bdf979a6575938ca2d7d4403788588f7be2010f03776c968fd1ab49,0,True,ca954688e08310567d16960ff74c9983fbd4bc77c918b924a37f77d810b0668c,1049003833,True,
253,1,True,True,26e222bb9f5e7471b646ea2c9aaa390c6d8295fff6a32776e1c662fe80b942af,3,0.0279995,1497,fresh,0,False,1739498,24000,1001,24000,323551232,72680592,396491024,True,0.558485746383667,False,0.0035485278349369764,ff24d7286b3978166808fccb18ded53d06f8a0687fe03a9af73eba1e698dc25c,1057945836,False,b5af93cbe1cc5d1d7f6ad42630abe65e9ea2748429906730d52b29109c701e87,996707947,True,
254,1,True,True,e7e2b99a952b73cd3f5f6d84afa8bc6182ca7e151166c9c5dfaa1fbfc557d4b8,3,0.018365709,1498,fresh,0,False,1740499,24000,1001,24000,323551232,72680592,396491024,True,0,True,0.2732870578765869,788ae0147bdf979a6575938ca2d7d4403788588f7be2010f03776c968fd1ab49,0,True,1dd7f8a26e56dfba878da177773321a53dca3f2b9d00b46118d4425ec3093903,1049357384,True,True
255,1,False,True,14bb670c4466232e6ab633a2a6fdefd4c99bace2d8b10f6043f30829c0354b17,3,0.020209125,1499,fresh,0,False,1741500,24000,1001,24000,323551232,72680592,396491024,True,0.6067052483558655,False,0.0030015227384865284,e4d7d9ae97135d7dc185243b19490a1f40bcca651cf2b759538db368bedc01b7,1058754825,False,ee54d44ebac3dca564784630aa7e04eb0e50afdb17521dfa1b05c85b78882a48,994358578,True,True
256,1,False,True,d0803a559d88c0bd6b54e5cfded20c04d64f959e3c5009ee65a67a705aa33ce3,3,0.021608875,1500,fresh,0,False,1742501,24000,1001,24000,323551232,72680592,396491024,True,0.6119656562805176,False,0.0028315477538853884,ff2eeb16566030b9dd06a8c01bbf967fa94070c40acdbbea6a0d2dc48c7167eb,1058843080,False,26438fbe98f93bb7ea392c433b2bfd232c214d8aa921dac0b16df381e5575aa2,993628541,True,
257,1,False,True,4945f8e1ed2a6ce70e38e9f25e6ee38a7d2a8b0e0901cab474531c8113227e4e,3,0.023776666,1501,fresh,0,False,1743502,24000,1001,24000,323551232,72680592,396491024,True,0.6451500058174133,False,0.0034486516378819942,7e53933ec6ffad34b19572512b6e4dd79cdf79d53cce1b9679f28641c8345004,1059399821,False,7978f43a3bced6a1c55c28e1bf996272c6bc5d5c543a9ffead43532ef8542ed8,996278982,True,
258,1,False,True,ad7ed19b2a9ce48b75220fac53032ab41cea9d4eddfe62f09bb1c86e063d6e46,3,0.021956,1502,fresh,0,False,1744503,24000,1001,24000,323551232,72680592,396491024,True,0.54786217212677,False,0.0041915904730558395,a1dc46082a3247c370a0bea80eac8a6a710ea1d6c4447263d927751d18344a45,1057767602,False,e33097e78f0358cea2f0b6c880c8d7430606842815c4dde063dad6f92247d23d,998857116,True,
259,1,False,True,d0e5c2803d70ef53f24fac74b8d5709c4d6caeb53dcb90684c7e1275fa774a9b,3,0.024567625,1503,fresh,0,False,1745504,24000,1001,24000,323551232,72680592,396491024,True,0.5576794147491455,False,0.006229816935956478,258955f94ba510e2de8a6b14dfe07f10e1b6ab8e7d73c54fe6bc36c37eaa3d6d,1057932308,False,78c5f5048602e5bfe730d96301fea06c51773051ba1cc57f91269c205da7c095,1003234174,True,
260,1,False,True,d841adda17732722059f6de44301e74fecb55acc82790a6183686bebf268ffa9,3,0.024993542,1504,fresh,0,False,1746505,24000,1001,24000,323551232,72680592,396491024,True,0.4978949725627899,False,0.007945631630718708,19e13139913e3ab371c6400a1c7c2c109d1d6fdfbe6cb24aaa64906f6d77c38d,1056893975,False,24a3e209d060296693c3cbd16489d2a7e2d46cced3ec107c250b5b226a6785b8,1006775909,True,
261,1,False,True,5e9f8c578fbdaa9a79951a9a0b0db54ad2a6dc573f3248623711260204a2f518,3,0.019415834,1505,fresh,0,False,1747506,24000,1001,24000,323551232,72680592,396491024,True,0.527655303478241,False,0.007524316199123859,def4be0fb3fad44d0bba17f4ec87b34a29779692689a1e34b7c1d14c9890783d,1057428587,False,d25a99836273ea0743af4085c581ad6a8686930de7930c31b2dc4751ddf3138e,1006014090,True,
262,1,False,True,005b4fbe5a259b3440cdbacb4d77d7d1174f34b0c160e36ea1d31a6d1e17e58c,3,0.02672775,1506,fresh,0,False,1748507,24000,1001,24000,323551232,72680592,396491024,True,0.43426746129989624,False,0.00788638461381197,4884d6f9f54612fb41275b8e8d13cddd2192972bfafae0abaa4314560ed442e6,1054758990,False,6535db30047013aff9361867183968d00e14f046061dc1e02eb431fc8c269d36,1006712293,True,
263,1,False,True,ae848c323367785c4afaf1dce9a980f379438c1285609a99009bbad4ea0dc89b,3,0.022005417,1507,fresh,0,False,1749508,24000,1001,24000,323551232,72680592,396491024,True,0.5358805656433105,False,0.008914805948734283,4a85e0bcb8f464c66c75cb11c1eec19ea4773c4d0c27fb17ca25c0938dce94de,1057566584,False,95337bec55e8cd043e66cac3aa222461d766c6318d86d69f2b8bc74569569192,1007816552,True,
264,1,True,True,2067ac390b0ae7bb329aa2412208bdd5cd343cce076d9e653723773fae4aeb2f,3,0.027397625,1496,fresh,1,True,1738497,24000,1001,24000,323551232,72680592,396491024,True,0,True,0.26275041699409485,788ae0147bdf979a6575938ca2d7d4403788588f7be2010f03776c968fd1ab49,0,True,ca954688e08310567d16960ff74c9983fbd4bc77c918b924a37f77d810b0668c,1049003833,True,
265,1,True,True,26e222bb9f5e7471b646ea2c9aaa390c6d8295fff6a32776e1c662fe80b942af,3,0.02106,1497,fresh,1,False,1739498,24000,1001,24000,323551232,72680592,396491024,True,0.558485746383667,False,0.0035485278349369764,ff24d7286b3978166808fccb18ded53d06f8a0687fe03a9af73eba1e698dc25c,1057945836,False,b5af93cbe1cc5d1d7f6ad42630abe65e9ea2748429906730d52b29109c701e87,996707947,True,
266,1,True,True,e7e2b99a952b73cd3f5f6d84afa8bc6182ca7e151166c9c5dfaa1fbfc557d4b8,3,0.019406625,1498,fresh,1,False,1740499,24000,1001,24000,323551232,72680592,396491024,True,0,True,0.2732870578765869,788ae0147bdf979a6575938ca2d7d4403788588f7be2010f03776c968fd1ab49,0,True,1dd7f8a26e56dfba878da177773321a53dca3f2b9d00b46118d4425ec3093903,1049357384,True,True
267,1,False,True,14bb670c4466232e6ab633a2a6fdefd4c99bace2d8b10f6043f30829c0354b17,3,0.022430708,1499,fresh,1,False,1741500,24000,1001,24000,323551232,72680592,396491024,True,0.6067052483558655,False,0.0030015227384865284,e4d7d9ae97135d7dc185243b19490a1f40bcca651cf2b759538db368bedc01b7,1058754825,False,ee54d44ebac3dca564784630aa7e04eb0e50afdb17521dfa1b05c85b78882a48,994358578,True,True
268,1,False,True,d0803a559d88c0bd6b54e5cfded20c04d64f959e3c5009ee65a67a705aa33ce3,3,0.026734709,1500,fresh,1,False,1742501,24000,1001,24000,323551232,72680592,396491024,True,0.6119656562805176,False,0.0028315477538853884,ff2eeb16566030b9dd06a8c01bbf967fa94070c40acdbbea6a0d2dc48c7167eb,1058843080,False,26438fbe98f93bb7ea392c433b2bfd232c214d8aa921dac0b16df381e5575aa2,993628541,True,
269,1,False,True,4945f8e1ed2a6ce70e38e9f25e6ee38a7d2a8b0e0901cab474531c8113227e4e,3,0.020905167,1501,fresh,1,False,1743502,24000,1001,24000,323551232,72680592,396491024,True,0.6451500058174133,False,0.0034486516378819942,7e53933ec6ffad34b19572512b6e4dd79cdf79d53cce1b9679f28641c8345004,1059399821,False,7978f43a3bced6a1c55c28e1bf996272c6bc5d5c543a9ffead43532ef8542ed8,996278982,True,
270,1,False,True,ad7ed19b2a9ce48b75220fac53032ab41cea9d4eddfe62f09bb1c86e063d6e46,3,0.019961125,1502,fresh,1,False,1744503,24000,1001,24000,323551232,72680592,396491024,True,0.54786217212677,False,0.0041915904730558395,a1dc46082a3247c370a0bea80eac8a6a710ea1d6c4447263d927751d18344a45,1057767602,False,e33097e78f0358cea2f0b6c880c8d7430606842815c4dde063dad6f92247d23d,998857116,True,
271,1,False,True,d0e5c2803d70ef53f24fac74b8d5709c4d6caeb53dcb90684c7e1275fa774a9b,3,0.02091875,1503,fresh,1,False,1745504,24000,1001,24000,323551232,72680592,396491024,True,0.5576794147491455,False,0.006229816935956478,258955f94ba510e2de8a6b14dfe07f10e1b6ab8e7d73c54fe6bc36c37eaa3d6d,1057932308,False,78c5f5048602e5bfe730d96301fea06c51773051ba1cc57f91269c205da7c095,1003234174,True,
272,1,False,True,d841adda17732722059f6de44301e74fecb55acc82790a6183686bebf268ffa9,3,0.020085708,1504,fresh,1,False,1746505,24000,1001,24000,323551232,72680592,396491024,True,0.4978949725627899,False,0.007945631630718708,19e13139913e3ab371c6400a1c7c2c109d1d6fdfbe6cb24aaa64906f6d77c38d,1056893975,False,24a3e209d060296693c3cbd16489d2a7e2d46cced3ec107c250b5b226a6785b8,1006775909,True,
273,1,False,True,5e9f8c578fbdaa9a79951a9a0b0db54ad2a6dc573f3248623711260204a2f518,3,0.022872,1505,fresh,1,False,1747506,24000,1001,24000,323551232,72680592,396491024,True,0.527655303478241,False,0.007524316199123859,def4be0fb3fad44d0bba17f4ec87b34a29779692689a1e34b7c1d14c9890783d,1057428587,False,d25a99836273ea0743af4085c581ad6a8686930de7930c31b2dc4751ddf3138e,1006014090,True,
274,1,False,True,005b4fbe5a259b3440cdbacb4d77d7d1174f34b0c160e36ea1d31a6d1e17e58c,3,0.021586583,1506,fresh,1,False,1748507,24000,1001,24000,323551232,72680592,396491024,True,0.43426746129989624,False,0.00788638461381197,4884d6f9f54612fb41275b8e8d13cddd2192972bfafae0abaa4314560ed442e6,1054758990,False,6535db30047013aff9361867183968d00e14f046061dc1e02eb431fc8c269d36,1006712293,True,
275,1,False,True,ae848c323367785c4afaf1dce9a980f379438c1285609a99009bbad4ea0dc89b,3,0.019723458,1507,fresh,1,False,1749508,24000,1001,24000,323551232,72680592,396491024,True,0.5358805656433105,False,0.008914805948734283,4a85e0bcb8f464c66c75cb11c1eec19ea4773c4d0c27fb17ca25c0938dce94de,1057566584,False,95337bec55e8cd043e66cac3aa222461d766c6318d86d69f2b8bc74569569192,1007816552,True,
276,1,True,True,2067ac390b0ae7bb329aa2412208bdd5cd343cce076d9e653723773fae4aeb2f,3,0.022767417,1496,fresh,2,True,1738497,24000,1001,24000,323551232,72680592,396491024,True,0,True,0.26275041699409485,788ae0147bdf979a6575938ca2d7d4403788588f7be2010f03776c968fd1ab49,0,True,ca954688e08310567d16960ff74c9983fbd4bc77c918b924a37f77d810b0668c,1049003833,True,
277,1,True,True,26e222bb9f5e7471b646ea2c9aaa390c6d8295fff6a32776e1c662fe80b942af,3,0.0220065,1497,fresh,2,False,1739498,24000,1001,24000,323551232,72680592,396491024,True,0.558485746383667,False,0.0035485278349369764,ff24d7286b3978166808fccb18ded53d06f8a0687fe03a9af73eba1e698dc25c,1057945836,False,b5af93cbe1cc5d1d7f6ad42630abe65e9ea2748429906730d52b29109c701e87,996707947,True,
278,1,True,True,e7e2b99a952b73cd3f5f6d84afa8bc6182ca7e151166c9c5dfaa1fbfc557d4b8,3,0.022240625,1498,fresh,2,False,1740499,24000,1001,24000,323551232,72680592,396491024,True,0,True,0.2732870578765869,788ae0147bdf979a6575938ca2d7d4403788588f7be2010f03776c968fd1ab49,0,True,1dd7f8a26e56dfba878da177773321a53dca3f2b9d00b46118d4425ec3093903,1049357384,True,True
279,1,False,True,14bb670c4466232e6ab633a2a6fdefd4c99bace2d8b10f6043f30829c0354b17,3,0.024681584,1499,fresh,2,False,1741500,24000,1001,24000,323551232,72680592,396491024,True,0.6067052483558655,False,0.0030015227384865284,e4d7d9ae97135d7dc185243b19490a1f40bcca651cf2b759538db368bedc01b7,1058754825,False,ee54d44ebac3dca564784630aa7e04eb0e50afdb17521dfa1b05c85b78882a48,994358578,True,True
280,1,False,True,d0803a559d88c0bd6b54e5cfded20c04d64f959e3c5009ee65a67a705aa33ce3,3,0.020154,1500,fresh,2,False,1742501,24000,1001,24000,323551232,72680592,396491024,True,0.6119656562805176,False,0.0028315477538853884,ff2eeb16566030b9dd06a8c01bbf967fa94070c40acdbbea6a0d2dc48c7167eb,1058843080,False,26438fbe98f93bb7ea392c433b2bfd232c214d8aa921dac0b16df381e5575aa2,993628541,True,
281,1,False,True,4945f8e1ed2a6ce70e38e9f25e6ee38a7d2a8b0e0901cab474531c8113227e4e,3,0.022146875,1501,fresh,2,False,1743502,24000,1001,24000,323551232,72680592,396491024,True,0.6451500058174133,False,0.0034486516378819942,7e53933ec6ffad34b19572512b6e4dd79cdf79d53cce1b9679f28641c8345004,1059399821,False,7978f43a3bced6a1c55c28e1bf996272c6bc5d5c543a9ffead43532ef8542ed8,996278982,True,
282,1,False,True,ad7ed19b2a9ce48b75220fac53032ab41cea9d4eddfe62f09bb1c86e063d6e46,3,0.021091958,1502,fresh,2,False,1744503,24000,1001,24000,323551232,72680592,396491024,True,0.54786217212677,False,0.0041915904730558395,a1dc46082a3247c370a0bea80eac8a6a710ea1d6c4447263d927751d18344a45,1057767602,False,e33097e78f0358cea2f0b6c880c8d7430606842815c4dde063dad6f92247d23d,998857116,True,
283,1,False,True,d0e5c2803d70ef53f24fac74b8d5709c4d6caeb53dcb90684c7e1275fa774a9b,3,0.019251834,1503,fresh,2,False,1745504,24000,1001,24000,323551232,72680592,396491024,True,0.5576794147491455,False,0.006229816935956478,258955f94ba510e2de8a6b14dfe07f10e1b6ab8e7d73c54fe6bc36c37eaa3d6d,1057932308,False,78c5f5048602e5bfe730d96301fea06c51773051ba1cc57f91269c205da7c095,1003234174,True,
284,1,False,True,d841adda17732722059f6de44301e74fecb55acc82790a6183686bebf268ffa9,3,0.021530083,1504,fresh,2,False,1746505,24000,1001,24000,323551232,72680592,396491024,True,0.4978949725627899,False,0.007945631630718708,19e13139913e3ab371c6400a1c7c2c109d1d6fdfbe6cb24aaa64906f6d77c38d,1056893975,False,24a3e209d060296693c3cbd16489d2a7e2d46cced3ec107c250b5b226a6785b8,1006775909,True,
285,1,False,True,5e9f8c578fbdaa9a79951a9a0b0db54ad2a6dc573f3248623711260204a2f518,3,0.02135325,1505,fresh,2,False,1747506,24000,1001,24000,323551232,72680592,396491024,True,0.527655303478241,False,0.007524316199123859,def4be0fb3fad44d0bba17f4ec87b34a29779692689a1e34b7c1d14c9890783d,1057428587,False,d25a99836273ea0743af4085c581ad6a8686930de7930c31b2dc4751ddf3138e,1006014090,True,
286,1,False,True,005b4fbe5a259b3440cdbacb4d77d7d1174f34b0c160e36ea1d31a6d1e17e58c,3,0.020351583,1506,fresh,2,False,1748507,24000,1001,24000,323551232,72680592,396491024,True,0.43426746129989624,False,0.00788638461381197,4884d6f9f54612fb41275b8e8d13cddd2192972bfafae0abaa4314560ed442e6,1054758990,False,6535db30047013aff9361867183968d00e14f046061dc1e02eb431fc8c269d36,1006712293,True,
287,1,False,True,ae848c323367785c4afaf1dce9a980f379438c1285609a99009bbad4ea0dc89b,3,0.019819958,1507,fresh,2,False,1749508,24000,1001,24000,323551232,72680592,396491024,True,0.5358805656433105,False,0.008914805948734283,4a85e0bcb8f464c66c75cb11c1eec19ea4773c4d0c27fb17ca25c0938dce94de,1057566584,False,95337bec55e8cd043e66cac3aa222461d766c6318d86d69f2b8bc74569569192,1007816552,True,
