sequence,arm,caseOrder,confidence.bytes,confidence.maximum,confidence.meanFinite,confidence.minimum,confidence.nonfiniteComponents,confidence.sha256,directBytesEqual,duration.timescale,duration.value,excludedWarmup,hasMotion,inputSHA256,matchedExact,mlxBytes.active,mlxBytes.cache,mlxBytes.peakActive,outerEndUptimeNanoseconds,outerStartUptimeNanoseconds,pair,prepareCompletedWallSeconds,pts.timescale,pts.value,reliableFraction,reset,signature.confidenceSHA256,signature.hasMotion,signature.reliableFractionBits,signature.reset,signature.vectorsSHA256,signature.warpedLumaErrorBits,sourceFrameIndex,stages.ciResizeReturnWallSeconds,stages.innerPrepareWallSeconds,stages.measuredStageWallSumSeconds,stages.motionAssessmentCompletedWallSeconds,stages.outerMinusInnerWallSeconds,stages.packCommandGPUSeconds,stages.packCompletedWallSeconds,stages.randomAccessSubmitted,stages.residualWallSeconds,stages.uptimeNanoseconds.assessmentEnd,stages.uptimeNanoseconds.assessmentStart,stages.uptimeNanoseconds.entry,stages.uptimeNanoseconds.exit,stages.uptimeNanoseconds.packEnd,stages.uptimeNanoseconds.packStart,stages.uptimeNanoseconds.resizeEnd,stages.uptimeNanoseconds.resizeStart,stages.uptimeNanoseconds.vtEnd,stages.uptimeNanoseconds.vtStart,stages.vtCallbackCompletionWallSeconds,traversal,vectors.bytes,vectors.maximum,vectors.meanFinite,vectors.minimum,vectors.nonfiniteComponents,vectors.sha256,warpedLumaError,workingPixels.bytesPerRow,workingPixels.height,workingPixels.logicalBytes,workingPixels.paddingExcluded,workingPixels.pixelFormat,workingPixels.sha256,workingPixels.width,wrapDiscontinuity
0,production,0,,,,,,,,24000,1001,true,false,2067ac390b0ae7bb329aa2412208bdd5cd343cce076d9e653723773fae4aeb2f,,298647552,0,298647552,1053400293446541,1053400267171333,0,0.026275208,24000,1738497,,,,false,,,,,1496,,,,,,,,,,,,,,,,,,,,,0,,,,,,,,,,,,,,,false
1,production,0,8294400,1,0.5580001935950686,0,0,ff24d7286b3978166808fccb18ded53d06f8a0687fe03a9af73eba1e698dc25c,,24000,1001,true,true,26e222bb9f5e7471b646ea2c9aaa390c6d8295fff6a32776e1c662fe80b942af,,323551232,72680592,396491024,1053400339508208,1053400293497166,0,0.046011042,24000,1739498,0.558485746383667,false,ff24d7286b3978166808fccb18ded53d06f8a0687fe03a9af73eba1e698dc25c,true,1057945836,false,b5af93cbe1cc5d1d7f6ad42630abe65e9ea2748429906730d52b29109c701e87,996707947,1497,,,,,,,,,,,,,,,,,,,,,0,16588800,0.011241086758673191,-0.00039731407795095766,-0.0075321197509765625,0,b5af93cbe1cc5d1d7f6ad42630abe65e9ea2748429906730d52b29109c701e87,0.0035485278349369764,,,,,,,,false
2,production,0,8294400,0,0,0,0,788ae0147bdf979a6575938ca2d7d4403788588f7be2010f03776c968fd1ab49,,24000,1001,true,true,e7e2b99a952b73cd3f5f6d84afa8bc6182ca7e151166c9c5dfaa1fbfc557d4b8,,323551232,72680592,396491024,1053400402477166,1053400366403708,0,0.036073458,24000,1740499,0,true,788ae0147bdf979a6575938ca2d7d4403788588f7be2010f03776c968fd1ab49,true,0,true,1dd7f8a26e56dfba878da177773321a53dca3f2b9d00b46118d4425ec3093903,1049357384,1498,,,,,,,,,,,,,,,,,,,,,0,16588800,0.12668024003505707,-0.00822357325689355,-0.23784224689006805,0,1dd7f8a26e56dfba878da177773321a53dca3f2b9d00b46118d4425ec3093903,0.2732870578765869,,,,,,,,false
3,production,0,8294400,1,0.6057567670294466,0,0,e4d7d9ae97135d7dc185243b19490a1f40bcca651cf2b759538db368bedc01b7,,24000,1001,false,true,14bb670c4466232e6ab633a2a6fdefd4c99bace2d8b10f6043f30829c0354b17,,323551232,72680592,396491024,1053400461238333,1053400428174500,0,0.033063833,24000,1741500,0.6067052483558655,false,e4d7d9ae97135d7dc185243b19490a1f40bcca651cf2b759538db368bedc01b7,true,1058754825,false,ee54d44ebac3dca564784630aa7e04eb0e50afdb17521dfa1b05c85b78882a48,994358578,1499,,,,,,,,,,,,,,,,,,,,,0,16588800,0.002702204277738929,2.3930811790998148e-05,-0.008261729963123798,0,ee54d44ebac3dca564784630aa7e04eb0e50afdb17521dfa1b05c85b78882a48,0.0030015227384865284,,,,,,,,false
4,production,0,8294400,1,0.6108848549398807,0,0,ff2eeb16566030b9dd06a8c01bbf967fa94070c40acdbbea6a0d2dc48c7167eb,,24000,1001,false,true,d0803a559d88c0bd6b54e5cfded20c04d64f959e3c5009ee65a67a705aa33ce3,,323551232,72680592,396491024,1053400535945250,1053400489234250,0,0.046711,24000,1742501,0.6119656562805176,false,ff2eeb16566030b9dd06a8c01bbf967fa94070c40acdbbea6a0d2dc48c7167eb,true,1058843080,false,26438fbe98f93bb7ea392c433b2bfd232c214d8aa921dac0b16df381e5575aa2,993628541,1500,,,,,,,,,,,,,,,,,,,,,0,16588800,0.00523300189524889,3.935026889083583e-06,-0.009355559013783932,0,26438fbe98f93bb7ea392c433b2bfd232c214d8aa921dac0b16df381e5575aa2,0.0028315477538853884,,,,,,,,false
5,production,0,8294400,1,0.6434173492906502,0,0,7e53933ec6ffad34b19572512b6e4dd79cdf79d53cce1b9679f28641c8345004,,24000,1001,false,true,4945f8e1ed2a6ce70e38e9f25e6ee38a7d2a8b0e0901cab474531c8113227e4e,,323551232,72680592,396491024,1053400601001291,1053400569471500,0,0.031529791,24000,1743502,0.6451500058174133,false,7e53933ec6ffad34b19572512b6e4dd79cdf79d53cce1b9679f28641c8345004,true,1059399821,false,7978f43a3bced6a1c55c28e1bf996272c6bc5d5c543a9ffead43532ef8542ed8,996278982,1501,,,,,,,,,,,,,,,,,,,,,0,16588800,0.0060884952545166016,-0.00011930742275908047,-0.011883347295224667,0,7978f43a3bced6a1c55c28e1bf996272c6bc5d5c543a9ffead43532ef8542ed8,0.0034486516378819942,,,,,,,,false
6,production,0,8294400,1,0.5464105376980998,0,0,a1dc46082a3247c370a0bea80eac8a6a710ea1d6c4447263d927751d18344a45,,24000,1001,false,true,ad7ed19b2a9ce48b75220fac53032ab41cea9d4eddfe62f09bb1c86e063d6e46,,323551232,72680592,396491024,1053400656259666,1053400627206208,0,0.029053458,24000,1744503,0.54786217212677,false,a1dc46082a3247c370a0bea80eac8a6a710ea1d6c4447263d927751d18344a45,true,1057767602,false,e33097e78f0358cea2f0b6c880c8d7430606842815c4dde063dad6f92247d23d,998857116,1502,,,,,,,,,,,,,,,,,,,,,0,16588800,0.011320527642965317,-0.00025843947588864924,-0.015538307838141918,0,e33097e78f0358cea2f0b6c880c8d7430606842815c4dde063dad6f92247d23d,0.0041915904730558395,,,,,,,,false
7,production,0,8294400,1,0.5558029466185292,0,0,258955f94ba510e2de8a6b14dfe07f10e1b6ab8e7d73c54fe6bc36c37eaa3d6d,,24000,1001,false,true,d0e5c2803d70ef53f24fac74b8d5709c4d6caeb53dcb90684c7e1275fa774a9b,,323551232,72680592,396491024,1053400715853250,1053400682137333,0,0.033715917,24000,1745504,0.5576794147491455,false,258955f94ba510e2de8a6b14dfe07f10e1b6ab8e7d73c54fe6bc36c37eaa3d6d,true,1057932308,false,78c5f5048602e5bfe730d96301fea06c51773051ba1cc57f91269c205da7c095,1003234174,1503,,,,,,,,,,,,,,,,,,,,,0,16588800,0.018684513866901398,-0.0007737493323636908,-0.020751897245645523,0,78c5f5048602e5bfe730d96301fea06c51773051ba1cc57f91269c205da7c095,0.006229816935956478,,,,,,,,false
8,production,0,8294400,1,0.4967001883586973,0,0,19e13139913e3ab371c6400a1c7c2c109d1d6fdfbe6cb24aaa64906f6d77c38d,,24000,1001,false,true,d841adda17732722059f6de44301e74fecb55acc82790a6183686bebf268ffa9,,323551232,72680592,396491024,1053400774354875,1053400742609458,0,0.031745417,24000,1746505,0.4978949725627899,false,19e13139913e3ab371c6400a1c7c2c109d1d6fdfbe6cb24aaa64906f6d77c38d,true,1056893975,false,24a3e209d060296693c3cbd16489d2a7e2d46cced3ec107c250b5b226a6785b8,1006775909,1504,,,,,,,,,,,,,,,,,,,,,0,16588800,0.02484792098402977,-0.000152401579508241,-0.027530359104275703,0,24a3e209d060296693c3cbd16489d2a7e2d46cced3ec107c250b5b226a6785b8,0.007945631630718708,,,,,,,,false
9,production,0,8294400,1,0.5260632195270778,0,0,def4be0fb3fad44d0bba17f4ec87b34a29779692689a1e34b7c1d14c9890783d,,24000,1001,false,true,5e9f8c578fbdaa9a79951a9a0b0db54ad2a6dc573f3248623711260204a2f518,,323551232,72680592,396491024,1053400830636250,1053400800304750,0,0.0303315,24000,1747506,0.527655303478241,false,def4be0fb3fad44d0bba17f4ec87b34a29779692689a1e34b7c1d14c9890783d,true,1057428587,false,d25a99836273ea0743af4085c581ad6a8686930de7930c31b2dc4751ddf3138e,1006014090,1505,,,,,,,,,,,,,,,,,,,,,0,16588800,0.02820619009435177,-0.0005357904402438571,-0.03139456361532211,0,d25a99836273ea0743af4085c581ad6a8686930de7930c31b2dc4751ddf3138e,0.007524316199123859,,,,,,,,false
10,production,0,8294400,1,0.4329532932854955,0,0,4884d6f9f54612fb41275b8e8d13cddd2192972bfafae0abaa4314560ed442e6,,24000,1001,false,true,005b4fbe5a259b3440cdbacb4d77d7d1174f34b0c160e36ea1d31a6d1e17e58c,,323551232,72680592,396491024,1053400885539666,1053400857139333,0,0.028400333,24000,1748507,0.43426746129989624,false,4884d6f9f54612fb41275b8e8d13cddd2192972bfafae0abaa4314560ed442e6,true,1054758990,false,6535db30047013aff9361867183968d00e14f046061dc1e02eb431fc8c269d36,1006712293,1506,,,,,,,,,,,,,,,,,,,,,0,16588800,0.02942047081887722,-0.00039029555460797893,-0.04015740379691124,0,6535db30047013aff9361867183968d00e14f046061dc1e02eb431fc8c269d36,0.00788638461381197,,,,,,,,false
11,production,0,8294400,1,0.5346288507812772,0,0,4a85e0bcb8f464c66c75cb11c1eec19ea4773c4d0c27fb17ca25c0938dce94de,,24000,1001,false,true,ae848c323367785c4afaf1dce9a980f379438c1285609a99009bbad4ea0dc89b,,323551232,72680592,396491024,1053400947051333,1053400911861958,0,0.035189375,24000,1749508,0.5358805656433105,false,4a85e0bcb8f464c66c75cb11c1eec19ea4773c4d0c27fb17ca25c0938dce94de,true,1057566584,false,95337bec55e8cd043e66cac3aa222461d766c6318d86d69f2b8bc74569569192,1007816552,1507,,,,,,,,,,,,,,,,,,,,,0,16588800,0.0404788963496685,-0.0006126059190670107,-0.03368807211518288,0,95337bec55e8cd043e66cac3aa222461d766c6318d86d69f2b8bc74569569192,0.008914805948734283,,,,,,,,false
12,production,0,8294400,0,0,0,0,788ae0147bdf979a6575938ca2d7d4403788588f7be2010f03776c968fd1ab49,,24000,1001,true,true,2067ac390b0ae7bb329aa2412208bdd5cd343cce076d9e653723773fae4aeb2f,,323551232,72680592,396491024,1053401011546125,1053400974539500,0,0.037006625,24000,1738497,0,true,788ae0147bdf979a6575938ca2d7d4403788588f7be2010f03776c968fd1ab49,true,0,true,ca954688e08310567d16960ff74c9983fbd4bc77c918b924a37f77d810b0668c,1049003833,1496,,,,,,,,,,,,,,,,,,,,,1,16588800,0.11803362518548965,0.009515197023812918,-0.06817129999399185,0,ca954688e08310567d16960ff74c9983fbd4bc77c918b924a37f77d810b0668c,0.26275041699409485,,,,,,,,true
13,production,0,8294400,1,0.5580001935950686,0,0,ff24d7286b3978166808fccb18ded53d06f8a0687fe03a9af73eba1e698dc25c,,24000,1001,true,true,26e222bb9f5e7471b646ea2c9aaa390c6d8295fff6a32776e1c662fe80b942af,,323551232,72680592,396491024,1053401073222125,1053401038758791,0,0.034463334,24000,1739498,0.558485746383667,false,ff24d7286b3978166808fccb18ded53d06f8a0687fe03a9af73eba1e698dc25c,true,1057945836,false,b5af93cbe1cc5d1d7f6ad42630abe65e9ea2748429906730d52b29109c701e87,996707947,1497,,,,,,,,,,,,,,,,,,,,,1,16588800,0.011241086758673191,-0.00039731407795095766,-0.0075321197509765625,0,b5af93cbe1cc5d1d7f6ad42630abe65e9ea2748429906730d52b29109c701e87,0.0035485278349369764,,,,,,,,false
14,production,0,8294400,0,0,0,0,788ae0147bdf979a6575938ca2d7d4403788588f7be2010f03776c968fd1ab49,,24000,1001,true,true,e7e2b99a952b73cd3f5f6d84afa8bc6182ca7e151166c9c5dfaa1fbfc557d4b8,,323551232,72680592,396491024,1053401123805583,1053401098727291,0,0.025078292,24000,1740499,0,true,788ae0147bdf979a6575938ca2d7d4403788588f7be2010f03776c968fd1ab49,true,0,true,1dd7f8a26e56dfba878da177773321a53dca3f2b9d00b46118d4425ec3093903,1049357384,1498,,,,,,,,,,,,,,,,,,,,,1,16588800,0.12668024003505707,-0.00822357325689355,-0.23784224689006805,0,1dd7f8a26e56dfba878da177773321a53dca3f2b9d00b46118d4425ec3093903,0.2732870578765869,,,,,,,,false
15,production,0,8294400,1,0.6057567670294466,0,0,e4d7d9ae97135d7dc185243b19490a1f40bcca651cf2b759538db368bedc01b7,,24000,1001,false,true,14bb670c4466232e6ab633a2a6fdefd4c99bace2d8b10f6043f30829c0354b17,,323551232,72680592,396491024,1053401180729583,1053401149513458,0,0.031216125,24000,1741500,0.6067052483558655,false,e4d7d9ae97135d7dc185243b19490a1f40bcca651cf2b759538db368bedc01b7,true,1058754825,false,ee54d44ebac3dca564784630aa7e04eb0e50afdb17521dfa1b05c85b78882a48,994358578,1499,,,,,,,,,,,,,,,,,,,,,1,16588800,0.002702204277738929,2.3930811790998148e-05,-0.008261729963123798,0,ee54d44ebac3dca564784630aa7e04eb0e50afdb17521dfa1b05c85b78882a48,0.0030015227384865284,,,,,,,,false
16,production,0,8294400,1,0.6108848549398807,0,0,ff2eeb16566030b9dd06a8c01bbf967fa94070c40acdbbea6a0d2dc48c7167eb,,24000,1001,false,true,d0803a559d88c0bd6b54e5cfded20c04d64f959e3c5009ee65a67a705aa33ce3,,323551232,72680592,396491024,1053401234156250,1053401206881291,0,0.027274959,24000,1742501,0.6119656562805176,false,ff2eeb16566030b9dd06a8c01bbf967fa94070c40acdbbea6a0d2dc48c7167eb,true,1058843080,false,26438fbe98f93bb7ea392c433b2bfd232c214d8aa921dac0b16df381e5575aa2,993628541,1500,,,,,,,,,,,,,,,,,,,,,1,16588800,0.00523300189524889,3.935026889083583e-06,-0.009355559013783932,0,26438fbe98f93bb7ea392c433b2bfd232c214d8aa921dac0b16df381e5575aa2,0.0028315477538853884,,,,,,,,false
17,production,0,8294400,1,0.6434173492906502,0,0,7e53933ec6ffad34b19572512b6e4dd79cdf79d53cce1b9679f28641c8345004,,24000,1001,false,true,4945f8e1ed2a6ce70e38e9f25e6ee38a7d2a8b0e0901cab474531c8113227e4e,,323551232,72680592,396491024,1053401290883125,1053401259158791,0,0.031724334,24000,1743502,0.6451500058174133,false,7e53933ec6ffad34b19572512b6e4dd79cdf79d53cce1b9679f28641c8345004,true,1059399821,false,7978f43a3bced6a1c55c28e1bf996272c6bc5d5c543a9ffead43532ef8542ed8,996278982,1501,,,,,,,,,,,,,,,,,,,,,1,16588800,0.0060884952545166016,-0.00011930742275908047,-0.011883347295224667,0,7978f43a3bced6a1c55c28e1bf996272c6bc5d5c543a9ffead43532ef8542ed8,0.0034486516378819942,,,,,,,,false
18,production,0,8294400,1,0.5464105376980998,0,0,a1dc46082a3247c370a0bea80eac8a6a710ea1d6c4447263d927751d18344a45,,24000,1001,false,true,ad7ed19b2a9ce48b75220fac53032ab41cea9d4eddfe62f09bb1c86e063d6e46,,323551232,72680592,396491024,1053401342203125,1053401316361958,0,0.025841167,24000,1744503,0.54786217212677,false,a1dc46082a3247c370a0bea80eac8a6a710ea1d6c4447263d927751d18344a45,true,1057767602,false,e33097e78f0358cea2f0b6c880c8d7430606842815c4dde063dad6f92247d23d,998857116,1502,,,,,,,,,,,,,,,,,,,,,1,16588800,0.011320527642965317,-0.00025843947588864924,-0.015538307838141918,0,e33097e78f0358cea2f0b6c880c8d7430606842815c4dde063dad6f92247d23d,0.0041915904730558395,,,,,,,,false
19,production,0,8294400,1,0.5558029466185292,0,0,258955f94ba510e2de8a6b14dfe07f10e1b6ab8e7d73c54fe6bc36c37eaa3d6d,,24000,1001,false,true,d0e5c2803d70ef53f24fac74b8d5709c4d6caeb53dcb90684c7e1275fa774a9b,,323551232,72680592,396491024,1053401392958083,1053401367211750,0,0.025746333,24000,1745504,0.5576794147491455,false,258955f94ba510e2de8a6b14dfe07f10e1b6ab8e7d73c54fe6bc36c37eaa3d6d,true,1057932308,false,78c5f5048602e5bfe730d96301fea06c51773051ba1cc57f91269c205da7c095,1003234174,1503,,,,,,,,,,,,,,,,,,,,,1,16588800,0.018684513866901398,-0.0007737493323636908,-0.020751897245645523,0,78c5f5048602e5bfe730d96301fea06c51773051ba1cc57f91269c205da7c095,0.006229816935956478,,,,,,,,false
20,production,0,8294400,1,0.4967001883586973,0,0,19e13139913e3ab371c6400a1c7c2c109d1d6fdfbe6cb24aaa64906f6d77c38d,,24000,1001,false,true,d841adda17732722059f6de44301e74fecb55acc82790a6183686bebf268ffa9,,323551232,72680592,396491024,1053401449375375,1053401417810583,0,0.031564792,24000,1746505,0.4978949725627899,false,19e13139913e3ab371c6400a1c7c2c109d1d6fdfbe6cb24aaa64906f6d77c38d,true,1056893975,false,24a3e209d060296693c3cbd16489d2a7e2d46cced3ec107c250b5b226a6785b8,1006775909,1504,,,,,,,,,,,,,,,,,,,,,1,16588800,0.02484792098402977,-0.000152401579508241,-0.027530359104275703,0,24a3e209d060296693c3cbd16489d2a7e2d46cced3ec107c250b5b226a6785b8,0.007945631630718708,,,,,,,,false
21,production,0,8294400,1,0.5260632195270778,0,0,def4be0fb3fad44d0bba17f4ec87b34a29779692689a1e34b7c1d14c9890783d,,24000,1001,false,true,5e9f8c578fbdaa9a79951a9a0b0db54ad2a6dc573f3248623711260204a2f518,,323551232,72680592,396491024,1053401500832083,1053401474254375,0,0.026577708,24000,1747506,0.527655303478241,false,def4be0fb3fad44d0bba17f4ec87b34a29779692689a1e34b7c1d14c9890783d,true,1057428587,false,d25a99836273ea0743af4085c581ad6a8686930de7930c31b2dc4751ddf3138e,1006014090,1505,,,,,,,,,,,,,,,,,,,,,1,16588800,0.02820619009435177,-0.0005357904402438571,-0.03139456361532211,0,d25a99836273ea0743af4085c581ad6a8686930de7930c31b2dc4751ddf3138e,0.007524316199123859,,,,,,,,false
22,production,0,8294400,1,0.4329532932854955,0,0,4884d6f9f54612fb41275b8e8d13cddd2192972bfafae0abaa4314560ed442e6,,24000,1001,false,true,005b4fbe5a259b3440cdbacb4d77d7d1174f34b0c160e36ea1d31a6d1e17e58c,,323551232,72680592,396491024,1053401550305833,1053401525954125,0,0.024351708,24000,1748507,0.43426746129989624,false,4884d6f9f54612fb41275b8e8d13cddd2192972bfafae0abaa4314560ed442e6,true,1054758990,false,6535db30047013aff9361867183968d00e14f046061dc1e02eb431fc8c269d36,1006712293,1506,,,,,,,,,,,,,,,,,,,,,1,16588800,0.02942047081887722,-0.00039029555460797893,-0.04015740379691124,0,6535db30047013aff9361867183968d00e14f046061dc1e02eb431fc8c269d36,0.00788638461381197,,,,,,,,false
23,production,0,8294400,1,0.5346288507812772,0,0,4a85e0bcb8f464c66c75cb11c1eec19ea4773c4d0c27fb17ca25c0938dce94de,,24000,1001,false,true,ae848c323367785c4afaf1dce9a980f379438c1285609a99009bbad4ea0dc89b,,323551232,72680592,396491024,1053401605413041,1053401576753041,0,0.02866,24000,1749508,0.5358805656433105,false,4a85e0bcb8f464c66c75cb11c1eec19ea4773c4d0c27fb17ca25c0938dce94de,true,1057566584,false,95337bec55e8cd043e66cac3aa222461d766c6318d86d69f2b8bc74569569192,1007816552,1507,,,,,,,,,,,,,,,,,,,,,1,16588800,0.0404788963496685,-0.0006126059190670107,-0.03368807211518288,0,95337bec55e8cd043e66cac3aa222461d766c6318d86d69f2b8bc74569569192,0.008914805948734283,,,,,,,,false
24,production,0,8294400,0,0,0,0,788ae0147bdf979a6575938ca2d7d4403788588f7be2010f03776c968fd1ab49,,24000,1001,true,true,2067ac390b0ae7bb329aa2412208bdd5cd343cce076d9e653723773fae4aeb2f,,323551232,72680592,396491024,1053401657220916,1053401632151666,0,0.02506925,24000,1738497,0,true,788ae0147bdf979a6575938ca2d7d4403788588f7be2010f03776c968fd1ab49,true,0,true,ca954688e08310567d16960ff74c9983fbd4bc77c918b924a37f77d810b0668c,1049003833,1496,,,,,,,,,,,,,,,,,,,,,2,16588800,0.11803362518548965,0.009515197023812918,-0.06817129999399185,0,ca954688e08310567d16960ff74c9983fbd4bc77c918b924a37f77d810b0668c,0.26275041699409485,,,,,,,,true
25,production,0,8294400,1,0.5580001935950686,0,0,ff24d7286b3978166808fccb18ded53d06f8a0687fe03a9af73eba1e698dc25c,,24000,1001,true,true,26e222bb9f5e7471b646ea2c9aaa390c6d8295fff6a32776e1c662fe80b942af,,323551232,72680592,396491024,1053401715287416,1053401682319375,0,0.032968041,24000,1739498,0.558485746383667,false,ff24d7286b3978166808fccb18ded53d06f8a0687fe03a9af73eba1e698dc25c,true,1057945836,false,b5af93cbe1cc5d1d7f6ad42630abe65e9ea2748429906730d52b29109c701e87,996707947,1497,,,,,,,,,,,,,,,,,,,,,2,16588800,0.011241086758673191,-0.00039731407795095766,-0.0075321197509765625,0,b5af93cbe1cc5d1d7f6ad42630abe65e9ea2748429906730d52b29109c701e87,0.0035485278349369764,,,,,,,,false
26,production,0,8294400,0,0,0,0,788ae0147bdf979a6575938ca2d7d4403788588f7be2010f03776c968fd1ab49,,24000,1001,true,true,e7e2b99a952b73cd3f5f6d84afa8bc6182ca7e151166c9c5dfaa1fbfc557d4b8,,323551232,72680592,396491024,1053401767655000,1053401741435000,0,0.02622,24000,1740499,0,true,788ae0147bdf979a6575938ca2d7d4403788588f7be2010f03776c968fd1ab49,true,0,true,1dd7f8a26e56dfba878da177773321a53dca3f2b9d00b46118d4425ec3093903,1049357384,1498,,,,,,,,,,,,,,,,,,,,,2,16588800,0.12668024003505707,-0.00822357325689355,-0.23784224689006805,0,1dd7f8a26e56dfba878da177773321a53dca3f2b9d00b46118d4425ec3093903,0.2732870578765869,,,,,,,,false
27,production,0,8294400,1,0.6057567670294466,0,0,e4d7d9ae97135d7dc185243b19490a1f40bcca651cf2b759538db368bedc01b7,,24000,1001,false,true,14bb670c4466232e6ab633a2a6fdefd4c99bace2d8b10f6043f30829c0354b17,,323551232,72680592,396491024,1053401830298250,1053401794751166,0,0.035547084,24000,1741500,0.6067052483558655,false,e4d7d9ae97135d7dc185243b19490a1f40bcca651cf2b759538db368bedc01b7,true,1058754825,false,ee54d44ebac3dca564784630aa7e04eb0e50afdb17521dfa1b05c85b78882a48,994358578,1499,,,,,,,,,,,,,,,,,,,,,2,16588800,0.002702204277738929,2.3930811790998148e-05,-0.008261729963123798,0,ee54d44ebac3dca564784630aa7e04eb0e50afdb17521dfa1b05c85b78882a48,0.0030015227384865284,,,,,,,,false
28,production,0,8294400,1,0.6108848549398807,0,0,ff2eeb16566030b9dd06a8c01bbf967fa94070c40acdbbea6a0d2dc48c7167eb,,24000,1001,false,true,d0803a559d88c0bd6b54e5cfded20c04d64f959e3c5009ee65a67a705aa33ce3,,323551232,72680592,396491024,1053401894996375,1053401856698875,0,0.0382975,24000,1742501,0.6119656562805176,false,ff2eeb16566030b9dd06a8c01bbf967fa94070c40acdbbea6a0d2dc48c7167eb,true,1058843080,false,26438fbe98f93bb7ea392c433b2bfd232c214d8aa921dac0b16df381e5575aa2,993628541,1500,,,,,,,,,,,,,,,,,,,,,2,16588800,0.00523300189524889,3.935026889083583e-06,-0.009355559013783932,0,26438fbe98f93bb7ea392c433b2bfd232c214d8aa921dac0b16df381e5575aa2,0.0028315477538853884,,,,,,,,false
29,production,0,8294400,1,0.6434173492906502,0,0,7e53933ec6ffad34b19572512b6e4dd79cdf79d53cce1b9679f28641c8345004,,24000,1001,false,true,4945f8e1ed2a6ce70e38e9f25e6ee38a7d2a8b0e0901cab474531c8113227e4e,,323551232,72680592,396491024,1053401964159625,1053401922140750,0,0.042018875,24000,1743502,0.6451500058174133,false,7e53933ec6ffad34b19572512b6e4dd79cdf79d53cce1b9679f28641c8345004,true,1059399821,false,7978f43a3bced6a1c55c28e1bf996272c6bc5d5c543a9ffead43532ef8542ed8,996278982,1501,,,,,,,,,,,,,,,,,,,,,2,16588800,0.0060884952545166016,-0.00011930742275908047,-0.011883347295224667,0,7978f43a3bced6a1c55c28e1bf996272c6bc5d5c543a9ffead43532ef8542ed8,0.0034486516378819942,,,,,,,,false
30,production,0,8294400,1,0.5464105376980998,0,0,a1dc46082a3247c370a0bea80eac8a6a710ea1d6c4447263d927751d18344a45,,24000,1001,false,true,ad7ed19b2a9ce48b75220fac53032ab41cea9d4eddfe62f09bb1c86e063d6e46,,323551232,72680592,396491024,1053402016773708,1053401991047166,0,0.025726542,24000,1744503,0.54786217212677,false,a1dc46082a3247c370a0bea80eac8a6a710ea1d6c4447263d927751d18344a45,true,1057767602,false,e33097e78f0358cea2f0b6c880c8d7430606842815c4dde063dad6f92247d23d,998857116,1502,,,,,,,,,,,,,,,,,,,,,2,16588800,0.011320527642965317,-0.00025843947588864924,-0.015538307838141918,0,e33097e78f0358cea2f0b6c880c8d7430606842815c4dde063dad6f92247d23d,0.0041915904730558395,,,,,,,,false
31,production,0,8294400,1,0.5558029466185292,0,0,258955f94ba510e2de8a6b14dfe07f10e1b6ab8e7d73c54fe6bc36c37eaa3d6d,,24000,1001,false,true,d0e5c2803d70ef53f24fac74b8d5709c4d6caeb53dcb90684c7e1275fa774a9b,,323551232,72680592,396491024,1053402068334208,1053402043524083,0,0.024810125,24000,1745504,0.5576794147491455,false,258955f94ba510e2de8a6b14dfe07f10e1b6ab8e7d73c54fe6bc36c37eaa3d6d,true,1057932308,false,78c5f5048602e5bfe730d96301fea06c51773051ba1cc57f91269c205da7c095,1003234174,1503,,,,,,,,,,,,,,,,,,,,,2,16588800,0.018684513866901398,-0.0007737493323636908,-0.020751897245645523,0,78c5f5048602e5bfe730d96301fea06c51773051ba1cc57f91269c205da7c095,0.006229816935956478,,,,,,,,false
32,production,0,8294400,1,0.4967001883586973,0,0,19e13139913e3ab371c6400a1c7c2c109d1d6fdfbe6cb24aaa64906f6d77c38d,,24000,1001,false,true,d841adda17732722059f6de44301e74fecb55acc82790a6183686bebf268ffa9,,323551232,72680592,396491024,1053402125421375,1053402093649625,0,0.03177175,24000,1746505,0.4978949725627899,false,19e13139913e3ab371c6400a1c7c2c109d1d6fdfbe6cb24aaa64906f6d77c38d,true,1056893975,false,24a3e209d060296693c3cbd16489d2a7e2d46cced3ec107c250b5b226a6785b8,1006775909,1504,,,,,,,,,,,,,,,,,,,,,2,16588800,0.02484792098402977,-0.000152401579508241,-0.027530359104275703,0,24a3e209d060296693c3cbd16489d2a7e2d46cced3ec107c250b5b226a6785b8,0.007945631630718708,,,,,,,,false
33,production,0,8294400,1,0.5260632195270778,0,0,def4be0fb3fad44d0bba17f4ec87b34a29779692689a1e34b7c1d14c9890783d,,24000,1001,false,true,5e9f8c578fbdaa9a79951a9a0b0db54ad2a6dc573f3248623711260204a2f518,,323551232,72680592,396491024,1053402175788125,1053402150535875,0,0.02525225,24000,1747506,0.527655303478241,false,def4be0fb3fad44d0bba17f4ec87b34a29779692689a1e34b7c1d14c9890783d,true,1057428587,false,d25a99836273ea0743af4085c581ad6a8686930de7930c31b2dc4751ddf3138e,1006014090,1505,,,,,,,,,,,,,,,,,,,,,2,16588800,0.02820619009435177,-0.0005357904402438571,-0.03139456361532211,0,d25a99836273ea0743af4085c581ad6a8686930de7930c31b2dc4751ddf3138e,0.007524316199123859,,,,,,,,false
34,production,0,8294400,1,0.4329532932854955,0,0,4884d6f9f54612fb41275b8e8d13cddd2192972bfafae0abaa4314560ed442e6,,24000,1001,false,true,005b4fbe5a259b3440cdbacb4d77d7d1174f34b0c160e36ea1d31a6d1e17e58c,,323551232,72680592,396491024,1053402232014541,1053402200848666,0,0.031165875,24000,1748507,0.43426746129989624,false,4884d6f9f54612fb41275b8e8d13cddd2192972bfafae0abaa4314560ed442e6,true,1054758990,false,6535db30047013aff9361867183968d00e14f046061dc1e02eb431fc8c269d36,1006712293,1506,,,,,,,,,,,,,,,,,,,,,2,16588800,0.02942047081887722,-0.00039029555460797893,-0.04015740379691124,0,6535db30047013aff9361867183968d00e14f046061dc1e02eb431fc8c269d36,0.00788638461381197,,,,,,,,false
35,production,0,8294400,1,0.5346288507812772,0,0,4a85e0bcb8f464c66c75cb11c1eec19ea4773c4d0c27fb17ca25c0938dce94de,,24000,1001,false,true,ae848c323367785c4afaf1dce9a980f379438c1285609a99009bbad4ea0dc89b,,323551232,72680592,396491024,1053402280446583,1053402257510583,0,0.022936,24000,1749508,0.5358805656433105,false,4a85e0bcb8f464c66c75cb11c1eec19ea4773c4d0c27fb17ca25c0938dce94de,true,1057566584,false,95337bec55e8cd043e66cac3aa222461d766c6318d86d69f2b8bc74569569192,1007816552,1507,,,,,,,,,,,,,,,,,,,,,2,16588800,0.0404788963496685,-0.0006126059190670107,-0.03368807211518288,0,95337bec55e8cd043e66cac3aa222461d766c6318d86d69f2b8bc74569569192,0.008914805948734283,,,,,,,,false
36,attributed,1,,,,,,,,24000,1001,true,false,2067ac390b0ae7bb329aa2412208bdd5cd343cce076d9e653723773fae4aeb2f,true,298647552,97584272,396491024,1053402310341750,1053402307196125,0,0.003145625,24000,1738497,,,,false,,,,,1496,0.001507291,0.003128375,0.003127875,null,1.7249999999999904e-05,0.0004700415302067995,0.001620584,null,1.774999999999997e-05,0,0,1053402307198125,1053402310326500,1053402308818750,1053402307198166,1053402310326416,1053402308819125,0,0,null,0,,,,,,,,7680,540,4147200,true,1380411457,6d9a3ce0f692bf84dc9d47eb20507c37e0d84b217c29b98e25ac01aa6bd6f044,960,false
37,attributed,1,8294400,1,0.5580001935950686,0,0,ff24d7286b3978166808fccb18ded53d06f8a0687fe03a9af73eba1e698dc25c,,24000,1001,true,true,26e222bb9f5e7471b646ea2c9aaa390c6d8295fff6a32776e1c662fe80b942af,true,323551232,72680592,396491024,1053402342723375,1053402312430916,0,0.030292459,24000,1739498,0.558485746383667,false,ff24d7286b3978166808fccb18ded53d06f8a0687fe03a9af73eba1e698dc25c,true,1057945836,false,b5af93cbe1cc5d1d7f6ad42630abe65e9ea2748429906730d52b29109c701e87,996707947,1497,0.001206667,0.030291375,0.030151542,0.009881042,1.084000000001889e-06,0.000520333182066679,0.001566125,true,0.00014091700000000082,1053402342584208,1053402332703166,1053402312431125,1053402342722500,1053402313997458,1053402312431333,1053402315204208,1053402313997541,1053402332702958,1053402315205250,0.017497708,0,16588800,0.011241086758673191,-0.00039731407795095766,-0.0075321197509765625,0,b5af93cbe1cc5d1d7f6ad42630abe65e9ea2748429906730d52b29109c701e87,0.0035485278349369764,7680,540,4147200,true,1380411457,102b5f57c49c48fbed9e46088a0b0614250272baf5833580684f77d351b8c3f5,960,false
38,attributed,1,8294400,0,0,0,0,788ae0147bdf979a6575938ca2d7d4403788588f7be2010f03776c968fd1ab49,true,24000,1001,true,true,e7e2b99a952b73cd3f5f6d84afa8bc6182ca7e151166c9c5dfaa1fbfc557d4b8,true,323551232,72680592,396491024,1053402403849541,1053402371124958,0,0.032724583,24000,1740499,0,true,788ae0147bdf979a6575938ca2d7d4403788588f7be2010f03776c968fd1ab49,true,0,true,1dd7f8a26e56dfba878da177773321a53dca3f2b9d00b46118d4425ec3093903,1049357384,1498,0.001251792,0.032723041,0.03260625,0.017095417,1.5420000000002099e-06,0.00047149998135864735,0.001478,false,0.00011833299999999825,1053402403733000,1053402386637583,1053402371125875,1053402403848916,1053402372603875,1053402371125875,1053402373855958,1053402372604166,1053402386637291,1053402373856250,0.012781041,0,16588800,0.12668024003505707,-0.00822357325689355,-0.23784224689006805,0,1dd7f8a26e56dfba878da177773321a53dca3f2b9d00b46118d4425ec3093903,0.2732870578765869,7680,540,4147200,true,1380411457,8f4bdb38cfa4e1bce44a28d2c66c6f4a025c264b67232dbc275850c2c43a89d3,960,false
39,attributed,1,8294400,1,0.6057567670294466,0,0,e4d7d9ae97135d7dc185243b19490a1f40bcca651cf2b759538db368bedc01b7,true,24000,1001,false,true,14bb670c4466232e6ab633a2a6fdefd4c99bace2d8b10f6043f30829c0354b17,true,323551232,72680592,396491024,1053402468072458,1053402433894666,0,0.034177792,24000,1741500,0.6067052483558655,false,e4d7d9ae97135d7dc185243b19490a1f40bcca651cf2b759538db368bedc01b7,true,1058754825,false,ee54d44ebac3dca564784630aa7e04eb0e50afdb17521dfa1b05c85b78882a48,994358578,1499,0.001118417,0.034175459,0.034049791999999995,0.018205375,2.333000000000196e-06,0.00046208337880671024,0.00157375,true,0.0001280000000000031,1053402467946208,1053402449740833,1053402433895791,1053402468071250,1053402435469541,1053402433895791,1053402436588125,1053402435469708,1053402449740666,1053402436588416,0.01315225,0,16588800,0.002702204277738929,2.3930811790998148e-05,-0.008261729963123798,0,ee54d44ebac3dca564784630aa7e04eb0e50afdb17521dfa1b05c85b78882a48,0.0030015227384865284,7680,540,4147200,true,1380411457,10fd5ad653a329e30f48ae164bbe87a4e93c20dfe3dbce53cff6587d39844f00,960,false
40,attributed,1,8294400,1,0.6108848549398807,0,0,ff2eeb16566030b9dd06a8c01bbf967fa94070c40acdbbea6a0d2dc48c7167eb,,24000,1001,false,true,d0803a559d88c0bd6b54e5cfded20c04d64f959e3c5009ee65a67a705aa33ce3,true,323551232,72680592,396491024,1053402526176041,1053402496665250,0,0.029510791,24000,1742501,0.6119656562805176,false,ff2eeb16566030b9dd06a8c01bbf967fa94070c40acdbbea6a0d2dc48c7167eb,true,1058843080,false,26438fbe98f93bb7ea392c433b2bfd232c214d8aa921dac0b16df381e5575aa2,993628541,1500,0.001516666,0.029508291,0.029412624,0.009249,2.5000000000025002e-06,0.001636791741475463,0.002619958,false,9.816700000000317e-05,1053402526080208,1053402516831208,1053402496666875,1053402526175166,1053402499286833,1053402496666875,1053402500803666,1053402499287000,1053402516831083,1053402500804083,0.016027,0,16588800,0.00523300189524889,3.935026889083583e-06,-0.009355559013783932,0,26438fbe98f93bb7ea392c433b2bfd232c214d8aa921dac0b16df381e5575aa2,0.0028315477538853884,7680,540,4147200,true,1380411457,4207b7b32a8aa32ba41dcab5e8683045481e99471aa7acf58366f698f8113bb4,960,false
41,attributed,1,8294400,1,0.6434173492906502,0,0,7e53933ec6ffad34b19572512b6e4dd79cdf79d53cce1b9679f28641c8345004,,24000,1001,false,true,4945f8e1ed2a6ce70e38e9f25e6ee38a7d2a8b0e0901cab474531c8113227e4e,true,323551232,72680592,396491024,1053402580950500,1053402553189458,0,0.027761042,24000,1743502,0.6451500058174133,false,7e53933ec6ffad34b19572512b6e4dd79cdf79d53cce1b9679f28641c8345004,true,1059399821,false,7978f43a3bced6a1c55c28e1bf996272c6bc5d5c543a9ffead43532ef8542ed8,996278982,1501,0.001538417,0.027759583,0.027631249999999996,0.007937542,1.4589999999987946e-06,0.0005444581620395184,0.001606583,false,0.00012979200000000357,1053402580822000,1053402572884458,1053402553190333,1053402580949916,1053402554796916,1053402553190333,1053402556335375,1053402554796958,1053402572884291,1053402556335583,0.016548708,0,16588800,0.0060884952545166016,-0.00011930742275908047,-0.011883347295224667,0,7978f43a3bced6a1c55c28e1bf996272c6bc5d5c543a9ffead43532ef8542ed8,0.0034486516378819942,7680,540,4147200,true,1380411457,a722bcf70aadfcef2092359dd3f4568b7b2413c35fefe742a5134c4657ef6fe7,960,false
42,attributed,1,8294400,1,0.5464105376980998,0,0,a1dc46082a3247c370a0bea80eac8a6a710ea1d6c4447263d927751d18344a45,,24000,1001,false,true,ad7ed19b2a9ce48b75220fac53032ab41cea9d4eddfe62f09bb1c86e063d6e46,true,323551232,72680592,396491024,1053402634390375,1053402608578125,0,0.02581225,24000,1744503,0.54786217212677,false,a1dc46082a3247c370a0bea80eac8a6a710ea1d6c4447263d927751d18344a45,true,1057767602,false,e33097e78f0358cea2f0b6c880c8d7430606842815c4dde063dad6f92247d23d,998857116,1502,0.001251208,0.025810083,0.025665457000000003,0.006403291,2.1669999999973655e-06,0.0007670000195503235,0.001657458,false,0.00014679299999999576,1053402634245666,1053402627842375,1053402608579500,1053402634389583,1053402610236958,1053402608579500,1053402611488291,1053402610237083,1053402627842291,1053402611488791,0.0163535,0,16588800,0.011320527642965317,-0.00025843947588864924,-0.015538307838141918,0,e33097e78f0358cea2f0b6c880c8d7430606842815c4dde063dad6f92247d23d,0.0041915904730558395,7680,540,4147200,true,1380411457,2fed5cd44d323c37a7301ae565be5fe5a4a59a791c9e9994d864dd8abe6ca8a8,960,false
43,attributed,1,8294400,1,0.5558029466185292,0,0,258955f94ba510e2de8a6b14dfe07f10e1b6ab8e7d73c54fe6bc36c37eaa3d6d,,24000,1001,false,true,d0e5c2803d70ef53f24fac74b8d5709c4d6caeb53dcb90684c7e1275fa774a9b,true,323551232,72680592,396491024,1053402690515083,1053402661357375,0,0.029157708,24000,1745504,0.5576794147491455,false,258955f94ba510e2de8a6b14dfe07f10e1b6ab8e7d73c54fe6bc36c37eaa3d6d,true,1057932308,false,78c5f5048602e5bfe730d96301fea06c51773051ba1cc57f91269c205da7c095,1003234174,1503,0.001479,0.0291565,0.029014375999999998,0.011726667,1.2080000000025404e-06,0.000830124830827117,0.001656834,false,0.00014333200000000296,1053402690373958,1053402678647291,1053402661357916,1053402690514416,1053402663014875,1053402661358041,1053402664494125,1053402663015125,1053402678647291,1053402664495416,0.014151875,0,16588800,0.018684513866901398,-0.0007737493323636908,-0.020751897245645523,0,78c5f5048602e5bfe730d96301fea06c51773051ba1cc57f91269c205da7c095,0.006229816935956478,7680,540,4147200,true,1380411457,decb1265301fcb2291a21c58090f57427bb8670a65a667a62d0439f2e6b413a7,960,false
44,attributed,1,8294400,1,0.4967001883586973,0,0,19e13139913e3ab371c6400a1c7c2c109d1d6fdfbe6cb24aaa64906f6d77c38d,,24000,1001,false,true,d841adda17732722059f6de44301e74fecb55acc82790a6183686bebf268ffa9,true,323551232,72680592,396491024,1053402741202916,1053402717506083,0,0.023696833,24000,1746505,0.4978949725627899,false,19e13139913e3ab371c6400a1c7c2c109d1d6fdfbe6cb24aaa64906f6d77c38d,true,1056893975,false,24a3e209d060296693c3cbd16489d2a7e2d46cced3ec107c250b5b226a6785b8,1006775909,1504,0.001008708,0.023695792,0.023557457,0.006077833,1.0410000000002362e-06,0.00046237511560320854,0.001262375,false,0.00013937600000000008,1053402741064541,1053402734986708,1053402717506541,1053402741202333,1053402718769041,1053402717506666,1053402719777791,1053402718769083,1053402734986666,1053402719778125,0.015208541,0,16588800,0.02484792098402977,-0.000152401579508241,-0.027530359104275703,0,24a3e209d060296693c3cbd16489d2a7e2d46cced3ec107c250b5b226a6785b8,0.007945631630718708,7680,540,4147200,true,1380411457,fda1c384e0df09c8855dfd5d98962c21a56478c291f25f6e2d28bc534b1c1125,960,false
45,attributed,1,8294400,1,0.5260632195270778,0,0,def4be0fb3fad44d0bba17f4ec87b34a29779692689a1e34b7c1d14c9890783d,,24000,1001,false,true,5e9f8c578fbdaa9a79951a9a0b0db54ad2a6dc573f3248623711260204a2f518,true,323551232,72680592,396491024,1053402796230125,1053402768105583,0,0.028124542,24000,1747506,0.527655303478241,false,def4be0fb3fad44d0bba17f4ec87b34a29779692689a1e34b7c1d14c9890783d,true,1057428587,false,d25a99836273ea0743af4085c581ad6a8686930de7930c31b2dc4751ddf3138e,1006014090,1505,0.001346083,0.028123166,0.02800475,0.011869042,1.3759999999973793e-06,0.0008504581637680531,0.001737,false,0.00011979200000000051,1053402796111458,1053402784242416,1053402768106250,1053402796229416,1053402769843250,1053402768106250,1053402771189583,1053402769843500,1053402784242375,1053402771189750,0.013052625,0,16588800,0.02820619009435177,-0.0005357904402438571,-0.03139456361532211,0,d25a99836273ea0743af4085c581ad6a8686930de7930c31b2dc4751ddf3138e,0.007524316199123859,7680,540,4147200,true,1380411457,fa1be92a22543d09f08ecf298d3a56065a9ac363e8256896216c1b804d495d6b,960,false
46,attributed,1,8294400,1,0.4329532932854955,0,0,4884d6f9f54612fb41275b8e8d13cddd2192972bfafae0abaa4314560ed442e6,,24000,1001,false,true,005b4fbe5a259b3440cdbacb4d77d7d1174f34b0c160e36ea1d31a6d1e17e58c,true,323551232,72680592,396491024,1053402847515125,1053402823213125,0,0.024302,24000,1748507,0.43426746129989624,false,4884d6f9f54612fb41275b8e8d13cddd2192972bfafae0abaa4314560ed442e6,true,1054758990,false,6535db30047013aff9361867183968d00e14f046061dc1e02eb431fc8c269d36,1006712293,1506,0.001037167,0.024300875,0.024176083999999997,0.007456834,1.125000000001125e-06,0.000445749843493104,0.001391333,false,0.0001259160000000037,1053402847390500,1053402839933666,1053402823213708,1053402847514583,1053402824605083,1053402823213750,1053402825642333,1053402824605166,1053402839933666,1053402825642916,0.01429075,0,16588800,0.02942047081887722,-0.00039029555460797893,-0.04015740379691124,0,6535db30047013aff9361867183968d00e14f046061dc1e02eb431fc8c269d36,0.00788638461381197,7680,540,4147200,true,1380411457,06ea96d98e748fecb427a5a546c80096c0a210b1bb2a24b5941adb3d23235849,960,false
47,attributed,1,8294400,1,0.5346288507812772,0,0,4a85e0bcb8f464c66c75cb11c1eec19ea4773c4d0c27fb17ca25c0938dce94de,,24000,1001,false,true,ae848c323367785c4afaf1dce9a980f379438c1285609a99009bbad4ea0dc89b,true,323551232,72680592,396491024,1053402901478916,1053402874388583,0,0.027090333,24000,1749508,0.5358805656433105,false,4a85e0bcb8f464c66c75cb11c1eec19ea4773c4d0c27fb17ca25c0938dce94de,true,1057566584,false,95337bec55e8cd043e66cac3aa222461d766c6318d86d69f2b8bc74569569192,1007816552,1507,0.001119042,0.027089,0.026964207999999996,0.008245292,1.3330000000026654e-06,0.00044229160994291306,0.001253958,false,0.0001261250000000047,1053402901354000,1053402893108708,1053402874389208,1053402901478208,1053402875643208,1053402874389250,1053402876762458,1053402875643416,1053402893108666,1053402876762750,0.016345916,0,16588800,0.0404788963496685,-0.0006126059190670107,-0.03368807211518288,0,95337bec55e8cd043e66cac3aa222461d766c6318d86d69f2b8bc74569569192,0.008914805948734283,7680,540,4147200,true,1380411457,28242cb5988632d5050260a6970f3e7064048069bd8f5387bc1875137abe481d,960,false
48,attributed,1,8294400,0,0,0,0,788ae0147bdf979a6575938ca2d7d4403788588f7be2010f03776c968fd1ab49,,24000,1001,true,true,2067ac390b0ae7bb329aa2412208bdd5cd343cce076d9e653723773fae4aeb2f,true,323551232,72680592,396491024,1053402970035625,1053402931806333,0,0.038229292,24000,1738497,0,true,788ae0147bdf979a6575938ca2d7d4403788588f7be2010f03776c968fd1ab49,true,0,true,ca954688e08310567d16960ff74c9983fbd4bc77c918b924a37f77d810b0668c,1049003833,1496,0.001428375,0.038226458,0.038108416,0.016747875,2.8340000000001697e-06,0.000977375078946352,0.002097791,true,0.00012087599999999893,1053402969916375,1053402953168500,1053402931807250,1053402970033708,1053402933905166,1053402931807375,1053402935333625,1053402933905250,1053402953168166,1053402935333791,0.017834375,1,16588800,0.11803362518548965,0.009515197023812918,-0.06817129999399185,0,ca954688e08310567d16960ff74c9983fbd4bc77c918b924a37f77d810b0668c,0.26275041699409485,7680,540,4147200,true,1380411457,6d9a3ce0f692bf84dc9d47eb20507c37e0d84b217c29b98e25ac01aa6bd6f044,960,true
49,attributed,1,8294400,1,0.5580001935950686,0,0,ff24d7286b3978166808fccb18ded53d06f8a0687fe03a9af73eba1e698dc25c,,24000,1001,true,true,26e222bb9f5e7471b646ea2c9aaa390c6d8295fff6a32776e1c662fe80b942af,true,323551232,72680592,396491024,1053403032510333,1053402997529000,0,0.034981333,24000,1739498,0.558485746383667,false,ff24d7286b3978166808fccb18ded53d06f8a0687fe03a9af73eba1e698dc25c,true,1057945836,false,b5af93cbe1cc5d1d7f6ad42630abe65e9ea2748429906730d52b29109c701e87,996707947,1497,0.001593125,0.034978417,0.034843708,0.0090255,2.916000000005581e-06,0.000815708190202713,0.001688375,true,0.00013762500000000233,1053403032374708,1053403023349208,1053402997530208,1053403032508625,1053402999218625,1053402997530250,1053403000811916,1053402999218791,1053403023349041,1053403000812333,0.022536708,1,16588800,0.011241086758673191,-0.00039731407795095766,-0.0075321197509765625,0,b5af93cbe1cc5d1d7f6ad42630abe65e9ea2748429906730d52b29109c701e87,0.0035485278349369764,7680,540,4147200,true,1380411457,102b5f57c49c48fbed9e46088a0b0614250272baf5833580684f77d351b8c3f5,960,false
50,attributed,1,8294400,0,0,0,0,788ae0147bdf979a6575938ca2d7d4403788588f7be2010f03776c968fd1ab49,true,24000,1001,true,true,e7e2b99a952b73cd3f5f6d84afa8bc6182ca7e151166c9c5dfaa1fbfc557d4b8,true,323551232,72680592,396491024,1053403099089166,1053403063772416,0,0.03531675,24000,1740499,0,true,788ae0147bdf979a6575938ca2d7d4403788588f7be2010f03776c968fd1ab49,true,0,true,1dd7f8a26e56dfba878da177773321a53dca3f2b9d00b46118d4425ec3093903,1049357384,1498,0.001825458,0.035310833,0.034966166,0.011430166,5.917000000001116e-06,0.001042333198711276,0.002087917,false,0.000350584000000001,1053403098742541,1053403087312375,1053403063774708,1053403099085541,1053403065862625,1053403063774708,1053403067688166,1053403065862708,1053403087312000,1053403067689375,0.019622625,1,16588800,0.12668024003505707,-0.00822357325689355,-0.23784224689006805,0,1dd7f8a26e56dfba878da177773321a53dca3f2b9d00b46118d4425ec3093903,0.2732870578765869,7680,540,4147200,true,1380411457,8f4bdb38cfa4e1bce44a28d2c66c6f4a025c264b67232dbc275850c2c43a89d3,960,false
51,attributed,1,8294400,1,0.6057567670294466,0,0,e4d7d9ae97135d7dc185243b19490a1f40bcca651cf2b759538db368bedc01b7,true,24000,1001,false,true,14bb670c4466232e6ab633a2a6fdefd4c99bace2d8b10f6043f30829c0354b17,true,323551232,72680592,396491024,1053403174938666,1053403133090041,0,0.041848625,24000,1741500,0.6067052483558655,false,e4d7d9ae97135d7dc185243b19490a1f40bcca651cf2b759538db368bedc01b7,true,1058754825,false,ee54d44ebac3dca564784630aa7e04eb0e50afdb17521dfa1b05c85b78882a48,994358578,1499,0.001973666,0.041843583,0.041690415,0.019287041,5.04200000000371e-06,0.0007459581829607487,0.001891041,true,0.0001582099999999989,1053403174784166,1053403155497125,1053403133093000,1053403174936583,1053403134984041,1053403133093000,1053403136957791,1053403134984125,1053403155496833,1053403136958166,0.018538667,1,16588800,0.002702204277738929,2.3930811790998148e-05,-0.008261729963123798,0,ee54d44ebac3dca564784630aa7e04eb0e50afdb17521dfa1b05c85b78882a48,0.0030015227384865284,7680,540,4147200,true,1380411457,10fd5ad653a329e30f48ae164bbe87a4e93c20dfe3dbce53cff6587d39844f00,960,false
52,attributed,1,8294400,1,0.6108848549398807,0,0,ff2eeb16566030b9dd06a8c01bbf967fa94070c40acdbbea6a0d2dc48c7167eb,,24000,1001,false,true,d0803a559d88c0bd6b54e5cfded20c04d64f959e3c5009ee65a67a705aa33ce3,true,323551232,72680592,396491024,1053403240012666,1053403204984416,0,0.03502825,24000,1742501,0.6119656562805176,false,ff2eeb16566030b9dd06a8c01bbf967fa94070c40acdbbea6a0d2dc48c7167eb,true,1058843080,false,26438fbe98f93bb7ea392c433b2bfd232c214d8aa921dac0b16df381e5575aa2,993628541,1500,0.001164375,0.035025042,0.034888292,0.01918975,3.2079999999976017e-06,0.00046495813876390457,0.001505917,false,0.00013995799999999559,1053403239874750,1053403220685000,1053403204985916,1053403240010958,1053403206491833,1053403204985916,1053403207656250,1053403206491875,1053403220684750,1053403207656500,0.01302825,1,16588800,0.00523300189524889,3.935026889083583e-06,-0.009355559013783932,0,26438fbe98f93bb7ea392c433b2bfd232c214d8aa921dac0b16df381e5575aa2,0.0028315477538853884,7680,540,4147200,true,1380411457,4207b7b32a8aa32ba41dcab5e8683045481e99471aa7acf58366f698f8113bb4,960,false
53,attributed,1,8294400,1,0.6434173492906502,0,0,7e53933ec6ffad34b19572512b6e4dd79cdf79d53cce1b9679f28641c8345004,,24000,1001,false,true,4945f8e1ed2a6ce70e38e9f25e6ee38a7d2a8b0e0901cab474531c8113227e4e,true,323551232,72680592,396491024,1053403292956916,1053403269137208,0,0.023819708,24000,1743502,0.6451500058174133,false,7e53933ec6ffad34b19572512b6e4dd79cdf79d53cce1b9679f28641c8345004,true,1059399821,false,7978f43a3bced6a1c55c28e1bf996272c6bc5d5c543a9ffead43532ef8542ed8,996278982,1501,0.001579375,0.023816791,0.023687083999999997,0.005909875,2.9169999999981155e-06,0.0007727083284407854,0.00160275,false,0.00013262400000000132,1053403292826583,1053403286916708,1053403269138750,1053403292955541,1053403270741541,1053403269138791,1053403272321041,1053403270741666,1053403286916500,1053403272321416,0.014595084,1,16588800,0.0060884952545166016,-0.00011930742275908047,-0.011883347295224667,0,7978f43a3bced6a1c55c28e1bf996272c6bc5d5c543a9ffead43532ef8542ed8,0.0034486516378819942,7680,540,4147200,true,1380411457,a722bcf70aadfcef2092359dd3f4568b7b2413c35fefe742a5134c4657ef6fe7,960,false
54,attributed,1,8294400,1,0.5464105376980998,0,0,a1dc46082a3247c370a0bea80eac8a6a710ea1d6c4447263d927751d18344a45,,24000,1001,false,true,ad7ed19b2a9ce48b75220fac53032ab41cea9d4eddfe62f09bb1c86e063d6e46,true,323551232,72680592,396491024,1053403348707416,1053403321077500,0,0.027629916,24000,1744503,0.54786217212677,false,a1dc46082a3247c370a0bea80eac8a6a710ea1d6c4447263d927751d18344a45,true,1057767602,false,e33097e78f0358cea2f0b6c880c8d7430606842815c4dde063dad6f92247d23d,998857116,1502,0.001259625,0.027627083,0.027478791000000002,0.012032791,2.833000000000696e-06,0.0004779999144375324,0.001546333,false,0.00015112499999999848,1053403348558291,1053403336525500,1053403321078958,1053403348706041,1053403322625291,1053403321078958,1053403323884916,1053403322625291,1053403336525250,1053403323885208,0.012640042,1,16588800,0.011320527642965317,-0.00025843947588864924,-0.015538307838141918,0,e33097e78f0358cea2f0b6c880c8d7430606842815c4dde063dad6f92247d23d,0.0041915904730558395,7680,540,4147200,true,1380411457,2fed5cd44d323c37a7301ae565be5fe5a4a59a791c9e9994d864dd8abe6ca8a8,960,false
55,attributed,1,8294400,1,0.5558029466185292,0,0,258955f94ba510e2de8a6b14dfe07f10e1b6ab8e7d73c54fe6bc36c37eaa3d6d,,24000,1001,false,true,d0e5c2803d70ef53f24fac74b8d5709c4d6caeb53dcb90684c7e1275fa774a9b,true,323551232,72680592,396491024,1053403401333791,1053403376867458,0,0.024466333,24000,1745504,0.5576794147491455,false,258955f94ba510e2de8a6b14dfe07f10e1b6ab8e7d73c54fe6bc36c37eaa3d6d,true,1057932308,false,78c5f5048602e5bfe730d96301fea06c51773051ba1cc57f91269c205da7c095,1003234174,1503,0.001137334,0.024463542,0.024330417,0.005199958,2.790999999998517e-06,0.00047970819287002087,0.001491125,false,0.00013591599999999981,1053403401199833,1053403395999875,1053403376868791,1053403401332333,1053403378359958,1053403376868833,1053403379497375,1053403378360041,1053403395999625,1053403379497625,0.016502,1,16588800,0.018684513866901398,-0.0007737493323636908,-0.020751897245645523,0,78c5f5048602e5bfe730d96301fea06c51773051ba1cc57f91269c205da7c095,0.006229816935956478,7680,540,4147200,true,1380411457,decb1265301fcb2291a21c58090f57427bb8670a65a667a62d0439f2e6b413a7,960,false
56,attributed,1,8294400,1,0.4967001883586973,0,0,19e13139913e3ab371c6400a1c7c2c109d1d6fdfbe6cb24aaa64906f6d77c38d,,24000,1001,false,true,d841adda17732722059f6de44301e74fecb55acc82790a6183686bebf268ffa9,true,323551232,72680592,396491024,1053403457557958,1053403429167125,0,0.028390833,24000,1746505,0.4978949725627899,false,19e13139913e3ab371c6400a1c7c2c109d1d6fdfbe6cb24aaa64906f6d77c38d,true,1056893975,false,24a3e209d060296693c3cbd16489d2a7e2d46cced3ec107c250b5b226a6785b8,1006775909,1504,0.001298167,0.028387417,0.028242958999999998,0.009910292,3.415999999999142e-06,0.0004797917790710926,0.001354,false,0.0001478740000000027,1053403457412250,1053403447501958,1053403429168708,1053403457556125,1053403430522708,1053403429168708,1053403431820875,1053403430522708,1053403447501666,1053403431821166,0.0156805,1,16588800,0.02484792098402977,-0.000152401579508241,-0.027530359104275703,0,24a3e209d060296693c3cbd16489d2a7e2d46cced3ec107c250b5b226a6785b8,0.007945631630718708,7680,540,4147200,true,1380411457,fda1c384e0df09c8855dfd5d98962c21a56478c291f25f6e2d28bc534b1c1125,960,false
57,attributed,1,8294400,1,0.5260632195270778,0,0,def4be0fb3fad44d0bba17f4ec87b34a29779692689a1e34b7c1d14c9890783d,,24000,1001,false,true,5e9f8c578fbdaa9a79951a9a0b0db54ad2a6dc573f3248623711260204a2f518,true,323551232,72680592,396491024,1053403512370125,1053403485558416,0,0.026811709,24000,1747506,0.527655303478241,false,def4be0fb3fad44d0bba17f4ec87b34a29779692689a1e34b7c1d14c9890783d,true,1057428587,false,d25a99836273ea0743af4085c581ad6a8686930de7930c31b2dc4751ddf3138e,1006014090,1505,0.001533875,0.026807917,0.026659250000000002,0.007433292,3.7919999999989906e-06,0.000498125096783042,0.0014295,false,0.00015245899999999715,1053403512220333,1053403504787041,1053403485560458,1053403512368375,1053403486990000,1053403485560500,1053403488523875,1053403486990000,1053403504786791,1053403488524208,0.016262583,1,16588800,0.02820619009435177,-0.0005357904402438571,-0.03139456361532211,0,d25a99836273ea0743af4085c581ad6a8686930de7930c31b2dc4751ddf3138e,0.007524316199123859,7680,540,4147200,true,1380411457,fa1be92a22543d09f08ecf298d3a56065a9ac363e8256896216c1b804d495d6b,960,false
58,attributed,1,8294400,1,0.4329532932854955,0,0,4884d6f9f54612fb41275b8e8d13cddd2192972bfafae0abaa4314560ed442e6,,24000,1001,false,true,005b4fbe5a259b3440cdbacb4d77d7d1174f34b0c160e36ea1d31a6d1e17e58c,true,323551232,72680592,396491024,1053403572569875,1053403540509541,0,0.032060334,24000,1748507,0.43426746129989624,false,4884d6f9f54612fb41275b8e8d13cddd2192972bfafae0abaa4314560ed442e6,true,1054758990,false,6535db30047013aff9361867183968d00e14f046061dc1e02eb431fc8c269d36,1006712293,1506,0.00166875,0.032056416,0.031937375000000004,0.01560375,3.918000000005528e-06,0.0008595001418143511,0.001721667,false,0.00012295899999999887,1053403572449291,1053403556845541,1053403540511250,1053403572567666,1053403542232958,1053403540511291,1053403543901750,1053403542233000,1053403556845291,1053403543902083,0.012943208,1,16588800,0.02942047081887722,-0.00039029555460797893,-0.04015740379691124,0,6535db30047013aff9361867183968d00e14f046061dc1e02eb431fc8c269d36,0.00788638461381197,7680,540,4147200,true,1380411457,06ea96d98e748fecb427a5a546c80096c0a210b1bb2a24b5941adb3d23235849,960,false
59,attributed,1,8294400,1,0.5346288507812772,0,0,4a85e0bcb8f464c66c75cb11c1eec19ea4773c4d0c27fb17ca25c0938dce94de,,24000,1001,false,true,ae848c323367785c4afaf1dce9a980f379438c1285609a99009bbad4ea0dc89b,true,323551232,72680592,396491024,1053403636810916,1053403600735333,0,0.036075583,24000,1749508,0.5358805656433105,false,4a85e0bcb8f464c66c75cb11c1eec19ea4773c4d0c27fb17ca25c0938dce94de,true,1057566584,false,95337bec55e8cd043e66cac3aa222461d766c6318d86d69f2b8bc74569569192,1007816552,1507,0.001304,0.03607225,0.035952082999999996,0.017567958,3.333000000001196e-06,0.00048325001262128353,0.001417208,false,0.00012350000000000555,1053403636689291,1053403619121333,1053403600736625,1053403636808875,1053403602153833,1053403600736625,1053403603457833,1053403602153833,1053403619121000,1053403603458083,0.015662917,1,16588800,0.0404788963496685,-0.0006126059190670107,-0.03368807211518288,0,95337bec55e8cd043e66cac3aa222461d766c6318d86d69f2b8bc74569569192,0.008914805948734283,7680,540,4147200,true,1380411457,28242cb5988632d5050260a6970f3e7064048069bd8f5387bc1875137abe481d,960,false
60,attributed,1,8294400,0,0,0,0,788ae0147bdf979a6575938ca2d7d4403788588f7be2010f03776c968fd1ab49,,24000,1001,true,true,2067ac390b0ae7bb329aa2412208bdd5cd343cce076d9e653723773fae4aeb2f,true,323551232,72680592,396491024,1053403699934041,1053403669600250,0,0.030333791,24000,1738497,0,true,788ae0147bdf979a6575938ca2d7d4403788588f7be2010f03776c968fd1ab49,true,0,true,ca954688e08310567d16960ff74c9983fbd4bc77c918b924a37f77d810b0668c,1049003833,1496,0.001200541,0.030330333,0.030201415000000002,0.010524041,3.4579999999978517e-06,0.00048554176464676857,0.001597958,true,0.00013237599999999655,1053403699803791,1053403689279750,1053403669601958,1053403699932291,1053403671199958,1053403669602000,1053403672400541,1053403671200000,1053403689279625,1053403672400750,0.016878875,2,16588800,0.11803362518548965,0.009515197023812918,-0.06817129999399185,0,ca954688e08310567d16960ff74c9983fbd4bc77c918b924a37f77d810b0668c,0.26275041699409485,7680,540,4147200,true,1380411457,6d9a3ce0f692bf84dc9d47eb20507c37e0d84b217c29b98e25ac01aa6bd6f044,960,true
61,attributed,1,8294400,1,0.5580001935950686,0,0,ff24d7286b3978166808fccb18ded53d06f8a0687fe03a9af73eba1e698dc25c,,24000,1001,true,true,26e222bb9f5e7471b646ea2c9aaa390c6d8295fff6a32776e1c662fe80b942af,true,323551232,72680592,396491024,1053403757448000,1053403728095583,0,0.029352417,24000,1739498,0.558485746383667,false,ff24d7286b3978166808fccb18ded53d06f8a0687fe03a9af73eba1e698dc25c,true,1057945836,false,b5af93cbe1cc5d1d7f6ad42630abe65e9ea2748429906730d52b29109c701e87,996707947,1497,0.001309708,0.029348709,0.02920675,0.013048708,3.7079999999981017e-06,0.0004909166600555182,0.0014025,true,0.00014566699999999863,1053403757304208,1053403744255500,1053403728096916,1053403757445625,1053403729499500,1053403728097000,1053403730809208,1053403729499500,1053403744255250,1053403730809416,0.013445834,2,16588800,0.011241086758673191,-0.00039731407795095766,-0.0075321197509765625,0,b5af93cbe1cc5d1d7f6ad42630abe65e9ea2748429906730d52b29109c701e87,0.0035485278349369764,7680,540,4147200,true,1380411457,102b5f57c49c48fbed9e46088a0b0614250272baf5833580684f77d351b8c3f5,960,false
62,attributed,1,8294400,0,0,0,0,788ae0147bdf979a6575938ca2d7d4403788588f7be2010f03776c968fd1ab49,true,24000,1001,true,true,e7e2b99a952b73cd3f5f6d84afa8bc6182ca7e151166c9c5dfaa1fbfc557d4b8,true,323551232,72680592,396491024,1053403809974666,1053403784465166,0,0.0255095,24000,1740499,0,true,788ae0147bdf979a6575938ca2d7d4403788588f7be2010f03776c968fd1ab49,true,0,true,1dd7f8a26e56dfba878da177773321a53dca3f2b9d00b46118d4425ec3093903,1049357384,1498,0.001634542,0.025507708,0.025417333,0.004689792,1.7920000000004599e-06,0.00045083346776664257,0.001273916,false,9.216700000000064e-05,1053403809884000,1053403805194208,1053403784466083,1053403809973791,1053403785740041,1053403784466125,1053403787374583,1053403785740041,1053403805194083,1053403787375000,0.017819083,2,16588800,0.12668024003505707,-0.00822357325689355,-0.23784224689006805,0,1dd7f8a26e56dfba878da177773321a53dca3f2b9d00b46118d4425ec3093903,0.2732870578765869,7680,540,4147200,true,1380411457,8f4bdb38cfa4e1bce44a28d2c66c6f4a025c264b67232dbc275850c2c43a89d3,960,false
63,attributed,1,8294400,1,0.6057567670294466,0,0,e4d7d9ae97135d7dc185243b19490a1f40bcca651cf2b759538db368bedc01b7,true,24000,1001,false,true,14bb670c4466232e6ab633a2a6fdefd4c99bace2d8b10f6043f30829c0354b17,true,323551232,72680592,396491024,1053403867589833,1053403838291208,0,0.029298625,24000,1741500,0.6067052483558655,false,e4d7d9ae97135d7dc185243b19490a1f40bcca651cf2b759538db368bedc01b7,true,1058754825,false,ee54d44ebac3dca564784630aa7e04eb0e50afdb17521dfa1b05c85b78882a48,994358578,1499,0.001279584,0.029296833,0.02916121,0.01000075,1.7919999999969904e-06,0.0004772499669343233,0.001472667,true,0.00013741499999999837,1053403867454125,1053403857453375,1053403838292083,1053403867588916,1053403839764833,1053403838292166,1053403841044750,1053403839765166,1053403857453250,1053403841045041,0.016408209,2,16588800,0.002702204277738929,2.3930811790998148e-05,-0.008261729963123798,0,ee54d44ebac3dca564784630aa7e04eb0e50afdb17521dfa1b05c85b78882a48,0.0030015227384865284,7680,540,4147200,true,1380411457,10fd5ad653a329e30f48ae164bbe87a4e93c20dfe3dbce53cff6587d39844f00,960,false
64,attributed,1,8294400,1,0.6108848549398807,0,0,ff2eeb16566030b9dd06a8c01bbf967fa94070c40acdbbea6a0d2dc48c7167eb,,24000,1001,false,true,d0803a559d88c0bd6b54e5cfded20c04d64f959e3c5009ee65a67a705aa33ce3,true,323551232,72680592,396491024,1053403921159333,1053403896470958,0,0.024688375,24000,1742501,0.6119656562805176,false,ff2eeb16566030b9dd06a8c01bbf967fa94070c40acdbbea6a0d2dc48c7167eb,true,1058843080,false,26438fbe98f93bb7ea392c433b2bfd232c214d8aa921dac0b16df381e5575aa2,993628541,1500,0.001654458,0.024686083,0.024549584000000003,0.006292042,2.2919999999974905e-06,0.0007882500067353249,0.001823084,false,0.00013879099999999575,1053403921022208,1053403914730166,1053403896472000,1053403921158083,1053403898295125,1053403896472041,1053403899949583,1053403898295125,1053403914729916,1053403899949916,0.01478,2,16588800,0.00523300189524889,3.935026889083583e-06,-0.009355559013783932,0,26438fbe98f93bb7ea392c433b2bfd232c214d8aa921dac0b16df381e5575aa2,0.0028315477538853884,7680,540,4147200,true,1380411457,4207b7b32a8aa32ba41dcab5e8683045481e99471aa7acf58366f698f8113bb4,960,false
65,attributed,1,8294400,1,0.6434173492906502,0,0,7e53933ec6ffad34b19572512b6e4dd79cdf79d53cce1b9679f28641c8345004,,24000,1001,false,true,4945f8e1ed2a6ce70e38e9f25e6ee38a7d2a8b0e0901cab474531c8113227e4e,true,323551232,72680592,396491024,1053403980670416,1053403949087666,0,0.03158275,24000,1743502,0.6451500058174133,false,7e53933ec6ffad34b19572512b6e4dd79cdf79d53cce1b9679f28641c8345004,true,1059399821,false,7978f43a3bced6a1c55c28e1bf996272c6bc5d5c543a9ffead43532ef8542ed8,996278982,1501,0.00162325,0.031578917,0.031398126,0.014640417,3.833000000001696e-06,0.0007211249321699142,0.001601709,false,0.0001846240000000013,1053403980488083,1053403965847666,1053403949089166,1053403980668083,1053403950690875,1053403949089166,1053403952314291,1053403950691041,1053403965847416,1053403952314666,0.01353275,2,16588800,0.0060884952545166016,-0.00011930742275908047,-0.011883347295224667,0,7978f43a3bced6a1c55c28e1bf996272c6bc5d5c543a9ffead43532ef8542ed8,0.0034486516378819942,7680,540,4147200,true,1380411457,a722bcf70aadfcef2092359dd3f4568b7b2413c35fefe742a5134c4657ef6fe7,960,false
66,attributed,1,8294400,1,0.5464105376980998,0,0,a1dc46082a3247c370a0bea80eac8a6a710ea1d6c4447263d927751d18344a45,,24000,1001,false,true,ad7ed19b2a9ce48b75220fac53032ab41cea9d4eddfe62f09bb1c86e063d6e46,true,323551232,72680592,396491024,1053404043363791,1053404011647791,0,0.031716,24000,1744503,0.54786217212677,false,a1dc46082a3247c370a0bea80eac8a6a710ea1d6c4447263d927751d18344a45,true,1057767602,false,e33097e78f0358cea2f0b6c880c8d7430606842815c4dde063dad6f92247d23d,998857116,1502,0.001690959,0.031710959,0.031454500999999996,0.010541708,5.0410000000042365e-06,0.0009254999458789825,0.002098209,false,0.0002614990000000053,1053404043105583,1053404032563875,1053404011650041,1053404043361000,1053404013748250,1053404011650041,1053404015439250,1053404013748291,1053404032563250,1053404015439625,0.017123625,2,16588800,0.011320527642965317,-0.00025843947588864924,-0.015538307838141918,0,e33097e78f0358cea2f0b6c880c8d7430606842815c4dde063dad6f92247d23d,0.0041915904730558395,7680,540,4147200,true,1380411457,2fed5cd44d323c37a7301ae565be5fe5a4a59a791c9e9994d864dd8abe6ca8a8,960,false
67,attributed,1,8294400,1,0.5558029466185292,0,0,258955f94ba510e2de8a6b14dfe07f10e1b6ab8e7d73c54fe6bc36c37eaa3d6d,,24000,1001,false,true,d0e5c2803d70ef53f24fac74b8d5709c4d6caeb53dcb90684c7e1275fa774a9b,true,323551232,72680592,396491024,1053404108513250,1053404073978500,0,0.03453475,24000,1745504,0.5576794147491455,false,258955f94ba510e2de8a6b14dfe07f10e1b6ab8e7d73c54fe6bc36c37eaa3d6d,true,1057932308,false,78c5f5048602e5bfe730d96301fea06c51773051ba1cc57f91269c205da7c095,1003234174,1503,0.002514333,0.034530666,0.034405959,0.010261292,4.08400000000142e-06,0.0004955001641064882,0.001677917,false,0.0001287910000000031,1053404108387875,1053404098126583,1053404073980625,1053404108511291,1053404075658583,1053404073980666,1053404078173083,1053404075658750,1053404098126333,1053404078173916,0.019952417,2,16588800,0.018684513866901398,-0.0007737493323636908,-0.020751897245645523,0,78c5f5048602e5bfe730d96301fea06c51773051ba1cc57f91269c205da7c095,0.006229816935956478,7680,540,4147200,true,1380411457,decb1265301fcb2291a21c58090f57427bb8670a65a667a62d0439f2e6b413a7,960,false
68,attributed,1,8294400,1,0.4967001883586973,0,0,19e13139913e3ab371c6400a1c7c2c109d1d6fdfbe6cb24aaa64906f6d77c38d,,24000,1001,false,true,d841adda17732722059f6de44301e74fecb55acc82790a6183686bebf268ffa9,true,323551232,72680592,396491024,1053404171292375,1053404137508875,0,0.0337835,24000,1746505,0.4978949725627899,false,19e13139913e3ab371c6400a1c7c2c109d1d6fdfbe6cb24aaa64906f6d77c38d,true,1056893975,false,24a3e209d060296693c3cbd16489d2a7e2d46cced3ec107c250b5b226a6785b8,1006775909,1504,0.001993959,0.033779709,0.033635918,0.009964333,3.7910000000029864e-06,0.0009654166642576456,0.002065292,false,0.00014758200000000027,1053404171147958,1053404161183625,1053404137510916,1053404171290625,1053404139576208,1053404137510916,1053404141570375,1053404139576416,1053404161183375,1053404141571041,0.019612334,2,16588800,0.02484792098402977,-0.000152401579508241,-0.027530359104275703,0,24a3e209d060296693c3cbd16489d2a7e2d46cced3ec107c250b5b226a6785b8,0.007945631630718708,7680,540,4147200,true,1380411457,fda1c384e0df09c8855dfd5d98962c21a56478c291f25f6e2d28bc534b1c1125,960,false
69,attributed,1,8294400,1,0.5260632195270778,0,0,def4be0fb3fad44d0bba17f4ec87b34a29779692689a1e34b7c1d14c9890783d,,24000,1001,false,true,5e9f8c578fbdaa9a79951a9a0b0db54ad2a6dc573f3248623711260204a2f518,true,323551232,72680592,396491024,1053404231378416,1053404199690333,0,0.031688083,24000,1747506,0.527655303478241,false,def4be0fb3fad44d0bba17f4ec87b34a29779692689a1e34b7c1d14c9890783d,true,1057428587,false,d25a99836273ea0743af4085c581ad6a8686930de7930c31b2dc4751ddf3138e,1006014090,1505,0.001789083,0.03168525,0.031544333,0.0130375,2.833000000000696e-06,0.0006307500880211592,0.0014785,false,0.00014374999999999805,1053404231236833,1053404218199333,1053404199691625,1053404231376875,1053404201170166,1053404199691666,1053404202959541,1053404201170458,1053404218199083,1053404202959833,0.01523925,2,16588800,0.02820619009435177,-0.0005357904402438571,-0.03139456361532211,0,d25a99836273ea0743af4085c581ad6a8686930de7930c31b2dc4751ddf3138e,0.007524316199123859,7680,540,4147200,true,1380411457,fa1be92a22543d09f08ecf298d3a56065a9ac363e8256896216c1b804d495d6b,960,false
70,attributed,1,8294400,1,0.4329532932854955,0,0,4884d6f9f54612fb41275b8e8d13cddd2192972bfafae0abaa4314560ed442e6,,24000,1001,false,true,005b4fbe5a259b3440cdbacb4d77d7d1174f34b0c160e36ea1d31a6d1e17e58c,true,323551232,72680592,396491024,1053404284799750,1053404259453166,0,0.025346584,24000,1748507,0.43426746129989624,false,4884d6f9f54612fb41275b8e8d13cddd2192972bfafae0abaa4314560ed442e6,true,1054758990,false,6535db30047013aff9361867183968d00e14f046061dc1e02eb431fc8c269d36,1006712293,1506,0.001177333,0.025343833,0.025202875,0.009634416,2.7509999999987544e-06,0.00046891672536730766,0.001559209,false,0.0001437089999999988,1053404284658041,1053404275023625,1053404259454500,1053404284798333,1053404261013750,1053404259454541,1053404262191166,1053404261013833,1053404275023333,1053404262191416,0.012831917,2,16588800,0.02942047081887722,-0.00039029555460797893,-0.04015740379691124,0,6535db30047013aff9361867183968d00e14f046061dc1e02eb431fc8c269d36,0.00788638461381197,7680,540,4147200,true,1380411457,06ea96d98e748fecb427a5a546c80096c0a210b1bb2a24b5941adb3d23235849,960,false
71,attributed,1,8294400,1,0.5346288507812772,0,0,4a85e0bcb8f464c66c75cb11c1eec19ea4773c4d0c27fb17ca25c0938dce94de,,24000,1001,false,true,ae848c323367785c4afaf1dce9a980f379438c1285609a99009bbad4ea0dc89b,true,323551232,72680592,396491024,1053404340297208,1053404311835750,0,0.028461458,24000,1749508,0.5358805656433105,false,4a85e0bcb8f464c66c75cb11c1eec19ea4773c4d0c27fb17ca25c0938dce94de,true,1057566584,false,95337bec55e8cd043e66cac3aa222461d766c6318d86d69f2b8bc74569569192,1007816552,1507,0.001262959,0.028458875,0.02824471,0.013071042,2.5829999999969766e-06,0.0004909166600555182,0.001537375,false,0.00021674799999999925,1053404340081833,1053404327010791,1053404311836500,1053404340295375,1053404313373875,1053404311836500,1053404314637125,1053404313374166,1053404327010625,1053404314637291,0.012373334,2,16588800,0.0404788963496685,-0.0006126059190670107,-0.03368807211518288,0,95337bec55e8cd043e66cac3aa222461d766c6318d86d69f2b8bc74569569192,0.008914805948734283,7680,540,4147200,true,1380411457,28242cb5988632d5050260a6970f3e7064048069bd8f5387bc1875137abe481d,960,false
72,attributed,0,8294400,0,0,0,0,788ae0147bdf979a6575938ca2d7d4403788588f7be2010f03776c968fd1ab49,,24000,1001,true,true,2067ac390b0ae7bb329aa2412208bdd5cd343cce076d9e653723773fae4aeb2f,,323551232,72680592,396491024,1053404428488916,1053404385236458,1,0.043252458,24000,1738497,0,true,788ae0147bdf979a6575938ca2d7d4403788588f7be2010f03776c968fd1ab49,true,0,true,ca954688e08310567d16960ff74c9983fbd4bc77c918b924a37f77d810b0668c,1049003833,1496,0.007867,0.043245958,0.041129251,0.010904042,6.499999999999562e-06,0.0006383750587701797,0.003773542,true,0.002123207000000002,1053404426371875,1053404415467833,1053404385239833,1053404428485791,1053404389013375,1053404385239833,1053404396880625,1053404389013625,1053404415467625,1053404396882958,0.018584667,0,16588800,0.11803362518548965,0.009515197023812918,-0.06817129999399185,0,ca954688e08310567d16960ff74c9983fbd4bc77c918b924a37f77d810b0668c,0.26275041699409485,7680,540,4147200,true,1380411457,6d9a3ce0f692bf84dc9d47eb20507c37e0d84b217c29b98e25ac01aa6bd6f044,960,true
73,attributed,0,8294400,1,0.5580001935950686,0,0,ff24d7286b3978166808fccb18ded53d06f8a0687fe03a9af73eba1e698dc25c,,24000,1001,true,true,26e222bb9f5e7471b646ea2c9aaa390c6d8295fff6a32776e1c662fe80b942af,,323551232,72680592,396491024,1053404697494708,1053404549564041,1,0.147930667,24000,1739498,0.558485746383667,false,ff24d7286b3978166808fccb18ded53d06f8a0687fe03a9af73eba1e698dc25c,true,1057945836,false,b5af93cbe1cc5d1d7f6ad42630abe65e9ea2748429906730d52b29109c701e87,996707947,1497,0.019791542,0.147923958,0.147320626,0.023655708,6.708999999993637e-06,0.0005486251320689917,0.006516834,true,0.0006100409999999779,1053404696889666,1053404673233958,1053404549567583,1053404697491541,1053404556084750,1053404549567916,1053404575876500,1053404556084958,1053404673233625,1053404575877083,0.097356542,0,16588800,0.011241086758673191,-0.00039731407795095766,-0.0075321197509765625,0,b5af93cbe1cc5d1d7f6ad42630abe65e9ea2748429906730d52b29109c701e87,0.0035485278349369764,7680,540,4147200,true,1380411457,102b5f57c49c48fbed9e46088a0b0614250272baf5833580684f77d351b8c3f5,960,false
74,attributed,0,8294400,0,0,0,0,788ae0147bdf979a6575938ca2d7d4403788588f7be2010f03776c968fd1ab49,,24000,1001,true,true,e7e2b99a952b73cd3f5f6d84afa8bc6182ca7e151166c9c5dfaa1fbfc557d4b8,,323551232,72680592,396491024,1053404767197416,1053404735534041,1,0.031663375,24000,1740499,0,true,788ae0147bdf979a6575938ca2d7d4403788588f7be2010f03776c968fd1ab49,true,0,true,1dd7f8a26e56dfba878da177773321a53dca3f2b9d00b46118d4425ec3093903,1049357384,1498,0.001790708,0.031659542,0.031528,0.012107667,3.833000000001696e-06,0.0009307500440627337,0.001970709,false,0.00013537500000000008,1053404767065083,1053404754957416,1053404735536541,1053404767196083,1053404737507250,1053404735536541,1053404739298041,1053404737507333,1053404754957291,1053404739298375,0.015658916,0,16588800,0.12668024003505707,-0.00822357325689355,-0.23784224689006805,0,1dd7f8a26e56dfba878da177773321a53dca3f2b9d00b46118d4425ec3093903,0.2732870578765869,7680,540,4147200,true,1380411457,8f4bdb38cfa4e1bce44a28d2c66c6f4a025c264b67232dbc275850c2c43a89d3,960,false
75,attributed,0,8294400,1,0.6057567670294466,0,0,e4d7d9ae97135d7dc185243b19490a1f40bcca651cf2b759538db368bedc01b7,,24000,1001,false,true,14bb670c4466232e6ab633a2a6fdefd4c99bace2d8b10f6043f30829c0354b17,,323551232,72680592,396491024,1053404835437166,1053404794061833,1,0.041375333,24000,1741500,0.6067052483558655,false,e4d7d9ae97135d7dc185243b19490a1f40bcca651cf2b759538db368bedc01b7,true,1058754825,false,ee54d44ebac3dca564784630aa7e04eb0e50afdb17521dfa1b05c85b78882a48,994358578,1499,0.001142375,0.041372417,0.041251791,0.018379708,2.915999999998642e-06,0.0004769167862832546,0.001432125,true,0.00012354199999999732,1053404835315791,1053404816936083,1053404794063333,1053404835435750,1053404795495541,1053404794063416,1053404796637958,1053404795495583,1053404816935833,1053404796638250,0.020297583,0,16588800,0.002702204277738929,2.3930811790998148e-05,-0.008261729963123798,0,ee54d44ebac3dca564784630aa7e04eb0e50afdb17521dfa1b05c85b78882a48,0.0030015227384865284,7680,540,4147200,true,1380411457,10fd5ad653a329e30f48ae164bbe87a4e93c20dfe3dbce53cff6587d39844f00,960,false
76,attributed,0,8294400,1,0.6108848549398807,0,0,ff2eeb16566030b9dd06a8c01bbf967fa94070c40acdbbea6a0d2dc48c7167eb,,24000,1001,false,true,d0803a559d88c0bd6b54e5cfded20c04d64f959e3c5009ee65a67a705aa33ce3,,323551232,72680592,396491024,1053404894358208,1053404862956375,1,0.031401833,24000,1742501,0.6119656562805176,false,ff2eeb16566030b9dd06a8c01bbf967fa94070c40acdbbea6a0d2dc48c7167eb,true,1058843080,false,26438fbe98f93bb7ea392c433b2bfd232c214d8aa921dac0b16df381e5575aa2,993628541,1500,0.001105167,0.031398541,0.031278084,0.009442166,3.291999999995021e-06,0.0004640000406652689,0.001720042,false,0.0001237489999999994,1053404894237291,1053404884795125,1053404862958625,1053404894357166,1053404864678708,1053404862958666,1053404865783958,1053404864678791,1053404884794875,1053404865784166,0.019010709,0,16588800,0.00523300189524889,3.935026889083583e-06,-0.009355559013783932,0,26438fbe98f93bb7ea392c433b2bfd232c214d8aa921dac0b16df381e5575aa2,0.0028315477538853884,7680,540,4147200,true,1380411457,4207b7b32a8aa32ba41dcab5e8683045481e99471aa7acf58366f698f8113bb4,960,false
77,attributed,0,8294400,1,0.6434173492906502,0,0,7e53933ec6ffad34b19572512b6e4dd79cdf79d53cce1b9679f28641c8345004,,24000,1001,false,true,4945f8e1ed2a6ce70e38e9f25e6ee38a7d2a8b0e0901cab474531c8113227e4e,,323551232,72680592,396491024,1053404957033000,1053404923625625,1,0.033407375,24000,1743502,0.6451500058174133,false,7e53933ec6ffad34b19572512b6e4dd79cdf79d53cce1b9679f28641c8345004,true,1059399821,false,7978f43a3bced6a1c55c28e1bf996272c6bc5d5c543a9ffead43532ef8542ed8,996278982,1501,0.001161416,0.033404125,0.033300581999999995,0.017669958,3.2500000000032503e-06,0.0009138751775026321,0.001961583,false,0.0001067930000000078,1053404956928791,1053404939258833,1053404923627500,1053404957031625,1053404925589083,1053404923627500,1053404926750666,1053404925589250,1053404939258583,1053404926750958,0.012507625,0,16588800,0.0060884952545166016,-0.00011930742275908047,-0.011883347295224667,0,7978f43a3bced6a1c55c28e1bf996272c6bc5d5c543a9ffead43532ef8542ed8,0.0034486516378819942,7680,540,4147200,true,1380411457,a722bcf70aadfcef2092359dd3f4568b7b2413c35fefe742a5134c4657ef6fe7,960,false
78,attributed,0,8294400,1,0.5464105376980998,0,0,a1dc46082a3247c370a0bea80eac8a6a710ea1d6c4447263d927751d18344a45,,24000,1001,false,true,ad7ed19b2a9ce48b75220fac53032ab41cea9d4eddfe62f09bb1c86e063d6e46,,323551232,72680592,396491024,1053405011084041,1053404984526791,1,0.02655725,24000,1744503,0.54786217212677,false,a1dc46082a3247c370a0bea80eac8a6a710ea1d6c4447263d927751d18344a45,true,1057767602,false,e33097e78f0358cea2f0b6c880c8d7430606842815c4dde063dad6f92247d23d,998857116,1502,0.001161458,0.02655475,0.026366375,0.012697792,2.5000000000025002e-06,0.00048075011000037193,0.001564625,false,0.00019087500000000007,1053405010894750,1053404998196958,1053404984527916,1053405011082666,1053404986092541,1053404984527916,1053404987254041,1053404986092583,1053404998196625,1053404987254125,0.0109425,0,16588800,0.011320527642965317,-0.00025843947588864924,-0.015538307838141918,0,e33097e78f0358cea2f0b6c880c8d7430606842815c4dde063dad6f92247d23d,0.0041915904730558395,7680,540,4147200,true,1380411457,2fed5cd44d323c37a7301ae565be5fe5a4a59a791c9e9994d864dd8abe6ca8a8,960,false
79,attributed,0,8294400,1,0.5558029466185292,0,0,258955f94ba510e2de8a6b14dfe07f10e1b6ab8e7d73c54fe6bc36c37eaa3d6d,,24000,1001,false,true,d0e5c2803d70ef53f24fac74b8d5709c4d6caeb53dcb90684c7e1275fa774a9b,,323551232,72680592,396491024,1053405066320833,1053405041034083,1,0.02528675,24000,1745504,0.5576794147491455,false,258955f94ba510e2de8a6b14dfe07f10e1b6ab8e7d73c54fe6bc36c37eaa3d6d,true,1057932308,false,78c5f5048602e5bfe730d96301fea06c51773051ba1cc57f91269c205da7c095,1003234174,1503,0.001242542,0.025284125,0.02512875,0.005581042,2.6249999999991558e-06,0.000569208525121212,0.00171675,false,0.0001580000000000019,1053405066165333,1053405060584291,1053405041035750,1053405066319875,1053405042752583,1053405041035833,1053405043995250,1053405042752708,1053405060584041,1053405043995625,0.016588416,0,16588800,0.018684513866901398,-0.0007737493323636908,-0.020751897245645523,0,78c5f5048602e5bfe730d96301fea06c51773051ba1cc57f91269c205da7c095,0.006229816935956478,7680,540,4147200,true,1380411457,decb1265301fcb2291a21c58090f57427bb8670a65a667a62d0439f2e6b413a7,960,false
80,attributed,0,8294400,1,0.4967001883586973,0,0,19e13139913e3ab371c6400a1c7c2c109d1d6fdfbe6cb24aaa64906f6d77c38d,,24000,1001,false,true,d841adda17732722059f6de44301e74fecb55acc82790a6183686bebf268ffa9,,323551232,72680592,396491024,1053405121708916,1053405095610750,1,0.026098166,24000,1746505,0.4978949725627899,false,19e13139913e3ab371c6400a1c7c2c109d1d6fdfbe6cb24aaa64906f6d77c38d,true,1056893975,false,24a3e209d060296693c3cbd16489d2a7e2d46cced3ec107c250b5b226a6785b8,1006775909,1504,0.001118625,0.0260955,0.025925499,0.009990208,2.665999999998392e-06,0.00047275004908442497,0.001537041,false,0.00017266699999999788,1053405121538291,1053405111548083,1053405095612000,1053405121707500,1053405097149166,1053405095612125,1053405098267958,1053405097149333,1053405111547833,1053405098268208,0.013279625,0,16588800,0.02484792098402977,-0.000152401579508241,-0.027530359104275703,0,24a3e209d060296693c3cbd16489d2a7e2d46cced3ec107c250b5b226a6785b8,0.007945631630718708,7680,540,4147200,true,1380411457,fda1c384e0df09c8855dfd5d98962c21a56478c291f25f6e2d28bc534b1c1125,960,false
81,attributed,0,8294400,1,0.5260632195270778,0,0,def4be0fb3fad44d0bba17f4ec87b34a29779692689a1e34b7c1d14c9890783d,,24000,1001,false,true,5e9f8c578fbdaa9a79951a9a0b0db54ad2a6dc573f3248623711260204a2f518,,323551232,72680592,396491024,1053405191277583,1053405154020208,1,0.037257375,24000,1747506,0.527655303478241,false,def4be0fb3fad44d0bba17f4ec87b34a29779692689a1e34b7c1d14c9890783d,true,1057428587,false,d25a99836273ea0743af4085c581ad6a8686930de7930c31b2dc4751ddf3138e,1006014090,1505,0.001275209,0.037254125,0.037010501,0.016902042,3.2500000000032503e-06,0.0005173750687390566,0.00218725,false,0.0002468740000000011,1053405191033375,1053405174131333,1053405154022250,1053405191276375,1053405156209541,1053405154022291,1053405157484875,1053405156209666,1053405174131083,1053405157485083,0.016646,0,16588800,0.02820619009435177,-0.0005357904402438571,-0.03139456361532211,0,d25a99836273ea0743af4085c581ad6a8686930de7930c31b2dc4751ddf3138e,0.007524316199123859,7680,540,4147200,true,1380411457,fa1be92a22543d09f08ecf298d3a56065a9ac363e8256896216c1b804d495d6b,960,false
82,attributed,0,8294400,1,0.4329532932854955,0,0,4884d6f9f54612fb41275b8e8d13cddd2192972bfafae0abaa4314560ed442e6,,24000,1001,false,true,005b4fbe5a259b3440cdbacb4d77d7d1174f34b0c160e36ea1d31a6d1e17e58c,,323551232,72680592,396491024,1053405255426291,1053405218956125,1,0.036470166,24000,1748507,0.43426746129989624,false,4884d6f9f54612fb41275b8e8d13cddd2192972bfafae0abaa4314560ed442e6,true,1054758990,false,6535db30047013aff9361867183968d00e14f046061dc1e02eb431fc8c269d36,1006712293,1506,0.001512917,0.036467875,0.036358417000000004,0.015325042,2.2910000000014863e-06,0.0009235835168510675,0.002090583,false,0.00011174899999999433,1053405255316250,1053405239991208,1053405218957458,1053405255425333,1053405221048083,1053405218957500,1053405222561083,1053405221048166,1053405239991125,1053405222561250,0.017429875,0,16588800,0.02942047081887722,-0.00039029555460797893,-0.04015740379691124,0,6535db30047013aff9361867183968d00e14f046061dc1e02eb431fc8c269d36,0.00788638461381197,7680,540,4147200,true,1380411457,06ea96d98e748fecb427a5a546c80096c0a210b1bb2a24b5941adb3d23235849,960,false
83,attributed,0,8294400,1,0.5346288507812772,0,0,4a85e0bcb8f464c66c75cb11c1eec19ea4773c4d0c27fb17ca25c0938dce94de,,24000,1001,false,true,ae848c323367785c4afaf1dce9a980f379438c1285609a99009bbad4ea0dc89b,,323551232,72680592,396491024,1053405314842125,1053405282412208,1,0.032429917,24000,1749508,0.5358805656433105,false,4a85e0bcb8f464c66c75cb11c1eec19ea4773c4d0c27fb17ca25c0938dce94de,true,1057566584,false,95337bec55e8cd043e66cac3aa222461d766c6318d86d69f2b8bc74569569192,1007816552,1507,0.001107584,0.032427958,0.032309708,0.019686541,1.959000000002764e-06,0.0004429582040756941,0.001434708,false,0.00012020900000000306,1053405314723541,1053405295037000,1053405282413083,1053405314841041,1053405283847791,1053405282413083,1053405284955625,1053405283848041,1053405295036916,1053405284956041,0.010080875,0,16588800,0.0404788963496685,-0.0006126059190670107,-0.03368807211518288,0,95337bec55e8cd043e66cac3aa222461d766c6318d86d69f2b8bc74569569192,0.008914805948734283,7680,540,4147200,true,1380411457,28242cb5988632d5050260a6970f3e7064048069bd8f5387bc1875137abe481d,960,false
84,attributed,0,8294400,0,0,0,0,788ae0147bdf979a6575938ca2d7d4403788588f7be2010f03776c968fd1ab49,,24000,1001,true,true,2067ac390b0ae7bb329aa2412208bdd5cd343cce076d9e653723773fae4aeb2f,,323551232,72680592,396491024,1053405382335958,1053405346576041,1,0.035759917,24000,1738497,0,true,788ae0147bdf979a6575938ca2d7d4403788588f7be2010f03776c968fd1ab49,true,0,true,ca954688e08310567d16960ff74c9983fbd4bc77c918b924a37f77d810b0668c,1049003833,1496,0.0013525,0.035758334,0.035658417,0.014692375,1.582999999999446e-06,0.0006228333804756403,0.001560417,true,0.00010150000000000436,1053405382235708,1053405367543333,1053405346576541,1053405382334875,1053405348137125,1053405346576708,1053405349489625,1053405348137125,1053405367543125,1053405349490000,0.018053125,1,16588800,0.11803362518548965,0.009515197023812918,-0.06817129999399185,0,ca954688e08310567d16960ff74c9983fbd4bc77c918b924a37f77d810b0668c,0.26275041699409485,7680,540,4147200,true,1380411457,6d9a3ce0f692bf84dc9d47eb20507c37e0d84b217c29b98e25ac01aa6bd6f044,960,true
85,attributed,0,8294400,1,0.5580001935950686,0,0,ff24d7286b3978166808fccb18ded53d06f8a0687fe03a9af73eba1e698dc25c,,24000,1001,true,true,26e222bb9f5e7471b646ea2c9aaa390c6d8295fff6a32776e1c662fe80b942af,,323551232,72680592,396491024,1053405427647458,1053405409368000,1,0.018279458,24000,1739498,0.558485746383667,false,ff24d7286b3978166808fccb18ded53d06f8a0687fe03a9af73eba1e698dc25c,true,1057945836,false,b5af93cbe1cc5d1d7f6ad42630abe65e9ea2748429906730d52b29109c701e87,996707947,1497,0.001161125,0.018278042,0.018145125,0.005119958,1.4159999999971418e-06,0.00046925013884902,0.001326917,true,0.0001343329999999969,1053405427514541,1053405422394583,1053405409368791,1053405427646833,1053405410695750,1053405409368833,1053405411857041,1053405410695916,1053405422394458,1053405411857333,0.010537125,1,16588800,0.011241086758673191,-0.00039731407795095766,-0.0075321197509765625,0,b5af93cbe1cc5d1d7f6ad42630abe65e9ea2748429906730d52b29109c701e87,0.0035485278349369764,7680,540,4147200,true,1380411457,102b5f57c49c48fbed9e46088a0b0614250272baf5833580684f77d351b8c3f5,960,false
86,attributed,0,8294400,0,0,0,0,788ae0147bdf979a6575938ca2d7d4403788588f7be2010f03776c968fd1ab49,,24000,1001,true,true,e7e2b99a952b73cd3f5f6d84afa8bc6182ca7e151166c9c5dfaa1fbfc557d4b8,,323551232,72680592,396491024,1053405478541583,1053405454532916,1,0.024008667,24000,1740499,0,true,788ae0147bdf979a6575938ca2d7d4403788588f7be2010f03776c968fd1ab49,true,0,true,1dd7f8a26e56dfba878da177773321a53dca3f2b9d00b46118d4425ec3093903,1049357384,1498,0.001262625,0.024007292,0.023894667,0.008401917,1.3750000000013751e-06,0.00047450000420212746,0.001277083,false,0.00011399999999999952,1053405478428750,1053405470026833,1053405454533416,1053405478540708,1053405455810541,1053405454533458,1053405457073416,1053405455810791,1053405470026708,1053405457073666,0.012953042,1,16588800,0.12668024003505707,-0.00822357325689355,-0.23784224689006805,0,1dd7f8a26e56dfba878da177773321a53dca3f2b9d00b46118d4425ec3093903,0.2732870578765869,7680,540,4147200,true,1380411457,8f4bdb38cfa4e1bce44a28d2c66c6f4a025c264b67232dbc275850c2c43a89d3,960,false
87,attributed,0,8294400,1,0.6057567670294466,0,0,e4d7d9ae97135d7dc185243b19490a1f40bcca651cf2b759538db368bedc01b7,,24000,1001,false,true,14bb670c4466232e6ab633a2a6fdefd4c99bace2d8b10f6043f30829c0354b17,,323551232,72680592,396491024,1053405538291875,1053405506264625,1,0.03202725,24000,1741500,0.6067052483558655,false,e4d7d9ae97135d7dc185243b19490a1f40bcca651cf2b759538db368bedc01b7,true,1058754825,false,ee54d44ebac3dca564784630aa7e04eb0e50afdb17521dfa1b05c85b78882a48,994358578,1499,0.001279708,0.032025875,0.031915708,0.009959791,1.3749999999979057e-06,0.0004709167405962944,0.001586542,true,0.0001115419999999992,1053405538181541,1053405528221750,1053405506265333,1053405538291208,1053405507851958,1053405506265416,1053405509131833,1053405507852125,1053405528221750,1053405509132083,0.019089667,1,16588800,0.002702204277738929,2.3930811790998148e-05,-0.008261729963123798,0,ee54d44ebac3dca564784630aa7e04eb0e50afdb17521dfa1b05c85b78882a48,0.0030015227384865284,7680,540,4147200,true,1380411457,10fd5ad653a329e30f48ae164bbe87a4e93c20dfe3dbce53cff6587d39844f00,960,false
88,attributed,0,8294400,1,0.6108848549398807,0,0,ff2eeb16566030b9dd06a8c01bbf967fa94070c40acdbbea6a0d2dc48c7167eb,,24000,1001,false,true,d0803a559d88c0bd6b54e5cfded20c04d64f959e3c5009ee65a67a705aa33ce3,,323551232,72680592,396491024,1053405598453250,1053405565927166,1,0.032526084,24000,1742501,0.6119656562805176,false,ff2eeb16566030b9dd06a8c01bbf967fa94070c40acdbbea6a0d2dc48c7167eb,true,1058843080,false,26438fbe98f93bb7ea392c433b2bfd232c214d8aa921dac0b16df381e5575aa2,993628541,1500,0.00141925,0.032497542,0.032383542,0.014278792,2.8541999999999457e-05,0.0011072498746216297,0.002467625,false,0.0001425419999999955,1053405598339125,1053405584060333,1053405565955041,1053405598452583,1053405568422750,1053405565955125,1053405569842041,1053405568422791,1053405584060125,1053405569842250,0.014217875,1,16588800,0.00523300189524889,3.935026889083583e-06,-0.009355559013783932,0,26438fbe98f93bb7ea392c433b2bfd232c214d8aa921dac0b16df381e5575aa2,0.0028315477538853884,7680,540,4147200,true,1380411457,4207b7b32a8aa32ba41dcab5e8683045481e99471aa7acf58366f698f8113bb4,960,false
89,attributed,0,8294400,1,0.6434173492906502,0,0,7e53933ec6ffad34b19572512b6e4dd79cdf79d53cce1b9679f28641c8345004,,24000,1001,false,true,4945f8e1ed2a6ce70e38e9f25e6ee38a7d2a8b0e0901cab474531c8113227e4e,,323551232,72680592,396491024,1053405657321125,1053405625453083,1,0.031868042,24000,1743502,0.6451500058174133,false,7e53933ec6ffad34b19572512b6e4dd79cdf79d53cce1b9679f28641c8345004,true,1059399821,false,7978f43a3bced6a1c55c28e1bf996272c6bc5d5c543a9ffead43532ef8542ed8,996278982,1501,0.001124458,0.031866875,0.031754749,0.014879208,1.1669999999963654e-06,0.0004681251011788845,0.001463333,false,0.00011329300000000042,1053405657209208,1053405642330000,1053405625453666,1053405657320541,1053405626917083,1053405625453750,1053405628041916,1053405626917458,1053405642330000,1053405628042250,0.01428775,1,16588800,0.0060884952545166016,-0.00011930742275908047,-0.011883347295224667,0,7978f43a3bced6a1c55c28e1bf996272c6bc5d5c543a9ffead43532ef8542ed8,0.0034486516378819942,7680,540,4147200,true,1380411457,a722bcf70aadfcef2092359dd3f4568b7b2413c35fefe742a5134c4657ef6fe7,960,false
90,attributed,0,8294400,1,0.5464105376980998,0,0,a1dc46082a3247c370a0bea80eac8a6a710ea1d6c4447263d927751d18344a45,,24000,1001,false,true,ad7ed19b2a9ce48b75220fac53032ab41cea9d4eddfe62f09bb1c86e063d6e46,,323551232,72680592,396491024,1053405713158416,1053405684243125,1,0.028915291,24000,1744503,0.54786217212677,false,a1dc46082a3247c370a0bea80eac8a6a710ea1d6c4447263d927751d18344a45,true,1057767602,false,e33097e78f0358cea2f0b6c880c8d7430606842815c4dde063dad6f92247d23d,998857116,1502,0.001325875,0.028913583,0.028786582999999998,0.014758542,1.707999999999571e-06,0.0008017499931156635,0.001621541,false,0.00012870800000000168,1053405713031000,1053405698272458,1053405684243625,1053405713157208,1053405685865166,1053405684243625,1053405687191375,1053405685865500,1053405698272458,1053405687191833,0.011080625,1,16588800,0.011320527642965317,-0.00025843947588864924,-0.015538307838141918,0,e33097e78f0358cea2f0b6c880c8d7430606842815c4dde063dad6f92247d23d,0.0041915904730558395,7680,540,4147200,true,1380411457,2fed5cd44d323c37a7301ae565be5fe5a4a59a791c9e9994d864dd8abe6ca8a8,960,false
91,attributed,0,8294400,1,0.5558029466185292,0,0,258955f94ba510e2de8a6b14dfe07f10e1b6ab8e7d73c54fe6bc36c37eaa3d6d,,24000,1001,false,true,d0e5c2803d70ef53f24fac74b8d5709c4d6caeb53dcb90684c7e1275fa774a9b,,323551232,72680592,396491024,1053405771894583,1053405740468583,1,0.031426,24000,1745504,0.5576794147491455,false,258955f94ba510e2de8a6b14dfe07f10e1b6ab8e7d73c54fe6bc36c37eaa3d6d,true,1057932308,false,78c5f5048602e5bfe730d96301fea06c51773051ba1cc57f91269c205da7c095,1003234174,1503,0.001080583,0.031423917,0.031331249000000005,0.016203833,2.082999999999946e-06,0.00046358327381312847,0.001436166,false,9.475099999999709e-05,1053405771801541,1053405755597708,1053405740469708,1053405771893625,1053405741905916,1053405740469750,1053405742986541,1053405741905958,1053405755597583,1053405742986916,0.012610667,1,16588800,0.018684513866901398,-0.0007737493323636908,-0.020751897245645523,0,78c5f5048602e5bfe730d96301fea06c51773051ba1cc57f91269c205da7c095,0.006229816935956478,7680,540,4147200,true,1380411457,decb1265301fcb2291a21c58090f57427bb8670a65a667a62d0439f2e6b413a7,960,false
92,attributed,0,8294400,1,0.4967001883586973,0,0,19e13139913e3ab371c6400a1c7c2c109d1d6fdfbe6cb24aaa64906f6d77c38d,,24000,1001,false,true,d841adda17732722059f6de44301e74fecb55acc82790a6183686bebf268ffa9,,323551232,72680592,396491024,1053405838249750,1053405801783583,1,0.036466167,24000,1746505,0.4978949725627899,false,19e13139913e3ab371c6400a1c7c2c109d1d6fdfbe6cb24aaa64906f6d77c38d,true,1056893975,false,24a3e209d060296693c3cbd16489d2a7e2d46cced3ec107c250b5b226a6785b8,1006775909,1504,0.001441083,0.036463041,0.036322624,0.017663375,3.1259999999991295e-06,0.000740458257496357,0.0017175,false,0.00014354300000000292,1053405838108250,1053405820444875,1053405801785000,1053405838248041,1053405803502541,1053405801785041,1053405804943666,1053405803502583,1053405820444666,1053405804944000,0.015500666,1,16588800,0.02484792098402977,-0.000152401579508241,-0.027530359104275703,0,24a3e209d060296693c3cbd16489d2a7e2d46cced3ec107c250b5b226a6785b8,0.007945631630718708,7680,540,4147200,true,1380411457,fda1c384e0df09c8855dfd5d98962c21a56478c291f25f6e2d28bc534b1c1125,960,false
93,attributed,0,8294400,1,0.5260632195270778,0,0,def4be0fb3fad44d0bba17f4ec87b34a29779692689a1e34b7c1d14c9890783d,,24000,1001,false,true,5e9f8c578fbdaa9a79951a9a0b0db54ad2a6dc573f3248623711260204a2f518,,323551232,72680592,396491024,1053405894086291,1053405866393708,1,0.027692583,24000,1747506,0.527655303478241,false,def4be0fb3fad44d0bba17f4ec87b34a29779692689a1e34b7c1d14c9890783d,true,1057428587,false,d25a99836273ea0743af4085c581ad6a8686930de7930c31b2dc4751ddf3138e,1006014090,1505,0.001165166,0.027689042,0.027519750000000003,0.013782792,3.540999999999267e-06,0.00048437505029141903,0.001993208,false,0.00017283299999999724,1053405893915708,1053405880132916,1053405866395458,1053405894084500,1053405868388708,1053405866395500,1053405869553916,1053405868388750,1053405880132750,1053405869554166,0.010578584,1,16588800,0.02820619009435177,-0.0005357904402438571,-0.03139456361532211,0,d25a99836273ea0743af4085c581ad6a8686930de7930c31b2dc4751ddf3138e,0.007524316199123859,7680,540,4147200,true,1380411457,fa1be92a22543d09f08ecf298d3a56065a9ac363e8256896216c1b804d495d6b,960,false
94,attributed,0,8294400,1,0.4329532932854955,0,0,4884d6f9f54612fb41275b8e8d13cddd2192972bfafae0abaa4314560ed442e6,,24000,1001,false,true,005b4fbe5a259b3440cdbacb4d77d7d1174f34b0c160e36ea1d31a6d1e17e58c,,323551232,72680592,396491024,1053405963428875,1053405926049500,1,0.037379375,24000,1748507,0.43426746129989624,false,4884d6f9f54612fb41275b8e8d13cddd2192972bfafae0abaa4314560ed442e6,true,1054758990,false,6535db30047013aff9361867183968d00e14f046061dc1e02eb431fc8c269d36,1006712293,1506,0.00142125,0.037375292,0.0372575,0.018746334,4.083000000001946e-06,0.0005478749517351389,0.002018916,false,0.00012187500000000046,1053405963310250,1053405944563916,1053405926051791,1053405963427083,1053405928070791,1053405926051875,1053405929492208,1053405928070958,1053405944563500,1053405929492500,0.015071,1,16588800,0.02942047081887722,-0.00039029555460797893,-0.04015740379691124,0,6535db30047013aff9361867183968d00e14f046061dc1e02eb431fc8c269d36,0.00788638461381197,7680,540,4147200,true,1380411457,06ea96d98e748fecb427a5a546c80096c0a210b1bb2a24b5941adb3d23235849,960,false
95,attributed,0,8294400,1,0.5346288507812772,0,0,4a85e0bcb8f464c66c75cb11c1eec19ea4773c4d0c27fb17ca25c0938dce94de,,24000,1001,false,true,ae848c323367785c4afaf1dce9a980f379438c1285609a99009bbad4ea0dc89b,,323551232,72680592,396491024,1053406023535833,1053405992484291,1,0.031051542,24000,1749508,0.5358805656433105,false,4a85e0bcb8f464c66c75cb11c1eec19ea4773c4d0c27fb17ca25c0938dce94de,true,1057566584,false,95337bec55e8cd043e66cac3aa222461d766c6318d86d69f2b8bc74569569192,1007816552,1507,0.001215208,0.031047375,0.030871208,0.00932175,4.167000000002835e-06,0.001061791554093361,0.002307375,false,0.00018033400000000074,1053406023358791,1053406014037041,1053405992486583,1053406023533958,1053405994794166,1053405992486791,1053405996009458,1053405994794250,1053406014036666,1053405996009791,0.018026875,1,16588800,0.0404788963496685,-0.0006126059190670107,-0.03368807211518288,0,95337bec55e8cd043e66cac3aa222461d766c6318d86d69f2b8bc74569569192,0.008914805948734283,7680,540,4147200,true,1380411457,28242cb5988632d5050260a6970f3e7064048069bd8f5387bc1875137abe481d,960,false
96,attributed,0,8294400,0,0,0,0,788ae0147bdf979a6575938ca2d7d4403788588f7be2010f03776c968fd1ab49,,24000,1001,true,true,2067ac390b0ae7bb329aa2412208bdd5cd343cce076d9e653723773fae4aeb2f,,323551232,72680592,396491024,1053406091478666,1053406058291208,1,0.033187458,24000,1738497,0,true,788ae0147bdf979a6575938ca2d7d4403788588f7be2010f03776c968fd1ab49,true,0,true,ca954688e08310567d16960ff74c9983fbd4bc77c918b924a37f77d810b0668c,1049003833,1496,0.00227125,0.033182292,0.032941959,0.01311975,5.166000000000892e-06,0.0009614583104848862,0.002020417,true,0.0002454990000000032,1053406091237041,1053406078117291,1053406058293833,1053406091476125,1053406060314375,1053406058293958,1053406062585958,1053406060314708,1053406078117083,1053406062586541,0.015530542,2,16588800,0.11803362518548965,0.009515197023812918,-0.06817129999399185,0,ca954688e08310567d16960ff74c9983fbd4bc77c918b924a37f77d810b0668c,0.26275041699409485,7680,540,4147200,true,1380411457,6d9a3ce0f692bf84dc9d47eb20507c37e0d84b217c29b98e25ac01aa6bd6f044,960,true
97,attributed,0,8294400,1,0.5580001935950686,0,0,ff24d7286b3978166808fccb18ded53d06f8a0687fe03a9af73eba1e698dc25c,,24000,1001,true,true,26e222bb9f5e7471b646ea2c9aaa390c6d8295fff6a32776e1c662fe80b942af,,323551232,72680592,396491024,1053406163862916,1053406120743916,1,0.043119,24000,1739498,0.558485746383667,false,ff24d7286b3978166808fccb18ded53d06f8a0687fe03a9af73eba1e698dc25c,true,1057945836,false,b5af93cbe1cc5d1d7f6ad42630abe65e9ea2748429906730d52b29109c701e87,996707947,1497,0.002289792,0.043114917,0.042933209,0.020581542,4.082999999995007e-06,0.000756541732698679,0.001771625,true,0.00018579099999999765,1053406163680000,1053406143098458,1053406120745541,1053406163860458,1053406122517166,1053406120745541,1053406124807250,1053406122517458,1053406143098166,1053406124807916,0.01829025,2,16588800,0.011241086758673191,-0.00039731407795095766,-0.0075321197509765625,0,b5af93cbe1cc5d1d7f6ad42630abe65e9ea2748429906730d52b29109c701e87,0.0035485278349369764,7680,540,4147200,true,1380411457,102b5f57c49c48fbed9e46088a0b0614250272baf5833580684f77d351b8c3f5,960,false
98,attributed,0,8294400,0,0,0,0,788ae0147bdf979a6575938ca2d7d4403788588f7be2010f03776c968fd1ab49,,24000,1001,true,true,e7e2b99a952b73cd3f5f6d84afa8bc6182ca7e151166c9c5dfaa1fbfc557d4b8,,323551232,72680592,396491024,1053406232138291,1053406195811416,1,0.036326875,24000,1740499,0,true,788ae0147bdf979a6575938ca2d7d4403788588f7be2010f03776c968fd1ab49,true,0,true,1dd7f8a26e56dfba878da177773321a53dca3f2b9d00b46118d4425ec3093903,1049357384,1498,0.001964,0.036322083,0.036194708,0.011732916,4.79200000000346e-06,0.0007317499257624149,0.001962709,false,0.00013216700000000248,1053406232009666,1053406220276750,1053406195814000,1053406232136083,1053406197776750,1053406195814041,1053406199740791,1053406197776791,1053406220276458,1053406199741375,0.020535083,2,16588800,0.12668024003505707,-0.00822357325689355,-0.23784224689006805,0,1dd7f8a26e56dfba878da177773321a53dca3f2b9d00b46118d4425ec3093903,0.2732870578765869,7680,540,4147200,true,1380411457,8f4bdb38cfa4e1bce44a28d2c66c6f4a025c264b67232dbc275850c2c43a89d3,960,false
99,attributed,0,8294400,1,0.6057567670294466,0,0,e4d7d9ae97135d7dc185243b19490a1f40bcca651cf2b759538db368bedc01b7,,24000,1001,false,true,14bb670c4466232e6ab633a2a6fdefd4c99bace2d8b10f6043f30829c0354b17,,323551232,72680592,396491024,1053406292546958,1053406260376041,1,0.032170917,24000,1741500,0.6067052483558655,false,e4d7d9ae97135d7dc185243b19490a1f40bcca651cf2b759538db368bedc01b7,true,1058754825,false,ee54d44ebac3dca564784630aa7e04eb0e50afdb17521dfa1b05c85b78882a48,994358578,1499,0.001677125,0.032165958,0.031862126,0.012512917,4.9589999999988255e-06,0.000609374837949872,0.001692584,true,0.0003087910000000027,1053406292240375,1053406279727458,1053406260377625,1053406292543583,1053406262070250,1053406260377666,1053406263747375,1053406262070250,1053406279727083,1053406263747583,0.0159795,2,16588800,0.002702204277738929,2.3930811790998148e-05,-0.008261729963123798,0,ee54d44ebac3dca564784630aa7e04eb0e50afdb17521dfa1b05c85b78882a48,0.0030015227384865284,7680,540,4147200,true,1380411457,10fd5ad653a329e30f48ae164bbe87a4e93c20dfe3dbce53cff6587d39844f00,960,false
100,attributed,0,8294400,1,0.6108848549398807,0,0,ff2eeb16566030b9dd06a8c01bbf967fa94070c40acdbbea6a0d2dc48c7167eb,,24000,1001,false,true,d0803a559d88c0bd6b54e5cfded20c04d64f959e3c5009ee65a67a705aa33ce3,,323551232,72680592,396491024,1053406368357958,1053406324963875,1,0.043394083,24000,1742501,0.6119656562805176,false,ff2eeb16566030b9dd06a8c01bbf967fa94070c40acdbbea6a0d2dc48c7167eb,true,1058843080,false,26438fbe98f93bb7ea392c433b2bfd232c214d8aa921dac0b16df381e5575aa2,993628541,1500,0.0019165,0.043388208,0.043074042,0.020203667,5.875000000002406e-06,0.0005376667249947786,0.00196775,false,0.0003200410000000001,1053406368042333,1053406347838666,1053406324966375,1053406368354583,1053406326934333,1053406324966583,1053406328851125,1053406326934625,1053406347838416,1053406328852291,0.018986125,2,16588800,0.00523300189524889,3.935026889083583e-06,-0.009355559013783932,0,26438fbe98f93bb7ea392c433b2bfd232c214d8aa921dac0b16df381e5575aa2,0.0028315477538853884,7680,540,4147200,true,1380411457,4207b7b32a8aa32ba41dcab5e8683045481e99471aa7acf58366f698f8113bb4,960,false
101,attributed,0,8294400,1,0.6434173492906502,0,0,7e53933ec6ffad34b19572512b6e4dd79cdf79d53cce1b9679f28641c8345004,,24000,1001,false,true,4945f8e1ed2a6ce70e38e9f25e6ee38a7d2a8b0e0901cab474531c8113227e4e,,323551232,72680592,396491024,1053406431980583,1053406400647416,1,0.031333167,24000,1743502,0.6451500058174133,false,7e53933ec6ffad34b19572512b6e4dd79cdf79d53cce1b9679f28641c8345004,true,1059399821,false,7978f43a3bced6a1c55c28e1bf996272c6bc5d5c543a9ffead43532ef8542ed8,996278982,1501,0.001804208,0.031328833,0.030992874,0.009237708,4.33400000000167e-06,0.0007798750884830952,0.001935416,false,0.00034029300000000193,1053406431645416,1053406422407708,1053406400649250,1053406431978083,1053406402584666,1053406400649250,1053406404391791,1053406402587583,1053406422407500,1053406404391958,0.018015542,2,16588800,0.0060884952545166016,-0.00011930742275908047,-0.011883347295224667,0,7978f43a3bced6a1c55c28e1bf996272c6bc5d5c543a9ffead43532ef8542ed8,0.0034486516378819942,7680,540,4147200,true,1380411457,a722bcf70aadfcef2092359dd3f4568b7b2413c35fefe742a5134c4657ef6fe7,960,false
102,attributed,0,8294400,1,0.5464105376980998,0,0,a1dc46082a3247c370a0bea80eac8a6a710ea1d6c4447263d927751d18344a45,,24000,1001,false,true,ad7ed19b2a9ce48b75220fac53032ab41cea9d4eddfe62f09bb1c86e063d6e46,,323551232,72680592,396491024,1053406491805916,1053406461922583,1,0.029883333,24000,1744503,0.54786217212677,false,a1dc46082a3247c370a0bea80eac8a6a710ea1d6c4447263d927751d18344a45,true,1057767602,false,e33097e78f0358cea2f0b6c880c8d7430606842815c4dde063dad6f92247d23d,998857116,1502,0.00129925,0.029879458,0.029739250000000002,0.013947292,3.875000000000406e-06,0.0004995001945644617,0.001631792,false,0.0001440829999999997,1053406491665083,1053406477717791,1053406461924833,1053406491804291,1053406463556625,1053406461924833,1053406464856083,1053406463556833,1053406477717541,1053406464856625,0.012860916,2,16588800,0.011320527642965317,-0.00025843947588864924,-0.015538307838141918,0,e33097e78f0358cea2f0b6c880c8d7430606842815c4dde063dad6f92247d23d,0.0041915904730558395,7680,540,4147200,true,1380411457,2fed5cd44d323c37a7301ae565be5fe5a4a59a791c9e9994d864dd8abe6ca8a8,960,false
103,attributed,0,8294400,1,0.5558029466185292,0,0,258955f94ba510e2de8a6b14dfe07f10e1b6ab8e7d73c54fe6bc36c37eaa3d6d,,24000,1001,false,true,d0e5c2803d70ef53f24fac74b8d5709c4d6caeb53dcb90684c7e1275fa774a9b,,323551232,72680592,396491024,1053406545401500,1053406520033041,1,0.025368459,24000,1745504,0.5576794147491455,false,258955f94ba510e2de8a6b14dfe07f10e1b6ab8e7d73c54fe6bc36c37eaa3d6d,true,1057932308,false,78c5f5048602e5bfe730d96301fea06c51773051ba1cc57f91269c205da7c095,1003234174,1503,0.001184208,0.025364708,0.025245625,0.010052125,3.7509999999997545e-06,0.0004740001168102026,0.001383125,false,0.00012283399999999875,1053406545280750,1053406535228625,1053406520034583,1053406545399291,1053406521417708,1053406520034583,1053406522601958,1053406521417750,1053406535228375,1053406522602208,0.012626167,2,16588800,0.018684513866901398,-0.0007737493323636908,-0.020751897245645523,0,78c5f5048602e5bfe730d96301fea06c51773051ba1cc57f91269c205da7c095,0.006229816935956478,7680,540,4147200,true,1380411457,decb1265301fcb2291a21c58090f57427bb8670a65a667a62d0439f2e6b413a7,960,false
104,attributed,0,8294400,1,0.4967001883586973,0,0,19e13139913e3ab371c6400a1c7c2c109d1d6fdfbe6cb24aaa64906f6d77c38d,,24000,1001,false,true,d841adda17732722059f6de44301e74fecb55acc82790a6183686bebf268ffa9,,323551232,72680592,396491024,1053406606847750,1053406573646041,1,0.033201709,24000,1746505,0.4978949725627899,false,19e13139913e3ab371c6400a1c7c2c109d1d6fdfbe6cb24aaa64906f6d77c38d,true,1056893975,false,24a3e209d060296693c3cbd16489d2a7e2d46cced3ec107c250b5b226a6785b8,1006775909,1504,0.001201792,0.033197917,0.033075917999999996,0.017131125,3.79200000000246e-06,0.0005276249721646309,0.001556792,false,0.00012579100000000704,1053406606724583,1053406589593458,1053406573647958,1053406606845875,1053406575204750,1053406573647958,1053406576406625,1053406575204833,1053406589593125,1053406576406916,0.013186209,2,16588800,0.02484792098402977,-0.000152401579508241,-0.027530359104275703,0,24a3e209d060296693c3cbd16489d2a7e2d46cced3ec107c250b5b226a6785b8,0.007945631630718708,7680,540,4147200,true,1380411457,fda1c384e0df09c8855dfd5d98962c21a56478c291f25f6e2d28bc534b1c1125,960,false
105,attributed,0,8294400,1,0.5260632195270778,0,0,def4be0fb3fad44d0bba17f4ec87b34a29779692689a1e34b7c1d14c9890783d,,24000,1001,false,true,5e9f8c578fbdaa9a79951a9a0b0db54ad2a6dc573f3248623711260204a2f518,,323551232,72680592,396491024,1053406670816458,1053406635840791,1,0.034975667,24000,1747506,0.527655303478241,false,def4be0fb3fad44d0bba17f4ec87b34a29779692689a1e34b7c1d14c9890783d,true,1057428587,false,d25a99836273ea0743af4085c581ad6a8686930de7930c31b2dc4751ddf3138e,1006014090,1505,0.001322416,0.034972125,0.034779666,0.0188595,3.54200000000221e-06,0.0004626666195690632,0.001514542,false,0.0001960010000000012,1053406670622416,1053406651762916,1053406635842291,1053406670814416,1053406637356833,1053406635842291,1053406638679291,1053406637356875,1053406651762666,1053406638679458,0.013083208,2,16588800,0.02820619009435177,-0.0005357904402438571,-0.03139456361532211,0,d25a99836273ea0743af4085c581ad6a8686930de7930c31b2dc4751ddf3138e,0.007524316199123859,7680,540,4147200,true,1380411457,fa1be92a22543d09f08ecf298d3a56065a9ac363e8256896216c1b804d495d6b,960,false
106,attributed,0,8294400,1,0.4329532932854955,0,0,4884d6f9f54612fb41275b8e8d13cddd2192972bfafae0abaa4314560ed442e6,,24000,1001,false,true,005b4fbe5a259b3440cdbacb4d77d7d1174f34b0c160e36ea1d31a6d1e17e58c,,323551232,72680592,396491024,1053406732337000,1053406697967708,1,0.034369292,24000,1748507,0.43426746129989624,false,4884d6f9f54612fb41275b8e8d13cddd2192972bfafae0abaa4314560ed442e6,true,1054758990,false,6535db30047013aff9361867183968d00e14f046061dc1e02eb431fc8c269d36,1006712293,1506,0.001650666,0.034367084,0.034245999,0.016578458,2.2080000000035405e-06,0.0008485834114253521,0.001884083,false,0.00012329300000000348,1053406732215333,1053406715636875,1053406697968541,1053406732335625,1053406699852666,1053406697968583,1053406701503416,1053406699852750,1053406715636583,1053406701503791,0.014132792,2,16588800,0.02942047081887722,-0.00039029555460797893,-0.04015740379691124,0,6535db30047013aff9361867183968d00e14f046061dc1e02eb431fc8c269d36,0.00788638461381197,7680,540,4147200,true,1380411457,06ea96d98e748fecb427a5a546c80096c0a210b1bb2a24b5941adb3d23235849,960,false
107,attributed,0,8294400,1,0.5346288507812772,0,0,4a85e0bcb8f464c66c75cb11c1eec19ea4773c4d0c27fb17ca25c0938dce94de,,24000,1001,false,true,ae848c323367785c4afaf1dce9a980f379438c1285609a99009bbad4ea0dc89b,,323551232,72680592,396491024,1053406783366958,1053406759926750,1,0.023440208,24000,1749508,0.5358805656433105,false,4a85e0bcb8f464c66c75cb11c1eec19ea4773c4d0c27fb17ca25c0938dce94de,true,1057566584,false,95337bec55e8cd043e66cac3aa222461d766c6318d86d69f2b8bc74569569192,1007816552,1507,0.001090292,0.023437667,0.023337958000000002,0.005194542,2.5410000000017363e-06,0.0004950833972543478,0.001468333,false,0.00010224999999999818,1053406783266750,1053406778072208,1053406759928333,1053406783366000,1053406761396666,1053406759928333,1053406762486958,1053406761396666,1053406778072166,1053406762487375,0.015584791,2,16588800,0.0404788963496685,-0.0006126059190670107,-0.03368807211518288,0,95337bec55e8cd043e66cac3aa222461d766c6318d86d69f2b8bc74569569192,0.008914805948734283,7680,540,4147200,true,1380411457,28242cb5988632d5050260a6970f3e7064048069bd8f5387bc1875137abe481d,960,false
108,production,1,8294400,0,0,0,0,788ae0147bdf979a6575938ca2d7d4403788588f7be2010f03776c968fd1ab49,,24000,1001,true,true,2067ac390b0ae7bb329aa2412208bdd5cd343cce076d9e653723773fae4aeb2f,true,323551232,72680592,396491024,1053406848962208,1053406816150541,1,0.032811667,24000,1738497,0,true,788ae0147bdf979a6575938ca2d7d4403788588f7be2010f03776c968fd1ab49,true,0,true,ca954688e08310567d16960ff74c9983fbd4bc77c918b924a37f77d810b0668c,1049003833,1496,,,,,,,,,,,,,,,,,,,,,0,16588800,0.11803362518548965,0.009515197023812918,-0.06817129999399185,0,ca954688e08310567d16960ff74c9983fbd4bc77c918b924a37f77d810b0668c,0.26275041699409485,,,,,,,,true
109,production,1,8294400,1,0.5580001935950686,0,0,ff24d7286b3978166808fccb18ded53d06f8a0687fe03a9af73eba1e698dc25c,,24000,1001,true,true,26e222bb9f5e7471b646ea2c9aaa390c6d8295fff6a32776e1c662fe80b942af,true,323551232,72680592,396491024,1053406906468958,1053406874125416,1,0.032343542,24000,1739498,0.558485746383667,false,ff24d7286b3978166808fccb18ded53d06f8a0687fe03a9af73eba1e698dc25c,true,1057945836,false,b5af93cbe1cc5d1d7f6ad42630abe65e9ea2748429906730d52b29109c701e87,996707947,1497,,,,,,,,,,,,,,,,,,,,,0,16588800,0.011241086758673191,-0.00039731407795095766,-0.0075321197509765625,0,b5af93cbe1cc5d1d7f6ad42630abe65e9ea2748429906730d52b29109c701e87,0.0035485278349369764,,,,,,,,false
110,production,1,8294400,0,0,0,0,788ae0147bdf979a6575938ca2d7d4403788588f7be2010f03776c968fd1ab49,true,24000,1001,true,true,e7e2b99a952b73cd3f5f6d84afa8bc6182ca7e151166c9c5dfaa1fbfc557d4b8,true,323551232,72680592,396491024,1053406957012125,1053406931380666,1,0.025631459,24000,1740499,0,true,788ae0147bdf979a6575938ca2d7d4403788588f7be2010f03776c968fd1ab49,true,0,true,1dd7f8a26e56dfba878da177773321a53dca3f2b9d00b46118d4425ec3093903,1049357384,1498,,,,,,,,,,,,,,,,,,,,,0,16588800,0.12668024003505707,-0.00822357325689355,-0.23784224689006805,0,1dd7f8a26e56dfba878da177773321a53dca3f2b9d00b46118d4425ec3093903,0.2732870578765869,,,,,,,,false
111,production,1,8294400,1,0.6057567670294466,0,0,e4d7d9ae97135d7dc185243b19490a1f40bcca651cf2b759538db368bedc01b7,true,24000,1001,false,true,14bb670c4466232e6ab633a2a6fdefd4c99bace2d8b10f6043f30829c0354b17,true,323551232,72680592,396491024,1053407019691500,1053406986085916,1,0.033605584,24000,1741500,0.6067052483558655,false,e4d7d9ae97135d7dc185243b19490a1f40bcca651cf2b759538db368bedc01b7,true,1058754825,false,ee54d44ebac3dca564784630aa7e04eb0e50afdb17521dfa1b05c85b78882a48,994358578,1499,,,,,,,,,,,,,,,,,,,,,0,16588800,0.002702204277738929,2.3930811790998148e-05,-0.008261729963123798,0,ee54d44ebac3dca564784630aa7e04eb0e50afdb17521dfa1b05c85b78882a48,0.0030015227384865284,,,,,,,,false
112,production,1,8294400,1,0.6108848549398807,0,0,ff2eeb16566030b9dd06a8c01bbf967fa94070c40acdbbea6a0d2dc48c7167eb,,24000,1001,false,true,d0803a559d88c0bd6b54e5cfded20c04d64f959e3c5009ee65a67a705aa33ce3,true,323551232,72680592,396491024,1053407086105458,1053407048582166,1,0.037523292,24000,1742501,0.6119656562805176,false,ff2eeb16566030b9dd06a8c01bbf967fa94070c40acdbbea6a0d2dc48c7167eb,true,1058843080,false,26438fbe98f93bb7ea392c433b2bfd232c214d8aa921dac0b16df381e5575aa2,993628541,1500,,,,,,,,,,,,,,,,,,,,,0,16588800,0.00523300189524889,3.935026889083583e-06,-0.009355559013783932,0,26438fbe98f93bb7ea392c433b2bfd232c214d8aa921dac0b16df381e5575aa2,0.0028315477538853884,,,,,,,,false
113,production,1,8294400,1,0.6434173492906502,0,0,7e53933ec6ffad34b19572512b6e4dd79cdf79d53cce1b9679f28641c8345004,,24000,1001,false,true,4945f8e1ed2a6ce70e38e9f25e6ee38a7d2a8b0e0901cab474531c8113227e4e,true,323551232,72680592,396491024,1053407141455833,1053407111322250,1,0.030133583,24000,1743502,0.6451500058174133,false,7e53933ec6ffad34b19572512b6e4dd79cdf79d53cce1b9679f28641c8345004,true,1059399821,false,7978f43a3bced6a1c55c28e1bf996272c6bc5d5c543a9ffead43532ef8542ed8,996278982,1501,,,,,,,,,,,,,,,,,,,,,0,16588800,0.0060884952545166016,-0.00011930742275908047,-0.011883347295224667,0,7978f43a3bced6a1c55c28e1bf996272c6bc5d5c543a9ffead43532ef8542ed8,0.0034486516378819942,,,,,,,,false
114,production,1,8294400,1,0.5464105376980998,0,0,a1dc46082a3247c370a0bea80eac8a6a710ea1d6c4447263d927751d18344a45,,24000,1001,false,true,ad7ed19b2a9ce48b75220fac53032ab41cea9d4eddfe62f09bb1c86e063d6e46,true,323551232,72680592,396491024,1053407190782166,1053407166420875,1,0.024361291,24000,1744503,0.54786217212677,false,a1dc46082a3247c370a0bea80eac8a6a710ea1d6c4447263d927751d18344a45,true,1057767602,false,e33097e78f0358cea2f0b6c880c8d7430606842815c4dde063dad6f92247d23d,998857116,1502,,,,,,,,,,,,,,,,,,,,,0,16588800,0.011320527642965317,-0.00025843947588864924,-0.015538307838141918,0,e33097e78f0358cea2f0b6c880c8d7430606842815c4dde063dad6f92247d23d,0.0041915904730558395,,,,,,,,false
115,production,1,8294400,1,0.5558029466185292,0,0,258955f94ba510e2de8a6b14dfe07f10e1b6ab8e7d73c54fe6bc36c37eaa3d6d,,24000,1001,false,true,d0e5c2803d70ef53f24fac74b8d5709c4d6caeb53dcb90684c7e1275fa774a9b,true,323551232,72680592,396491024,1053407248204750,1053407215960791,1,0.032243959,24000,1745504,0.5576794147491455,false,258955f94ba510e2de8a6b14dfe07f10e1b6ab8e7d73c54fe6bc36c37eaa3d6d,true,1057932308,false,78c5f5048602e5bfe730d96301fea06c51773051ba1cc57f91269c205da7c095,1003234174,1503,,,,,,,,,,,,,,,,,,,,,0,16588800,0.018684513866901398,-0.0007737493323636908,-0.020751897245645523,0,78c5f5048602e5bfe730d96301fea06c51773051ba1cc57f91269c205da7c095,0.006229816935956478,,,,,,,,false
116,production,1,8294400,1,0.4967001883586973,0,0,19e13139913e3ab371c6400a1c7c2c109d1d6fdfbe6cb24aaa64906f6d77c38d,,24000,1001,false,true,d841adda17732722059f6de44301e74fecb55acc82790a6183686bebf268ffa9,true,323551232,72680592,396491024,1053407300469250,1053407273393208,1,0.027076042,24000,1746505,0.4978949725627899,false,19e13139913e3ab371c6400a1c7c2c109d1d6fdfbe6cb24aaa64906f6d77c38d,true,1056893975,false,24a3e209d060296693c3cbd16489d2a7e2d46cced3ec107c250b5b226a6785b8,1006775909,1504,,,,,,,,,,,,,,,,,,,,,0,16588800,0.02484792098402977,-0.000152401579508241,-0.027530359104275703,0,24a3e209d060296693c3cbd16489d2a7e2d46cced3ec107c250b5b226a6785b8,0.007945631630718708,,,,,,,,false
117,production,1,8294400,1,0.5260632195270778,0,0,def4be0fb3fad44d0bba17f4ec87b34a29779692689a1e34b7c1d14c9890783d,,24000,1001,false,true,5e9f8c578fbdaa9a79951a9a0b0db54ad2a6dc573f3248623711260204a2f518,true,323551232,72680592,396491024,1053407351555458,1053407325859125,1,0.025696333,24000,1747506,0.527655303478241,false,def4be0fb3fad44d0bba17f4ec87b34a29779692689a1e34b7c1d14c9890783d,true,1057428587,false,d25a99836273ea0743af4085c581ad6a8686930de7930c31b2dc4751ddf3138e,1006014090,1505,,,,,,,,,,,,,,,,,,,,,0,16588800,0.02820619009435177,-0.0005357904402438571,-0.03139456361532211,0,d25a99836273ea0743af4085c581ad6a8686930de7930c31b2dc4751ddf3138e,0.007524316199123859,,,,,,,,false
118,production,1,8294400,1,0.4329532932854955,0,0,4884d6f9f54612fb41275b8e8d13cddd2192972bfafae0abaa4314560ed442e6,,24000,1001,false,true,005b4fbe5a259b3440cdbacb4d77d7d1174f34b0c160e36ea1d31a6d1e17e58c,true,323551232,72680592,396491024,1053407406367416,1053407376713916,1,0.0296535,24000,1748507,0.43426746129989624,false,4884d6f9f54612fb41275b8e8d13cddd2192972bfafae0abaa4314560ed442e6,true,1054758990,false,6535db30047013aff9361867183968d00e14f046061dc1e02eb431fc8c269d36,1006712293,1506,,,,,,,,,,,,,,,,,,,,,0,16588800,0.02942047081887722,-0.00039029555460797893,-0.04015740379691124,0,6535db30047013aff9361867183968d00e14f046061dc1e02eb431fc8c269d36,0.00788638461381197,,,,,,,,false
119,production,1,8294400,1,0.5346288507812772,0,0,4a85e0bcb8f464c66c75cb11c1eec19ea4773c4d0c27fb17ca25c0938dce94de,,24000,1001,false,true,ae848c323367785c4afaf1dce9a980f379438c1285609a99009bbad4ea0dc89b,true,323551232,72680592,396491024,1053407457369458,1053407431389833,1,0.025979625,24000,1749508,0.5358805656433105,false,4a85e0bcb8f464c66c75cb11c1eec19ea4773c4d0c27fb17ca25c0938dce94de,true,1057566584,false,95337bec55e8cd043e66cac3aa222461d766c6318d86d69f2b8bc74569569192,1007816552,1507,,,,,,,,,,,,,,,,,,,,,0,16588800,0.0404788963496685,-0.0006126059190670107,-0.03368807211518288,0,95337bec55e8cd043e66cac3aa222461d766c6318d86d69f2b8bc74569569192,0.008914805948734283,,,,,,,,false
120,production,1,8294400,0,0,0,0,788ae0147bdf979a6575938ca2d7d4403788588f7be2010f03776c968fd1ab49,,24000,1001,true,true,2067ac390b0ae7bb329aa2412208bdd5cd343cce076d9e653723773fae4aeb2f,true,323551232,72680592,396491024,1053407518304166,1053407488645833,1,0.029658333,24000,1738497,0,true,788ae0147bdf979a6575938ca2d7d4403788588f7be2010f03776c968fd1ab49,true,0,true,ca954688e08310567d16960ff74c9983fbd4bc77c918b924a37f77d810b0668c,1049003833,1496,,,,,,,,,,,,,,,,,,,,,1,16588800,0.11803362518548965,0.009515197023812918,-0.06817129999399185,0,ca954688e08310567d16960ff74c9983fbd4bc77c918b924a37f77d810b0668c,0.26275041699409485,,,,,,,,true
121,production,1,8294400,1,0.5580001935950686,0,0,ff24d7286b3978166808fccb18ded53d06f8a0687fe03a9af73eba1e698dc25c,,24000,1001,true,true,26e222bb9f5e7471b646ea2c9aaa390c6d8295fff6a32776e1c662fe80b942af,true,323551232,72680592,396491024,1053407568852500,1053407543229166,1,0.025623334,24000,1739498,0.558485746383667,false,ff24d7286b3978166808fccb18ded53d06f8a0687fe03a9af73eba1e698dc25c,true,1057945836,false,b5af93cbe1cc5d1d7f6ad42630abe65e9ea2748429906730d52b29109c701e87,996707947,1497,,,,,,,,,,,,,,,,,,,,,1,16588800,0.011241086758673191,-0.00039731407795095766,-0.0075321197509765625,0,b5af93cbe1cc5d1d7f6ad42630abe65e9ea2748429906730d52b29109c701e87,0.0035485278349369764,,,,,,,,false
122,production,1,8294400,0,0,0,0,788ae0147bdf979a6575938ca2d7d4403788588f7be2010f03776c968fd1ab49,true,24000,1001,true,true,e7e2b99a952b73cd3f5f6d84afa8bc6182ca7e151166c9c5dfaa1fbfc557d4b8,true,323551232,72680592,396491024,1053407620416583,1053407593940041,1,0.026476542,24000,1740499,0,true,788ae0147bdf979a6575938ca2d7d4403788588f7be2010f03776c968fd1ab49,true,0,true,1dd7f8a26e56dfba878da177773321a53dca3f2b9d00b46118d4425ec3093903,1049357384,1498,,,,,,,,,,,,,,,,,,,,,1,16588800,0.12668024003505707,-0.00822357325689355,-0.23784224689006805,0,1dd7f8a26e56dfba878da177773321a53dca3f2b9d00b46118d4425ec3093903,0.2732870578765869,,,,,,,,false
123,production,1,8294400,1,0.6057567670294466,0,0,e4d7d9ae97135d7dc185243b19490a1f40bcca651cf2b759538db368bedc01b7,true,24000,1001,false,true,14bb670c4466232e6ab633a2a6fdefd4c99bace2d8b10f6043f30829c0354b17,true,323551232,72680592,396491024,1053407677379666,1053407648134666,1,0.029245,24000,1741500,0.6067052483558655,false,e4d7d9ae97135d7dc185243b19490a1f40bcca651cf2b759538db368bedc01b7,true,1058754825,false,ee54d44ebac3dca564784630aa7e04eb0e50afdb17521dfa1b05c85b78882a48,994358578,1499,,,,,,,,,,,,,,,,,,,,,1,16588800,0.002702204277738929,2.3930811790998148e-05,-0.008261729963123798,0,ee54d44ebac3dca564784630aa7e04eb0e50afdb17521dfa1b05c85b78882a48,0.0030015227384865284,,,,,,,,false
124,production,1,8294400,1,0.6108848549398807,0,0,ff2eeb16566030b9dd06a8c01bbf967fa94070c40acdbbea6a0d2dc48c7167eb,,24000,1001,false,true,d0803a559d88c0bd6b54e5cfded20c04d64f959e3c5009ee65a67a705aa33ce3,true,323551232,72680592,396491024,1053407730676875,1053407704952291,1,0.025724584,24000,1742501,0.6119656562805176,false,ff2eeb16566030b9dd06a8c01bbf967fa94070c40acdbbea6a0d2dc48c7167eb,true,1058843080,false,26438fbe98f93bb7ea392c433b2bfd232c214d8aa921dac0b16df381e5575aa2,993628541,1500,,,,,,,,,,,,,,,,,,,,,1,16588800,0.00523300189524889,3.935026889083583e-06,-0.009355559013783932,0,26438fbe98f93bb7ea392c433b2bfd232c214d8aa921dac0b16df381e5575aa2,0.0028315477538853884,,,,,,,,false
125,production,1,8294400,1,0.6434173492906502,0,0,7e53933ec6ffad34b19572512b6e4dd79cdf79d53cce1b9679f28641c8345004,,24000,1001,false,true,4945f8e1ed2a6ce70e38e9f25e6ee38a7d2a8b0e0901cab474531c8113227e4e,true,323551232,72680592,396491024,1053407791106791,1053407758064083,1,0.033042708,24000,1743502,0.6451500058174133,false,7e53933ec6ffad34b19572512b6e4dd79cdf79d53cce1b9679f28641c8345004,true,1059399821,false,7978f43a3bced6a1c55c28e1bf996272c6bc5d5c543a9ffead43532ef8542ed8,996278982,1501,,,,,,,,,,,,,,,,,,,,,1,16588800,0.0060884952545166016,-0.00011930742275908047,-0.011883347295224667,0,7978f43a3bced6a1c55c28e1bf996272c6bc5d5c543a9ffead43532ef8542ed8,0.0034486516378819942,,,,,,,,false
126,production,1,8294400,1,0.5464105376980998,0,0,a1dc46082a3247c370a0bea80eac8a6a710ea1d6c4447263d927751d18344a45,,24000,1001,false,true,ad7ed19b2a9ce48b75220fac53032ab41cea9d4eddfe62f09bb1c86e063d6e46,true,323551232,72680592,396491024,1053407848445083,1053407816324291,1,0.032120792,24000,1744503,0.54786217212677,false,a1dc46082a3247c370a0bea80eac8a6a710ea1d6c4447263d927751d18344a45,true,1057767602,false,e33097e78f0358cea2f0b6c880c8d7430606842815c4dde063dad6f92247d23d,998857116,1502,,,,,,,,,,,,,,,,,,,,,1,16588800,0.011320527642965317,-0.00025843947588864924,-0.015538307838141918,0,e33097e78f0358cea2f0b6c880c8d7430606842815c4dde063dad6f92247d23d,0.0041915904730558395,,,,,,,,false
127,production,1,8294400,1,0.5558029466185292,0,0,258955f94ba510e2de8a6b14dfe07f10e1b6ab8e7d73c54fe6bc36c37eaa3d6d,,24000,1001,false,true,d0e5c2803d70ef53f24fac74b8d5709c4d6caeb53dcb90684c7e1275fa774a9b,true,323551232,72680592,396491024,1053407899898375,1053407873335333,1,0.026563042,24000,1745504,0.5576794147491455,false,258955f94ba510e2de8a6b14dfe07f10e1b6ab8e7d73c54fe6bc36c37eaa3d6d,true,1057932308,false,78c5f5048602e5bfe730d96301fea06c51773051ba1cc57f91269c205da7c095,1003234174,1503,,,,,,,,,,,,,,,,,,,,,1,16588800,0.018684513866901398,-0.0007737493323636908,-0.020751897245645523,0,78c5f5048602e5bfe730d96301fea06c51773051ba1cc57f91269c205da7c095,0.006229816935956478,,,,,,,,false
128,production,1,8294400,1,0.4967001883586973,0,0,19e13139913e3ab371c6400a1c7c2c109d1d6fdfbe6cb24aaa64906f6d77c38d,,24000,1001,false,true,d841adda17732722059f6de44301e74fecb55acc82790a6183686bebf268ffa9,true,323551232,72680592,396491024,1053407950102875,1053407924869500,1,0.025233375,24000,1746505,0.4978949725627899,false,19e13139913e3ab371c6400a1c7c2c109d1d6fdfbe6cb24aaa64906f6d77c38d,true,1056893975,false,24a3e209d060296693c3cbd16489d2a7e2d46cced3ec107c250b5b226a6785b8,1006775909,1504,,,,,,,,,,,,,,,,,,,,,1,16588800,0.02484792098402977,-0.000152401579508241,-0.027530359104275703,0,24a3e209d060296693c3cbd16489d2a7e2d46cced3ec107c250b5b226a6785b8,0.007945631630718708,,,,,,,,false
129,production,1,8294400,1,0.5260632195270778,0,0,def4be0fb3fad44d0bba17f4ec87b34a29779692689a1e34b7c1d14c9890783d,,24000,1001,false,true,5e9f8c578fbdaa9a79951a9a0b0db54ad2a6dc573f3248623711260204a2f518,true,323551232,72680592,396491024,1053408002778750,1053407975222666,1,0.027556084,24000,1747506,0.527655303478241,false,def4be0fb3fad44d0bba17f4ec87b34a29779692689a1e34b7c1d14c9890783d,true,1057428587,false,d25a99836273ea0743af4085c581ad6a8686930de7930c31b2dc4751ddf3138e,1006014090,1505,,,,,,,,,,,,,,,,,,,,,1,16588800,0.02820619009435177,-0.0005357904402438571,-0.03139456361532211,0,d25a99836273ea0743af4085c581ad6a8686930de7930c31b2dc4751ddf3138e,0.007524316199123859,,,,,,,,false
130,production,1,8294400,1,0.4329532932854955,0,0,4884d6f9f54612fb41275b8e8d13cddd2192972bfafae0abaa4314560ed442e6,,24000,1001,false,true,005b4fbe5a259b3440cdbacb4d77d7d1174f34b0c160e36ea1d31a6d1e17e58c,true,323551232,72680592,396491024,1053408056199000,1053408027815541,1,0.028383459,24000,1748507,0.43426746129989624,false,4884d6f9f54612fb41275b8e8d13cddd2192972bfafae0abaa4314560ed442e6,true,1054758990,false,6535db30047013aff9361867183968d00e14f046061dc1e02eb431fc8c269d36,1006712293,1506,,,,,,,,,,,,,,,,,,,,,1,16588800,0.02942047081887722,-0.00039029555460797893,-0.04015740379691124,0,6535db30047013aff9361867183968d00e14f046061dc1e02eb431fc8c269d36,0.00788638461381197,,,,,,,,false
131,production,1,8294400,1,0.5346288507812772,0,0,4a85e0bcb8f464c66c75cb11c1eec19ea4773c4d0c27fb17ca25c0938dce94de,,24000,1001,false,true,ae848c323367785c4afaf1dce9a980f379438c1285609a99009bbad4ea0dc89b,true,323551232,72680592,396491024,1053408108669666,1053408081987500,1,0.026682166,24000,1749508,0.5358805656433105,false,4a85e0bcb8f464c66c75cb11c1eec19ea4773c4d0c27fb17ca25c0938dce94de,true,1057566584,false,95337bec55e8cd043e66cac3aa222461d766c6318d86d69f2b8bc74569569192,1007816552,1507,,,,,,,,,,,,,,,,,,,,,1,16588800,0.0404788963496685,-0.0006126059190670107,-0.03368807211518288,0,95337bec55e8cd043e66cac3aa222461d766c6318d86d69f2b8bc74569569192,0.008914805948734283,,,,,,,,false
132,production,1,8294400,0,0,0,0,788ae0147bdf979a6575938ca2d7d4403788588f7be2010f03776c968fd1ab49,,24000,1001,true,true,2067ac390b0ae7bb329aa2412208bdd5cd343cce076d9e653723773fae4aeb2f,true,323551232,72680592,396491024,1053408167084833,1053408140966916,1,0.026117917,24000,1738497,0,true,788ae0147bdf979a6575938ca2d7d4403788588f7be2010f03776c968fd1ab49,true,0,true,ca954688e08310567d16960ff74c9983fbd4bc77c918b924a37f77d810b0668c,1049003833,1496,,,,,,,,,,,,,,,,,,,,,2,16588800,0.11803362518548965,0.009515197023812918,-0.06817129999399185,0,ca954688e08310567d16960ff74c9983fbd4bc77c918b924a37f77d810b0668c,0.26275041699409485,,,,,,,,true
133,production,1,8294400,1,0.5580001935950686,0,0,ff24d7286b3978166808fccb18ded53d06f8a0687fe03a9af73eba1e698dc25c,,24000,1001,true,true,26e222bb9f5e7471b646ea2c9aaa390c6d8295fff6a32776e1c662fe80b942af,true,323551232,72680592,396491024,1053408229395583,1053408193175750,1,0.036219833,24000,1739498,0.558485746383667,false,ff24d7286b3978166808fccb18ded53d06f8a0687fe03a9af73eba1e698dc25c,true,1057945836,false,b5af93cbe1cc5d1d7f6ad42630abe65e9ea2748429906730d52b29109c701e87,996707947,1497,,,,,,,,,,,,,,,,,,,,,2,16588800,0.011241086758673191,-0.00039731407795095766,-0.0075321197509765625,0,b5af93cbe1cc5d1d7f6ad42630abe65e9ea2748429906730d52b29109c701e87,0.0035485278349369764,,,,,,,,false
134,production,1,8294400,0,0,0,0,788ae0147bdf979a6575938ca2d7d4403788588f7be2010f03776c968fd1ab49,true,24000,1001,true,true,e7e2b99a952b73cd3f5f6d84afa8bc6182ca7e151166c9c5dfaa1fbfc557d4b8,true,323551232,72680592,396491024,1053408298497500,1053408257384916,1,0.041112584,24000,1740499,0,true,788ae0147bdf979a6575938ca2d7d4403788588f7be2010f03776c968fd1ab49,true,0,true,1dd7f8a26e56dfba878da177773321a53dca3f2b9d00b46118d4425ec3093903,1049357384,1498,,,,,,,,,,,,,,,,,,,,,2,16588800,0.12668024003505707,-0.00822357325689355,-0.23784224689006805,0,1dd7f8a26e56dfba878da177773321a53dca3f2b9d00b46118d4425ec3093903,0.2732870578765869,,,,,,,,false
135,production,1,8294400,1,0.6057567670294466,0,0,e4d7d9ae97135d7dc185243b19490a1f40bcca651cf2b759538db368bedc01b7,true,24000,1001,false,true,14bb670c4466232e6ab633a2a6fdefd4c99bace2d8b10f6043f30829c0354b17,true,323551232,72680592,396491024,1053408364251375,1053408327140041,1,0.037111334,24000,1741500,0.6067052483558655,false,e4d7d9ae97135d7dc185243b19490a1f40bcca651cf2b759538db368bedc01b7,true,1058754825,false,ee54d44ebac3dca564784630aa7e04eb0e50afdb17521dfa1b05c85b78882a48,994358578,1499,,,,,,,,,,,,,,,,,,,,,2,16588800,0.002702204277738929,2.3930811790998148e-05,-0.008261729963123798,0,ee54d44ebac3dca564784630aa7e04eb0e50afdb17521dfa1b05c85b78882a48,0.0030015227384865284,,,,,,,,false
136,production,1,8294400,1,0.6108848549398807,0,0,ff2eeb16566030b9dd06a8c01bbf967fa94070c40acdbbea6a0d2dc48c7167eb,,24000,1001,false,true,d0803a559d88c0bd6b54e5cfded20c04d64f959e3c5009ee65a67a705aa33ce3,true,323551232,72680592,396491024,1053408416344958,1053408390967208,1,0.02537775,24000,1742501,0.6119656562805176,false,ff2eeb16566030b9dd06a8c01bbf967fa94070c40acdbbea6a0d2dc48c7167eb,true,1058843080,false,26438fbe98f93bb7ea392c433b2bfd232c214d8aa921dac0b16df381e5575aa2,993628541,1500,,,,,,,,,,,,,,,,,,,,,2,16588800,0.00523300189524889,3.935026889083583e-06,-0.009355559013783932,0,26438fbe98f93bb7ea392c433b2bfd232c214d8aa921dac0b16df381e5575aa2,0.0028315477538853884,,,,,,,,false
137,production,1,8294400,1,0.6434173492906502,0,0,7e53933ec6ffad34b19572512b6e4dd79cdf79d53cce1b9679f28641c8345004,,24000,1001,false,true,4945f8e1ed2a6ce70e38e9f25e6ee38a7d2a8b0e0901cab474531c8113227e4e,true,323551232,72680592,396491024,1053408480507500,1053408441999041,1,0.038508459,24000,1743502,0.6451500058174133,false,7e53933ec6ffad34b19572512b6e4dd79cdf79d53cce1b9679f28641c8345004,true,1059399821,false,7978f43a3bced6a1c55c28e1bf996272c6bc5d5c543a9ffead43532ef8542ed8,996278982,1501,,,,,,,,,,,,,,,,,,,,,2,16588800,0.0060884952545166016,-0.00011930742275908047,-0.011883347295224667,0,7978f43a3bced6a1c55c28e1bf996272c6bc5d5c543a9ffead43532ef8542ed8,0.0034486516378819942,,,,,,,,false
138,production,1,8294400,1,0.5464105376980998,0,0,a1dc46082a3247c370a0bea80eac8a6a710ea1d6c4447263d927751d18344a45,,24000,1001,false,true,ad7ed19b2a9ce48b75220fac53032ab41cea9d4eddfe62f09bb1c86e063d6e46,true,323551232,72680592,396491024,1053408543111625,1053408506487250,1,0.036624375,24000,1744503,0.54786217212677,false,a1dc46082a3247c370a0bea80eac8a6a710ea1d6c4447263d927751d18344a45,true,1057767602,false,e33097e78f0358cea2f0b6c880c8d7430606842815c4dde063dad6f92247d23d,998857116,1502,,,,,,,,,,,,,,,,,,,,,2,16588800,0.011320527642965317,-0.00025843947588864924,-0.015538307838141918,0,e33097e78f0358cea2f0b6c880c8d7430606842815c4dde063dad6f92247d23d,0.0041915904730558395,,,,,,,,false
139,production,1,8294400,1,0.5558029466185292,0,0,258955f94ba510e2de8a6b14dfe07f10e1b6ab8e7d73c54fe6bc36c37eaa3d6d,,24000,1001,false,true,d0e5c2803d70ef53f24fac74b8d5709c4d6caeb53dcb90684c7e1275fa774a9b,true,323551232,72680592,396491024,1053408597616416,1053408569266666,1,0.02834975,24000,1745504,0.5576794147491455,false,258955f94ba510e2de8a6b14dfe07f10e1b6ab8e7d73c54fe6bc36c37eaa3d6d,true,1057932308,false,78c5f5048602e5bfe730d96301fea06c51773051ba1cc57f91269c205da7c095,1003234174,1503,,,,,,,,,,,,,,,,,,,,,2,16588800,0.018684513866901398,-0.0007737493323636908,-0.020751897245645523,0,78c5f5048602e5bfe730d96301fea06c51773051ba1cc57f91269c205da7c095,0.006229816935956478,,,,,,,,false
140,production,1,8294400,1,0.4967001883586973,0,0,19e13139913e3ab371c6400a1c7c2c109d1d6fdfbe6cb24aaa64906f6d77c38d,,24000,1001,false,true,d841adda17732722059f6de44301e74fecb55acc82790a6183686bebf268ffa9,true,323551232,72680592,396491024,1053408654431625,1053408625404666,1,0.029026959,24000,1746505,0.4978949725627899,false,19e13139913e3ab371c6400a1c7c2c109d1d6fdfbe6cb24aaa64906f6d77c38d,true,1056893975,false,24a3e209d060296693c3cbd16489d2a7e2d46cced3ec107c250b5b226a6785b8,1006775909,1504,,,,,,,,,,,,,,,,,,,,,2,16588800,0.02484792098402977,-0.000152401579508241,-0.027530359104275703,0,24a3e209d060296693c3cbd16489d2a7e2d46cced3ec107c250b5b226a6785b8,0.007945631630718708,,,,,,,,false
141,production,1,8294400,1,0.5260632195270778,0,0,def4be0fb3fad44d0bba17f4ec87b34a29779692689a1e34b7c1d14c9890783d,,24000,1001,false,true,5e9f8c578fbdaa9a79951a9a0b0db54ad2a6dc573f3248623711260204a2f518,true,323551232,72680592,396491024,1053408704239666,1053408680423833,1,0.023815833,24000,1747506,0.527655303478241,false,def4be0fb3fad44d0bba17f4ec87b34a29779692689a1e34b7c1d14c9890783d,true,1057428587,false,d25a99836273ea0743af4085c581ad6a8686930de7930c31b2dc4751ddf3138e,1006014090,1505,,,,,,,,,,,,,,,,,,,,,2,16588800,0.02820619009435177,-0.0005357904402438571,-0.03139456361532211,0,d25a99836273ea0743af4085c581ad6a8686930de7930c31b2dc4751ddf3138e,0.007524316199123859,,,,,,,,false
142,production,1,8294400,1,0.4329532932854955,0,0,4884d6f9f54612fb41275b8e8d13cddd2192972bfafae0abaa4314560ed442e6,,24000,1001,false,true,005b4fbe5a259b3440cdbacb4d77d7d1174f34b0c160e36ea1d31a6d1e17e58c,true,323551232,72680592,396491024,1053408764399625,1053408729856041,1,0.034543584,24000,1748507,0.43426746129989624,false,4884d6f9f54612fb41275b8e8d13cddd2192972bfafae0abaa4314560ed442e6,true,1054758990,false,6535db30047013aff9361867183968d00e14f046061dc1e02eb431fc8c269d36,1006712293,1506,,,,,,,,,,,,,,,,,,,,,2,16588800,0.02942047081887722,-0.00039029555460797893,-0.04015740379691124,0,6535db30047013aff9361867183968d00e14f046061dc1e02eb431fc8c269d36,0.00788638461381197,,,,,,,,false
143,production,1,8294400,1,0.5346288507812772,0,0,4a85e0bcb8f464c66c75cb11c1eec19ea4773c4d0c27fb17ca25c0938dce94de,,24000,1001,false,true,ae848c323367785c4afaf1dce9a980f379438c1285609a99009bbad4ea0dc89b,true,323551232,72680592,396491024,1053408815783375,1053408790370875,1,0.0254125,24000,1749508,0.5358805656433105,false,4a85e0bcb8f464c66c75cb11c1eec19ea4773c4d0c27fb17ca25c0938dce94de,true,1057566584,false,95337bec55e8cd043e66cac3aa222461d766c6318d86d69f2b8bc74569569192,1007816552,1507,,,,,,,,,,,,,,,,,,,,,2,16588800,0.0404788963496685,-0.0006126059190670107,-0.03368807211518288,0,95337bec55e8cd043e66cac3aa222461d766c6318d86d69f2b8bc74569569192,0.008914805948734283,,,,,,,,false
144,production,0,8294400,0,0,0,0,788ae0147bdf979a6575938ca2d7d4403788588f7be2010f03776c968fd1ab49,,24000,1001,true,true,2067ac390b0ae7bb329aa2412208bdd5cd343cce076d9e653723773fae4aeb2f,,323551232,72680592,396491024,1053408877500708,1053408852739416,2,0.024761292,24000,1738497,0,true,788ae0147bdf979a6575938ca2d7d4403788588f7be2010f03776c968fd1ab49,true,0,true,ca954688e08310567d16960ff74c9983fbd4bc77c918b924a37f77d810b0668c,1049003833,1496,,,,,,,,,,,,,,,,,,,,,0,16588800,0.11803362518548965,0.009515197023812918,-0.06817129999399185,0,ca954688e08310567d16960ff74c9983fbd4bc77c918b924a37f77d810b0668c,0.26275041699409485,,,,,,,,true
145,production,0,8294400,1,0.5580001935950686,0,0,ff24d7286b3978166808fccb18ded53d06f8a0687fe03a9af73eba1e698dc25c,,24000,1001,true,true,26e222bb9f5e7471b646ea2c9aaa390c6d8295fff6a32776e1c662fe80b942af,,323551232,72680592,396491024,1053408938605958,1053408903772166,2,0.034833792,24000,1739498,0.558485746383667,false,ff24d7286b3978166808fccb18ded53d06f8a0687fe03a9af73eba1e698dc25c,true,1057945836,false,b5af93cbe1cc5d1d7f6ad42630abe65e9ea2748429906730d52b29109c701e87,996707947,1497,,,,,,,,,,,,,,,,,,,,,0,16588800,0.011241086758673191,-0.00039731407795095766,-0.0075321197509765625,0,b5af93cbe1cc5d1d7f6ad42630abe65e9ea2748429906730d52b29109c701e87,0.0035485278349369764,,,,,,,,false
146,production,0,8294400,0,0,0,0,788ae0147bdf979a6575938ca2d7d4403788588f7be2010f03776c968fd1ab49,,24000,1001,true,true,e7e2b99a952b73cd3f5f6d84afa8bc6182ca7e151166c9c5dfaa1fbfc557d4b8,,323551232,72680592,396491024,1053408990185000,1053408964252541,2,0.025932459,24000,1740499,0,true,788ae0147bdf979a6575938ca2d7d4403788588f7be2010f03776c968fd1ab49,true,0,true,1dd7f8a26e56dfba878da177773321a53dca3f2b9d00b46118d4425ec3093903,1049357384,1498,,,,,,,,,,,,,,,,,,,,,0,16588800,0.12668024003505707,-0.00822357325689355,-0.23784224689006805,0,1dd7f8a26e56dfba878da177773321a53dca3f2b9d00b46118d4425ec3093903,0.2732870578765869,,,,,,,,false
147,production,0,8294400,1,0.6057567670294466,0,0,e4d7d9ae97135d7dc185243b19490a1f40bcca651cf2b759538db368bedc01b7,,24000,1001,false,true,14bb670c4466232e6ab633a2a6fdefd4c99bace2d8b10f6043f30829c0354b17,,323551232,72680592,396491024,1053409048058375,1053409015876666,2,0.032181709,24000,1741500,0.6067052483558655,false,e4d7d9ae97135d7dc185243b19490a1f40bcca651cf2b759538db368bedc01b7,true,1058754825,false,ee54d44ebac3dca564784630aa7e04eb0e50afdb17521dfa1b05c85b78882a48,994358578,1499,,,,,,,,,,,,,,,,,,,,,0,16588800,0.002702204277738929,2.3930811790998148e-05,-0.008261729963123798,0,ee54d44ebac3dca564784630aa7e04eb0e50afdb17521dfa1b05c85b78882a48,0.0030015227384865284,,,,,,,,false
148,production,0,8294400,1,0.6108848549398807,0,0,ff2eeb16566030b9dd06a8c01bbf967fa94070c40acdbbea6a0d2dc48c7167eb,,24000,1001,false,true,d0803a559d88c0bd6b54e5cfded20c04d64f959e3c5009ee65a67a705aa33ce3,,323551232,72680592,396491024,1053409097417625,1053409073507041,2,0.023910584,24000,1742501,0.6119656562805176,false,ff2eeb16566030b9dd06a8c01bbf967fa94070c40acdbbea6a0d2dc48c7167eb,true,1058843080,false,26438fbe98f93bb7ea392c433b2bfd232c214d8aa921dac0b16df381e5575aa2,993628541,1500,,,,,,,,,,,,,,,,,,,,,0,16588800,0.00523300189524889,3.935026889083583e-06,-0.009355559013783932,0,26438fbe98f93bb7ea392c433b2bfd232c214d8aa921dac0b16df381e5575aa2,0.0028315477538853884,,,,,,,,false
149,production,0,8294400,1,0.6434173492906502,0,0,7e53933ec6ffad34b19572512b6e4dd79cdf79d53cce1b9679f28641c8345004,,24000,1001,false,true,4945f8e1ed2a6ce70e38e9f25e6ee38a7d2a8b0e0901cab474531c8113227e4e,,323551232,72680592,396491024,1053409153217458,1053409123272708,2,0.02994475,24000,1743502,0.6451500058174133,false,7e53933ec6ffad34b19572512b6e4dd79cdf79d53cce1b9679f28641c8345004,true,1059399821,false,7978f43a3bced6a1c55c28e1bf996272c6bc5d5c543a9ffead43532ef8542ed8,996278982,1501,,,,,,,,,,,,,,,,,,,,,0,16588800,0.0060884952545166016,-0.00011930742275908047,-0.011883347295224667,0,7978f43a3bced6a1c55c28e1bf996272c6bc5d5c543a9ffead43532ef8542ed8,0.0034486516378819942,,,,,,,,false
150,production,0,8294400,1,0.5464105376980998,0,0,a1dc46082a3247c370a0bea80eac8a6a710ea1d6c4447263d927751d18344a45,,24000,1001,false,true,ad7ed19b2a9ce48b75220fac53032ab41cea9d4eddfe62f09bb1c86e063d6e46,,323551232,72680592,396491024,1053409207705208,1053409179317958,2,0.02838725,24000,1744503,0.54786217212677,false,a1dc46082a3247c370a0bea80eac8a6a710ea1d6c4447263d927751d18344a45,true,1057767602,false,e33097e78f0358cea2f0b6c880c8d7430606842815c4dde063dad6f92247d23d,998857116,1502,,,,,,,,,,,,,,,,,,,,,0,16588800,0.011320527642965317,-0.00025843947588864924,-0.015538307838141918,0,e33097e78f0358cea2f0b6c880c8d7430606842815c4dde063dad6f92247d23d,0.0041915904730558395,,,,,,,,false
151,production,0,8294400,1,0.5558029466185292,0,0,258955f94ba510e2de8a6b14dfe07f10e1b6ab8e7d73c54fe6bc36c37eaa3d6d,,24000,1001,false,true,d0e5c2803d70ef53f24fac74b8d5709c4d6caeb53dcb90684c7e1275fa774a9b,,323551232,72680592,396491024,1053409265749958,1053409235170583,2,0.030579375,24000,1745504,0.5576794147491455,false,258955f94ba510e2de8a6b14dfe07f10e1b6ab8e7d73c54fe6bc36c37eaa3d6d,true,1057932308,false,78c5f5048602e5bfe730d96301fea06c51773051ba1cc57f91269c205da7c095,1003234174,1503,,,,,,,,,,,,,,,,,,,,,0,16588800,0.018684513866901398,-0.0007737493323636908,-0.020751897245645523,0,78c5f5048602e5bfe730d96301fea06c51773051ba1cc57f91269c205da7c095,0.006229816935956478,,,,,,,,false
152,production,0,8294400,1,0.4967001883586973,0,0,19e13139913e3ab371c6400a1c7c2c109d1d6fdfbe6cb24aaa64906f6d77c38d,,24000,1001,false,true,d841adda17732722059f6de44301e74fecb55acc82790a6183686bebf268ffa9,,323551232,72680592,396491024,1053409319961500,1053409292527750,2,0.02743375,24000,1746505,0.4978949725627899,false,19e13139913e3ab371c6400a1c7c2c109d1d6fdfbe6cb24aaa64906f6d77c38d,true,1056893975,false,24a3e209d060296693c3cbd16489d2a7e2d46cced3ec107c250b5b226a6785b8,1006775909,1504,,,,,,,,,,,,,,,,,,,,,0,16588800,0.02484792098402977,-0.000152401579508241,-0.027530359104275703,0,24a3e209d060296693c3cbd16489d2a7e2d46cced3ec107c250b5b226a6785b8,0.007945631630718708,,,,,,,,false
153,production,0,8294400,1,0.5260632195270778,0,0,def4be0fb3fad44d0bba17f4ec87b34a29779692689a1e34b7c1d14c9890783d,,24000,1001,false,true,5e9f8c578fbdaa9a79951a9a0b0db54ad2a6dc573f3248623711260204a2f518,,323551232,72680592,396491024,1053409379998125,1053409346832333,2,0.033165792,24000,1747506,0.527655303478241,false,def4be0fb3fad44d0bba17f4ec87b34a29779692689a1e34b7c1d14c9890783d,true,1057428587,false,d25a99836273ea0743af4085c581ad6a8686930de7930c31b2dc4751ddf3138e,1006014090,1505,,,,,,,,,,,,,,,,,,,,,0,16588800,0.02820619009435177,-0.0005357904402438571,-0.03139456361532211,0,d25a99836273ea0743af4085c581ad6a8686930de7930c31b2dc4751ddf3138e,0.007524316199123859,,,,,,,,false
154,production,0,8294400,1,0.4329532932854955,0,0,4884d6f9f54612fb41275b8e8d13cddd2192972bfafae0abaa4314560ed442e6,,24000,1001,false,true,005b4fbe5a259b3440cdbacb4d77d7d1174f34b0c160e36ea1d31a6d1e17e58c,,323551232,72680592,396491024,1053409429529250,1053409405792250,2,0.023737,24000,1748507,0.43426746129989624,false,4884d6f9f54612fb41275b8e8d13cddd2192972bfafae0abaa4314560ed442e6,true,1054758990,false,6535db30047013aff9361867183968d00e14f046061dc1e02eb431fc8c269d36,1006712293,1506,,,,,,,,,,,,,,,,,,,,,0,16588800,0.02942047081887722,-0.00039029555460797893,-0.04015740379691124,0,6535db30047013aff9361867183968d00e14f046061dc1e02eb431fc8c269d36,0.00788638461381197,,,,,,,,false
155,production,0,8294400,1,0.5346288507812772,0,0,4a85e0bcb8f464c66c75cb11c1eec19ea4773c4d0c27fb17ca25c0938dce94de,,24000,1001,false,true,ae848c323367785c4afaf1dce9a980f379438c1285609a99009bbad4ea0dc89b,,323551232,72680592,396491024,1053409490961541,1053409455820708,2,0.035140833,24000,1749508,0.5358805656433105,false,4a85e0bcb8f464c66c75cb11c1eec19ea4773c4d0c27fb17ca25c0938dce94de,true,1057566584,false,95337bec55e8cd043e66cac3aa222461d766c6318d86d69f2b8bc74569569192,1007816552,1507,,,,,,,,,,,,,,,,,,,,,0,16588800,0.0404788963496685,-0.0006126059190670107,-0.03368807211518288,0,95337bec55e8cd043e66cac3aa222461d766c6318d86d69f2b8bc74569569192,0.008914805948734283,,,,,,,,false
156,production,0,8294400,0,0,0,0,788ae0147bdf979a6575938ca2d7d4403788588f7be2010f03776c968fd1ab49,,24000,1001,true,true,2067ac390b0ae7bb329aa2412208bdd5cd343cce076d9e653723773fae4aeb2f,,323551232,72680592,396491024,1053409550132541,1053409524929333,2,0.025203208,24000,1738497,0,true,788ae0147bdf979a6575938ca2d7d4403788588f7be2010f03776c968fd1ab49,true,0,true,ca954688e08310567d16960ff74c9983fbd4bc77c918b924a37f77d810b0668c,1049003833,1496,,,,,,,,,,,,,,,,,,,,,1,16588800,0.11803362518548965,0.009515197023812918,-0.06817129999399185,0,ca954688e08310567d16960ff74c9983fbd4bc77c918b924a37f77d810b0668c,0.26275041699409485,,,,,,,,true
157,production,0,8294400,1,0.5580001935950686,0,0,ff24d7286b3978166808fccb18ded53d06f8a0687fe03a9af73eba1e698dc25c,,24000,1001,true,true,26e222bb9f5e7471b646ea2c9aaa390c6d8295fff6a32776e1c662fe80b942af,,323551232,72680592,396491024,1053409601098000,1053409575695375,2,0.025402625,24000,1739498,0.558485746383667,false,ff24d7286b3978166808fccb18ded53d06f8a0687fe03a9af73eba1e698dc25c,true,1057945836,false,b5af93cbe1cc5d1d7f6ad42630abe65e9ea2748429906730d52b29109c701e87,996707947,1497,,,,,,,,,,,,,,,,,,,,,1,16588800,0.011241086758673191,-0.00039731407795095766,-0.0075321197509765625,0,b5af93cbe1cc5d1d7f6ad42630abe65e9ea2748429906730d52b29109c701e87,0.0035485278349369764,,,,,,,,false
158,production,0,8294400,0,0,0,0,788ae0147bdf979a6575938ca2d7d4403788588f7be2010f03776c968fd1ab49,,24000,1001,true,true,e7e2b99a952b73cd3f5f6d84afa8bc6182ca7e151166c9c5dfaa1fbfc557d4b8,,323551232,72680592,396491024,1053409660354333,1053409627137958,2,0.033216375,24000,1740499,0,true,788ae0147bdf979a6575938ca2d7d4403788588f7be2010f03776c968fd1ab49,true,0,true,1dd7f8a26e56dfba878da177773321a53dca3f2b9d00b46118d4425ec3093903,1049357384,1498,,,,,,,,,,,,,,,,,,,,,1,16588800,0.12668024003505707,-0.00822357325689355,-0.23784224689006805,0,1dd7f8a26e56dfba878da177773321a53dca3f2b9d00b46118d4425ec3093903,0.2732870578765869,,,,,,,,false
159,production,0,8294400,1,0.6057567670294466,0,0,e4d7d9ae97135d7dc185243b19490a1f40bcca651cf2b759538db368bedc01b7,,24000,1001,false,true,14bb670c4466232e6ab633a2a6fdefd4c99bace2d8b10f6043f30829c0354b17,,323551232,72680592,396491024,1053409708129750,1053409686056500,2,0.02207325,24000,1741500,0.6067052483558655,false,e4d7d9ae97135d7dc185243b19490a1f40bcca651cf2b759538db368bedc01b7,true,1058754825,false,ee54d44ebac3dca564784630aa7e04eb0e50afdb17521dfa1b05c85b78882a48,994358578,1499,,,,,,,,,,,,,,,,,,,,,1,16588800,0.002702204277738929,2.3930811790998148e-05,-0.008261729963123798,0,ee54d44ebac3dca564784630aa7e04eb0e50afdb17521dfa1b05c85b78882a48,0.0030015227384865284,,,,,,,,false
160,production,0,8294400,1,0.6108848549398807,0,0,ff2eeb16566030b9dd06a8c01bbf967fa94070c40acdbbea6a0d2dc48c7167eb,,24000,1001,false,true,d0803a559d88c0bd6b54e5cfded20c04d64f959e3c5009ee65a67a705aa33ce3,,323551232,72680592,396491024,1053409758272458,1053409733443500,2,0.024828958,24000,1742501,0.6119656562805176,false,ff2eeb16566030b9dd06a8c01bbf967fa94070c40acdbbea6a0d2dc48c7167eb,true,1058843080,false,26438fbe98f93bb7ea392c433b2bfd232c214d8aa921dac0b16df381e5575aa2,993628541,1500,,,,,,,,,,,,,,,,,,,,,1,16588800,0.00523300189524889,3.935026889083583e-06,-0.009355559013783932,0,26438fbe98f93bb7ea392c433b2bfd232c214d8aa921dac0b16df381e5575aa2,0.0028315477538853884,,,,,,,,false
161,production,0,8294400,1,0.6434173492906502,0,0,7e53933ec6ffad34b19572512b6e4dd79cdf79d53cce1b9679f28641c8345004,,24000,1001,false,true,4945f8e1ed2a6ce70e38e9f25e6ee38a7d2a8b0e0901cab474531c8113227e4e,,323551232,72680592,396491024,1053409815881833,1053409783809041,2,0.032072792,24000,1743502,0.6451500058174133,false,7e53933ec6ffad34b19572512b6e4dd79cdf79d53cce1b9679f28641c8345004,true,1059399821,false,7978f43a3bced6a1c55c28e1bf996272c6bc5d5c543a9ffead43532ef8542ed8,996278982,1501,,,,,,,,,,,,,,,,,,,,,1,16588800,0.0060884952545166016,-0.00011930742275908047,-0.011883347295224667,0,7978f43a3bced6a1c55c28e1bf996272c6bc5d5c543a9ffead43532ef8542ed8,0.0034486516378819942,,,,,,,,false
162,production,0,8294400,1,0.5464105376980998,0,0,a1dc46082a3247c370a0bea80eac8a6a710ea1d6c4447263d927751d18344a45,,24000,1001,false,true,ad7ed19b2a9ce48b75220fac53032ab41cea9d4eddfe62f09bb1c86e063d6e46,,323551232,72680592,396491024,1053409880448416,1053409843773625,2,0.036674791,24000,1744503,0.54786217212677,false,a1dc46082a3247c370a0bea80eac8a6a710ea1d6c4447263d927751d18344a45,true,1057767602,false,e33097e78f0358cea2f0b6c880c8d7430606842815c4dde063dad6f92247d23d,998857116,1502,,,,,,,,,,,,,,,,,,,,,1,16588800,0.011320527642965317,-0.00025843947588864924,-0.015538307838141918,0,e33097e78f0358cea2f0b6c880c8d7430606842815c4dde063dad6f92247d23d,0.0041915904730558395,,,,,,,,false
163,production,0,8294400,1,0.5558029466185292,0,0,258955f94ba510e2de8a6b14dfe07f10e1b6ab8e7d73c54fe6bc36c37eaa3d6d,,24000,1001,false,true,d0e5c2803d70ef53f24fac74b8d5709c4d6caeb53dcb90684c7e1275fa774a9b,,323551232,72680592,396491024,1053409932588416,1053409906103500,2,0.026484916,24000,1745504,0.5576794147491455,false,258955f94ba510e2de8a6b14dfe07f10e1b6ab8e7d73c54fe6bc36c37eaa3d6d,true,1057932308,false,78c5f5048602e5bfe730d96301fea06c51773051ba1cc57f91269c205da7c095,1003234174,1503,,,,,,,,,,,,,,,,,,,,,1,16588800,0.018684513866901398,-0.0007737493323636908,-0.020751897245645523,0,78c5f5048602e5bfe730d96301fea06c51773051ba1cc57f91269c205da7c095,0.006229816935956478,,,,,,,,false
164,production,0,8294400,1,0.4967001883586973,0,0,19e13139913e3ab371c6400a1c7c2c109d1d6fdfbe6cb24aaa64906f6d77c38d,,24000,1001,false,true,d841adda17732722059f6de44301e74fecb55acc82790a6183686bebf268ffa9,,323551232,72680592,396491024,1053409990529625,1053409958092958,2,0.032436667,24000,1746505,0.4978949725627899,false,19e13139913e3ab371c6400a1c7c2c109d1d6fdfbe6cb24aaa64906f6d77c38d,true,1056893975,false,24a3e209d060296693c3cbd16489d2a7e2d46cced3ec107c250b5b226a6785b8,1006775909,1504,,,,,,,,,,,,,,,,,,,,,1,16588800,0.02484792098402977,-0.000152401579508241,-0.027530359104275703,0,24a3e209d060296693c3cbd16489d2a7e2d46cced3ec107c250b5b226a6785b8,0.007945631630718708,,,,,,,,false
165,production,0,8294400,1,0.5260632195270778,0,0,def4be0fb3fad44d0bba17f4ec87b34a29779692689a1e34b7c1d14c9890783d,,24000,1001,false,true,5e9f8c578fbdaa9a79951a9a0b0db54ad2a6dc573f3248623711260204a2f518,,323551232,72680592,396491024,1053410042482583,1053410017048083,2,0.0254345,24000,1747506,0.527655303478241,false,def4be0fb3fad44d0bba17f4ec87b34a29779692689a1e34b7c1d14c9890783d,true,1057428587,false,d25a99836273ea0743af4085c581ad6a8686930de7930c31b2dc4751ddf3138e,1006014090,1505,,,,,,,,,,,,,,,,,,,,,1,16588800,0.02820619009435177,-0.0005357904402438571,-0.03139456361532211,0,d25a99836273ea0743af4085c581ad6a8686930de7930c31b2dc4751ddf3138e,0.007524316199123859,,,,,,,,false
166,production,0,8294400,1,0.4329532932854955,0,0,4884d6f9f54612fb41275b8e8d13cddd2192972bfafae0abaa4314560ed442e6,,24000,1001,false,true,005b4fbe5a259b3440cdbacb4d77d7d1174f34b0c160e36ea1d31a6d1e17e58c,,323551232,72680592,396491024,1053410104579875,1053410068609791,2,0.035970084,24000,1748507,0.43426746129989624,false,4884d6f9f54612fb41275b8e8d13cddd2192972bfafae0abaa4314560ed442e6,true,1054758990,false,6535db30047013aff9361867183968d00e14f046061dc1e02eb431fc8c269d36,1006712293,1506,,,,,,,,,,,,,,,,,,,,,1,16588800,0.02942047081887722,-0.00039029555460797893,-0.04015740379691124,0,6535db30047013aff9361867183968d00e14f046061dc1e02eb431fc8c269d36,0.00788638461381197,,,,,,,,false
167,production,0,8294400,1,0.5346288507812772,0,0,4a85e0bcb8f464c66c75cb11c1eec19ea4773c4d0c27fb17ca25c0938dce94de,,24000,1001,false,true,ae848c323367785c4afaf1dce9a980f379438c1285609a99009bbad4ea0dc89b,,323551232,72680592,396491024,1053410151357416,1053410130061083,2,0.021296333,24000,1749508,0.5358805656433105,false,4a85e0bcb8f464c66c75cb11c1eec19ea4773c4d0c27fb17ca25c0938dce94de,true,1057566584,false,95337bec55e8cd043e66cac3aa222461d766c6318d86d69f2b8bc74569569192,1007816552,1507,,,,,,,,,,,,,,,,,,,,,1,16588800,0.0404788963496685,-0.0006126059190670107,-0.03368807211518288,0,95337bec55e8cd043e66cac3aa222461d766c6318d86d69f2b8bc74569569192,0.008914805948734283,,,,,,,,false
168,production,0,8294400,0,0,0,0,788ae0147bdf979a6575938ca2d7d4403788588f7be2010f03776c968fd1ab49,,24000,1001,true,true,2067ac390b0ae7bb329aa2412208bdd5cd343cce076d9e653723773fae4aeb2f,,323551232,72680592,396491024,1053410215105125,1053410185335416,2,0.029769709,24000,1738497,0,true,788ae0147bdf979a6575938ca2d7d4403788588f7be2010f03776c968fd1ab49,true,0,true,ca954688e08310567d16960ff74c9983fbd4bc77c918b924a37f77d810b0668c,1049003833,1496,,,,,,,,,,,,,,,,,,,,,2,16588800,0.11803362518548965,0.009515197023812918,-0.06817129999399185,0,ca954688e08310567d16960ff74c9983fbd4bc77c918b924a37f77d810b0668c,0.26275041699409485,,,,,,,,true
169,production,0,8294400,1,0.5580001935950686,0,0,ff24d7286b3978166808fccb18ded53d06f8a0687fe03a9af73eba1e698dc25c,,24000,1001,true,true,26e222bb9f5e7471b646ea2c9aaa390c6d8295fff6a32776e1c662fe80b942af,,323551232,72680592,396491024,1053410272211541,1053410240874583,2,0.031336958,24000,1739498,0.558485746383667,false,ff24d7286b3978166808fccb18ded53d06f8a0687fe03a9af73eba1e698dc25c,true,1057945836,false,b5af93cbe1cc5d1d7f6ad42630abe65e9ea2748429906730d52b29109c701e87,996707947,1497,,,,,,,,,,,,,,,,,,,,,2,16588800,0.011241086758673191,-0.00039731407795095766,-0.0075321197509765625,0,b5af93cbe1cc5d1d7f6ad42630abe65e9ea2748429906730d52b29109c701e87,0.0035485278349369764,,,,,,,,false
170,production,0,8294400,0,0,0,0,788ae0147bdf979a6575938ca2d7d4403788588f7be2010f03776c968fd1ab49,,24000,1001,true,true,e7e2b99a952b73cd3f5f6d84afa8bc6182ca7e151166c9c5dfaa1fbfc557d4b8,,323551232,72680592,396491024,1053410337609750,1053410299433458,2,0.038176292,24000,1740499,0,true,788ae0147bdf979a6575938ca2d7d4403788588f7be2010f03776c968fd1ab49,true,0,true,1dd7f8a26e56dfba878da177773321a53dca3f2b9d00b46118d4425ec3093903,1049357384,1498,,,,,,,,,,,,,,,,,,,,,2,16588800,0.12668024003505707,-0.00822357325689355,-0.23784224689006805,0,1dd7f8a26e56dfba878da177773321a53dca3f2b9d00b46118d4425ec3093903,0.2732870578765869,,,,,,,,false
171,production,0,8294400,1,0.6057567670294466,0,0,e4d7d9ae97135d7dc185243b19490a1f40bcca651cf2b759538db368bedc01b7,,24000,1001,false,true,14bb670c4466232e6ab633a2a6fdefd4c99bace2d8b10f6043f30829c0354b17,,323551232,72680592,396491024,1053410410565458,1053410366865250,2,0.043700208,24000,1741500,0.6067052483558655,false,e4d7d9ae97135d7dc185243b19490a1f40bcca651cf2b759538db368bedc01b7,true,1058754825,false,ee54d44ebac3dca564784630aa7e04eb0e50afdb17521dfa1b05c85b78882a48,994358578,1499,,,,,,,,,,,,,,,,,,,,,2,16588800,0.002702204277738929,2.3930811790998148e-05,-0.008261729963123798,0,ee54d44ebac3dca564784630aa7e04eb0e50afdb17521dfa1b05c85b78882a48,0.0030015227384865284,,,,,,,,false
172,production,0,8294400,1,0.6108848549398807,0,0,ff2eeb16566030b9dd06a8c01bbf967fa94070c40acdbbea6a0d2dc48c7167eb,,24000,1001,false,true,d0803a559d88c0bd6b54e5cfded20c04d64f959e3c5009ee65a67a705aa33ce3,,323551232,72680592,396491024,1053410464807916,1053410435797083,2,0.029010833,24000,1742501,0.6119656562805176,false,ff2eeb16566030b9dd06a8c01bbf967fa94070c40acdbbea6a0d2dc48c7167eb,true,1058843080,false,26438fbe98f93bb7ea392c433b2bfd232c214d8aa921dac0b16df381e5575aa2,993628541,1500,,,,,,,,,,,,,,,,,,,,,2,16588800,0.00523300189524889,3.935026889083583e-06,-0.009355559013783932,0,26438fbe98f93bb7ea392c433b2bfd232c214d8aa921dac0b16df381e5575aa2,0.0028315477538853884,,,,,,,,false
173,production,0,8294400,1,0.6434173492906502,0,0,7e53933ec6ffad34b19572512b6e4dd79cdf79d53cce1b9679f28641c8345004,,24000,1001,false,true,4945f8e1ed2a6ce70e38e9f25e6ee38a7d2a8b0e0901cab474531c8113227e4e,,323551232,72680592,396491024,1053410516390416,1053410490153208,2,0.026237208,24000,1743502,0.6451500058174133,false,7e53933ec6ffad34b19572512b6e4dd79cdf79d53cce1b9679f28641c8345004,true,1059399821,false,7978f43a3bced6a1c55c28e1bf996272c6bc5d5c543a9ffead43532ef8542ed8,996278982,1501,,,,,,,,,,,,,,,,,,,,,2,16588800,0.0060884952545166016,-0.00011930742275908047,-0.011883347295224667,0,7978f43a3bced6a1c55c28e1bf996272c6bc5d5c543a9ffead43532ef8542ed8,0.0034486516378819942,,,,,,,,false
174,production,0,8294400,1,0.5464105376980998,0,0,a1dc46082a3247c370a0bea80eac8a6a710ea1d6c4447263d927751d18344a45,,24000,1001,false,true,ad7ed19b2a9ce48b75220fac53032ab41cea9d4eddfe62f09bb1c86e063d6e46,,323551232,72680592,396491024,1053410575650458,1053410542373583,2,0.033276875,24000,1744503,0.54786217212677,false,a1dc46082a3247c370a0bea80eac8a6a710ea1d6c4447263d927751d18344a45,true,1057767602,false,e33097e78f0358cea2f0b6c880c8d7430606842815c4dde063dad6f92247d23d,998857116,1502,,,,,,,,,,,,,,,,,,,,,2,16588800,0.011320527642965317,-0.00025843947588864924,-0.015538307838141918,0,e33097e78f0358cea2f0b6c880c8d7430606842815c4dde063dad6f92247d23d,0.0041915904730558395,,,,,,,,false
175,production,0,8294400,1,0.5558029466185292,0,0,258955f94ba510e2de8a6b14dfe07f10e1b6ab8e7d73c54fe6bc36c37eaa3d6d,,24000,1001,false,true,d0e5c2803d70ef53f24fac74b8d5709c4d6caeb53dcb90684c7e1275fa774a9b,,323551232,72680592,396491024,1053410628022708,1053410601514166,2,0.026508542,24000,1745504,0.5576794147491455,false,258955f94ba510e2de8a6b14dfe07f10e1b6ab8e7d73c54fe6bc36c37eaa3d6d,true,1057932308,false,78c5f5048602e5bfe730d96301fea06c51773051ba1cc57f91269c205da7c095,1003234174,1503,,,,,,,,,,,,,,,,,,,,,2,16588800,0.018684513866901398,-0.0007737493323636908,-0.020751897245645523,0,78c5f5048602e5bfe730d96301fea06c51773051ba1cc57f91269c205da7c095,0.006229816935956478,,,,,,,,false
176,production,0,8294400,1,0.4967001883586973,0,0,19e13139913e3ab371c6400a1c7c2c109d1d6fdfbe6cb24aaa64906f6d77c38d,,24000,1001,false,true,d841adda17732722059f6de44301e74fecb55acc82790a6183686bebf268ffa9,,323551232,72680592,396491024,1053410696012916,1053410655769666,2,0.04024325,24000,1746505,0.4978949725627899,false,19e13139913e3ab371c6400a1c7c2c109d1d6fdfbe6cb24aaa64906f6d77c38d,true,1056893975,false,24a3e209d060296693c3cbd16489d2a7e2d46cced3ec107c250b5b226a6785b8,1006775909,1504,,,,,,,,,,,,,,,,,,,,,2,16588800,0.02484792098402977,-0.000152401579508241,-0.027530359104275703,0,24a3e209d060296693c3cbd16489d2a7e2d46cced3ec107c250b5b226a6785b8,0.007945631630718708,,,,,,,,false
177,production,0,8294400,1,0.5260632195270778,0,0,def4be0fb3fad44d0bba17f4ec87b34a29779692689a1e34b7c1d14c9890783d,,24000,1001,false,true,5e9f8c578fbdaa9a79951a9a0b0db54ad2a6dc573f3248623711260204a2f518,,323551232,72680592,396491024,1053410762796791,1053410723554208,2,0.039242583,24000,1747506,0.527655303478241,false,def4be0fb3fad44d0bba17f4ec87b34a29779692689a1e34b7c1d14c9890783d,true,1057428587,false,d25a99836273ea0743af4085c581ad6a8686930de7930c31b2dc4751ddf3138e,1006014090,1505,,,,,,,,,,,,,,,,,,,,,2,16588800,0.02820619009435177,-0.0005357904402438571,-0.03139456361532211,0,d25a99836273ea0743af4085c581ad6a8686930de7930c31b2dc4751ddf3138e,0.007524316199123859,,,,,,,,false
178,production,0,8294400,1,0.4329532932854955,0,0,4884d6f9f54612fb41275b8e8d13cddd2192972bfafae0abaa4314560ed442e6,,24000,1001,false,true,005b4fbe5a259b3440cdbacb4d77d7d1174f34b0c160e36ea1d31a6d1e17e58c,,323551232,72680592,396491024,1053410821372666,1053410790896708,2,0.030475958,24000,1748507,0.43426746129989624,false,4884d6f9f54612fb41275b8e8d13cddd2192972bfafae0abaa4314560ed442e6,true,1054758990,false,6535db30047013aff9361867183968d00e14f046061dc1e02eb431fc8c269d36,1006712293,1506,,,,,,,,,,,,,,,,,,,,,2,16588800,0.02942047081887722,-0.00039029555460797893,-0.04015740379691124,0,6535db30047013aff9361867183968d00e14f046061dc1e02eb431fc8c269d36,0.00788638461381197,,,,,,,,false
179,production,0,8294400,1,0.5346288507812772,0,0,4a85e0bcb8f464c66c75cb11c1eec19ea4773c4d0c27fb17ca25c0938dce94de,,24000,1001,false,true,ae848c323367785c4afaf1dce9a980f379438c1285609a99009bbad4ea0dc89b,,323551232,72680592,396491024,1053410884833125,1053410848429333,2,0.036403792,24000,1749508,0.5358805656433105,false,4a85e0bcb8f464c66c75cb11c1eec19ea4773c4d0c27fb17ca25c0938dce94de,true,1057566584,false,95337bec55e8cd043e66cac3aa222461d766c6318d86d69f2b8bc74569569192,1007816552,1507,,,,,,,,,,,,,,,,,,,,,2,16588800,0.0404788963496685,-0.0006126059190670107,-0.03368807211518288,0,95337bec55e8cd043e66cac3aa222461d766c6318d86d69f2b8bc74569569192,0.008914805948734283,,,,,,,,false
180,attributed,1,8294400,0,0,0,0,788ae0147bdf979a6575938ca2d7d4403788588f7be2010f03776c968fd1ab49,,24000,1001,true,true,2067ac390b0ae7bb329aa2412208bdd5cd343cce076d9e653723773fae4aeb2f,true,323551232,72680592,396491024,1053410949102875,1053410920878291,2,0.028224584,24000,1738497,0,true,788ae0147bdf979a6575938ca2d7d4403788588f7be2010f03776c968fd1ab49,true,0,true,ca954688e08310567d16960ff74c9983fbd4bc77c918b924a37f77d810b0668c,1049003833,1496,0.001266042,0.028220166,0.028101791999999997,0.006773083,4.417999999999089e-06,0.0009553751442581415,0.002002625,true,0.0001227920000000035,1053410948983041,1053410942209958,1053410920880625,1053410949100791,1053410922883291,1053410920880666,1053410924149500,1053410922883458,1053410942209708,1053410924149666,0.018060042,0,16588800,0.11803362518548965,0.009515197023812918,-0.06817129999399185,0,ca954688e08310567d16960ff74c9983fbd4bc77c918b924a37f77d810b0668c,0.26275041699409485,7680,540,4147200,true,1380411457,6d9a3ce0f692bf84dc9d47eb20507c37e0d84b217c29b98e25ac01aa6bd6f044,960,true
181,attributed,1,8294400,1,0.5580001935950686,0,0,ff24d7286b3978166808fccb18ded53d06f8a0687fe03a9af73eba1e698dc25c,,24000,1001,true,true,26e222bb9f5e7471b646ea2c9aaa390c6d8295fff6a32776e1c662fe80b942af,true,323551232,72680592,396491024,1053411015847666,1053410978089416,2,0.03775825,24000,1739498,0.558485746383667,false,ff24d7286b3978166808fccb18ded53d06f8a0687fe03a9af73eba1e698dc25c,true,1057945836,false,b5af93cbe1cc5d1d7f6ad42630abe65e9ea2748429906730d52b29109c701e87,996707947,1497,0.001176209,0.037753625,0.037643001,0.015442584,4.625000000001156e-06,0.0005374166648834944,0.001793917,true,0.00011524899999999783,1053411015735500,1053411000292916,1053410978092000,1053411015845625,1053410979885958,1053410978092041,1053410981062250,1053410979886041,1053411000292666,1053410981062375,0.019230291,0,16588800,0.011241086758673191,-0.00039731407795095766,-0.0075321197509765625,0,b5af93cbe1cc5d1d7f6ad42630abe65e9ea2748429906730d52b29109c701e87,0.0035485278349369764,7680,540,4147200,true,1380411457,102b5f57c49c48fbed9e46088a0b0614250272baf5833580684f77d351b8c3f5,960,false
182,attributed,1,8294400,0,0,0,0,788ae0147bdf979a6575938ca2d7d4403788588f7be2010f03776c968fd1ab49,true,24000,1001,true,true,e7e2b99a952b73cd3f5f6d84afa8bc6182ca7e151166c9c5dfaa1fbfc557d4b8,true,323551232,72680592,396491024,1053411075464958,1053411045216125,2,0.030248833,24000,1740499,0,true,788ae0147bdf979a6575938ca2d7d4403788588f7be2010f03776c968fd1ab49,true,0,true,1dd7f8a26e56dfba878da177773321a53dca3f2b9d00b46118d4425ec3093903,1049357384,1498,0.001156417,0.030244916,0.030132251,0.010976959,3.916999999999116e-06,0.0004948750138282776,0.001486125,false,0.00011658200000000049,1053411075351125,1053411064374166,1053411045218250,1053411075463166,1053411046704416,1053411045218291,1053411047860875,1053411046704458,1053411064373875,1053411047861125,0.01651275,0,16588800,0.12668024003505707,-0.00822357325689355,-0.23784224689006805,0,1dd7f8a26e56dfba878da177773321a53dca3f2b9d00b46118d4425ec3093903,0.2732870578765869,7680,540,4147200,true,1380411457,8f4bdb38cfa4e1bce44a28d2c66c6f4a025c264b67232dbc275850c2c43a89d3,960,false
183,attributed,1,8294400,1,0.6057567670294466,0,0,e4d7d9ae97135d7dc185243b19490a1f40bcca651cf2b759538db368bedc01b7,true,24000,1001,false,true,14bb670c4466232e6ab633a2a6fdefd4c99bace2d8b10f6043f30829c0354b17,true,323551232,72680592,396491024,1053411140380333,1053411106144500,2,0.034235833,24000,1741500,0.6067052483558655,false,e4d7d9ae97135d7dc185243b19490a1f40bcca651cf2b759538db368bedc01b7,true,1058754825,false,ee54d44ebac3dca564784630aa7e04eb0e50afdb17521dfa1b05c85b78882a48,994358578,1499,0.001188125,0.034231875,0.034109584,0.014469792,3.957999999998352e-06,0.0004906249232590199,0.001384167,true,0.0001262490000000019,1053411140256583,1053411125786791,1053411106146208,1053411140378083,1053411107530375,1053411106146208,1053411108718541,1053411107530416,1053411125786416,1053411108718916,0.0170675,0,16588800,0.002702204277738929,2.3930811790998148e-05,-0.008261729963123798,0,ee54d44ebac3dca564784630aa7e04eb0e50afdb17521dfa1b05c85b78882a48,0.0030015227384865284,7680,540,4147200,true,1380411457,10fd5ad653a329e30f48ae164bbe87a4e93c20dfe3dbce53cff6587d39844f00,960,false
184,attributed,1,8294400,1,0.6108848549398807,0,0,ff2eeb16566030b9dd06a8c01bbf967fa94070c40acdbbea6a0d2dc48c7167eb,,24000,1001,false,true,d0803a559d88c0bd6b54e5cfded20c04d64f959e3c5009ee65a67a705aa33ce3,true,323551232,72680592,396491024,1053411199942541,1053411172019916,2,0.027922625,24000,1742501,0.6119656562805176,false,ff2eeb16566030b9dd06a8c01bbf967fa94070c40acdbbea6a0d2dc48c7167eb,true,1058843080,false,26438fbe98f93bb7ea392c433b2bfd232c214d8aa921dac0b16df381e5575aa2,993628541,1500,0.001797,0.027918375,0.027803459000000003,0.010265333,4.250000000000781e-06,0.0008176250848919153,0.001869542,false,0.00011916599999999694,1053411199826208,1053411189560875,1053411172022083,1053411199940458,1053411173891625,1053411172022083,1053411175688791,1053411173891791,1053411189560625,1053411175689041,0.013871584,0,16588800,0.00523300189524889,3.935026889083583e-06,-0.009355559013783932,0,26438fbe98f93bb7ea392c433b2bfd232c214d8aa921dac0b16df381e5575aa2,0.0028315477538853884,7680,540,4147200,true,1380411457,4207b7b32a8aa32ba41dcab5e8683045481e99471aa7acf58366f698f8113bb4,960,false
185,attributed,1,8294400,1,0.6434173492906502,0,0,7e53933ec6ffad34b19572512b6e4dd79cdf79d53cce1b9679f28641c8345004,,24000,1001,false,true,4945f8e1ed2a6ce70e38e9f25e6ee38a7d2a8b0e0901cab474531c8113227e4e,true,323551232,72680592,396491024,1053411262651375,1053411228177375,2,0.034474,24000,1743502,0.6451500058174133,false,7e53933ec6ffad34b19572512b6e4dd79cdf79d53cce1b9679f28641c8345004,true,1059399821,false,7978f43a3bced6a1c55c28e1bf996272c6bc5d5c543a9ffead43532ef8542ed8,996278982,1501,0.001316166,0.034470625,0.034344334,0.015628584,3.374999999999906e-06,0.0004992915783077478,0.001320417,false,0.0001296660000000005,1053411262524375,1053411246895791,1053411228179416,1053411262650041,1053411229499875,1053411228179458,1053411230816166,1053411229500000,1053411246895583,1053411230816416,0.016079167,0,16588800,0.0060884952545166016,-0.00011930742275908047,-0.011883347295224667,0,7978f43a3bced6a1c55c28e1bf996272c6bc5d5c543a9ffead43532ef8542ed8,0.0034486516378819942,7680,540,4147200,true,1380411457,a722bcf70aadfcef2092359dd3f4568b7b2413c35fefe742a5134c4657ef6fe7,960,false
186,attributed,1,8294400,1,0.5464105376980998,0,0,a1dc46082a3247c370a0bea80eac8a6a710ea1d6c4447263d927751d18344a45,,24000,1001,false,true,ad7ed19b2a9ce48b75220fac53032ab41cea9d4eddfe62f09bb1c86e063d6e46,true,323551232,72680592,396491024,1053411327061875,1053411290125083,2,0.036936792,24000,1744503,0.54786217212677,false,a1dc46082a3247c370a0bea80eac8a6a710ea1d6c4447263d927751d18344a45,true,1057767602,false,e33097e78f0358cea2f0b6c880c8d7430606842815c4dde063dad6f92247d23d,998857116,1502,0.001053959,0.036934584,0.036814501,0.020801042,2.2080000000035405e-06,0.00044970843009650707,0.001418625,false,0.00012229100000000354,1053411326941458,1053411306140416,1053411290126041,1053411327060625,1053411291544666,1053411290126041,1053411292598875,1053411291544916,1053411306140166,1053411292599291,0.013540875,0,16588800,0.011320527642965317,-0.00025843947588864924,-0.015538307838141918,0,e33097e78f0358cea2f0b6c880c8d7430606842815c4dde063dad6f92247d23d,0.0041915904730558395,7680,540,4147200,true,1380411457,2fed5cd44d323c37a7301ae565be5fe5a4a59a791c9e9994d864dd8abe6ca8a8,960,false
187,attributed,1,8294400,1,0.5558029466185292,0,0,258955f94ba510e2de8a6b14dfe07f10e1b6ab8e7d73c54fe6bc36c37eaa3d6d,,24000,1001,false,true,d0e5c2803d70ef53f24fac74b8d5709c4d6caeb53dcb90684c7e1275fa774a9b,true,323551232,72680592,396491024,1053411376575541,1053411355000791,2,0.02157475,24000,1745504,0.5576794147491455,false,258955f94ba510e2de8a6b14dfe07f10e1b6ab8e7d73c54fe6bc36c37eaa3d6d,true,1057932308,false,78c5f5048602e5bfe730d96301fea06c51773051ba1cc57f91269c205da7c095,1003234174,1503,0.001133583,0.021572375,0.021457251,0.006062917,2.3749999999989058e-06,0.0004776250571012497,0.001463667,false,0.00011749900000000008,1053411376460333,1053411370397416,1053411355002166,1053411376574541,1053411356465875,1053411355002208,1053411357599708,1053411356466125,1053411370397250,1053411357600166,0.012797084,0,16588800,0.018684513866901398,-0.0007737493323636908,-0.020751897245645523,0,78c5f5048602e5bfe730d96301fea06c51773051ba1cc57f91269c205da7c095,0.006229816935956478,7680,540,4147200,true,1380411457,decb1265301fcb2291a21c58090f57427bb8670a65a667a62d0439f2e6b413a7,960,false
188,attributed,1,8294400,1,0.4967001883586973,0,0,19e13139913e3ab371c6400a1c7c2c109d1d6fdfbe6cb24aaa64906f6d77c38d,,24000,1001,false,true,d841adda17732722059f6de44301e74fecb55acc82790a6183686bebf268ffa9,true,323551232,72680592,396491024,1053411434627750,1053411405239791,2,0.029387959,24000,1746505,0.4978949725627899,false,19e13139913e3ab371c6400a1c7c2c109d1d6fdfbe6cb24aaa64906f6d77c38d,true,1056893975,false,24a3e209d060296693c3cbd16489d2a7e2d46cced3ec107c250b5b226a6785b8,1006775909,1504,0.001231417,0.029384834,0.029263959,0.010146916,3.1250000000031253e-06,0.0005049998871982098,0.001600542,false,0.00012400000000000258,1053411434506166,1053411424359250,1053411405241541,1053411434626375,1053411406842125,1053411405241583,1053411408073583,1053411406842166,1053411424359000,1053411408073916,0.016285084,0,16588800,0.02484792098402977,-0.000152401579508241,-0.027530359104275703,0,24a3e209d060296693c3cbd16489d2a7e2d46cced3ec107c250b5b226a6785b8,0.007945631630718708,7680,540,4147200,true,1380411457,fda1c384e0df09c8855dfd5d98962c21a56478c291f25f6e2d28bc534b1c1125,960,false
189,attributed,1,8294400,1,0.5260632195270778,0,0,def4be0fb3fad44d0bba17f4ec87b34a29779692689a1e34b7c1d14c9890783d,,24000,1001,false,true,5e9f8c578fbdaa9a79951a9a0b0db54ad2a6dc573f3248623711260204a2f518,true,323551232,72680592,396491024,1053411498478833,1053411462378833,2,0.0361,24000,1747506,0.527655303478241,false,def4be0fb3fad44d0bba17f4ec87b34a29779692689a1e34b7c1d14c9890783d,true,1057428587,false,d25a99836273ea0743af4085c581ad6a8686930de7930c31b2dc4751ddf3138e,1006014090,1505,0.001178792,0.036097625,0.035965043,0.019663417,2.3749999999989058e-06,0.0009495001286268234,0.001787667,false,0.00013495699999999805,1053411498345625,1053411478682208,1053411462380041,1053411498477666,1053411464167708,1053411462380041,1053411465346583,1053411464167791,1053411478681958,1053411465346791,0.013335167,0,16588800,0.02820619009435177,-0.0005357904402438571,-0.03139456361532211,0,d25a99836273ea0743af4085c581ad6a8686930de7930c31b2dc4751ddf3138e,0.007524316199123859,7680,540,4147200,true,1380411457,fa1be92a22543d09f08ecf298d3a56065a9ac363e8256896216c1b804d495d6b,960,false
190,attributed,1,8294400,1,0.4329532932854955,0,0,4884d6f9f54612fb41275b8e8d13cddd2192972bfafae0abaa4314560ed442e6,,24000,1001,false,true,005b4fbe5a259b3440cdbacb4d77d7d1174f34b0c160e36ea1d31a6d1e17e58c,true,323551232,72680592,396491024,1053411550709416,1053411526339083,2,0.024370333,24000,1748507,0.43426746129989624,false,4884d6f9f54612fb41275b8e8d13cddd2192972bfafae0abaa4314560ed442e6,true,1054758990,false,6535db30047013aff9361867183968d00e14f046061dc1e02eb431fc8c269d36,1006712293,1506,0.001146542,0.02436725,0.02424596,0.008693875,3.083000000000946e-06,0.0005446665454655886,0.001390709,false,0.00012437300000000054,1053411550587500,1053411541893625,1053411526340750,1053411550708000,1053411527731500,1053411526340791,1053411528878208,1053411527731666,1053411541893375,1053411528878541,0.013014834,0,16588800,0.02942047081887722,-0.00039029555460797893,-0.04015740379691124,0,6535db30047013aff9361867183968d00e14f046061dc1e02eb431fc8c269d36,0.00788638461381197,7680,540,4147200,true,1380411457,06ea96d98e748fecb427a5a546c80096c0a210b1bb2a24b5941adb3d23235849,960,false
191,attributed,1,8294400,1,0.5346288507812772,0,0,4a85e0bcb8f464c66c75cb11c1eec19ea4773c4d0c27fb17ca25c0938dce94de,,24000,1001,false,true,ae848c323367785c4afaf1dce9a980f379438c1285609a99009bbad4ea0dc89b,true,323551232,72680592,396491024,1053411613164583,1053411578704208,2,0.034460375,24000,1749508,0.5358805656433105,false,4a85e0bcb8f464c66c75cb11c1eec19ea4773c4d0c27fb17ca25c0938dce94de,true,1057566584,false,95337bec55e8cd043e66cac3aa222461d766c6318d86d69f2b8bc74569569192,1007816552,1507,0.001154542,0.034457041,0.034319041,0.017943625,3.3340000000006698e-06,0.0006509998347610235,0.001453416,false,0.0001413339999999999,1053411613025208,1053411595081583,1053411578705625,1053411613162666,1053411580159041,1053411578705625,1053411581313625,1053411580159083,1053411595081458,1053411581314000,0.013767458,0,16588800,0.0404788963496685,-0.0006126059190670107,-0.03368807211518288,0,95337bec55e8cd043e66cac3aa222461d766c6318d86d69f2b8bc74569569192,0.008914805948734283,7680,540,4147200,true,1380411457,28242cb5988632d5050260a6970f3e7064048069bd8f5387bc1875137abe481d,960,false
192,attributed,1,8294400,0,0,0,0,788ae0147bdf979a6575938ca2d7d4403788588f7be2010f03776c968fd1ab49,,24000,1001,true,true,2067ac390b0ae7bb329aa2412208bdd5cd343cce076d9e653723773fae4aeb2f,true,323551232,72680592,396491024,1053411674828250,1053411650776458,2,0.024051792,24000,1738497,0,true,788ae0147bdf979a6575938ca2d7d4403788588f7be2010f03776c968fd1ab49,true,0,true,ca954688e08310567d16960ff74c9983fbd4bc77c918b924a37f77d810b0668c,1049003833,1496,0.00116175,0.024048291,0.023910208,0.008069125,3.5009999999995045e-06,0.00045650009997189045,0.001354542,true,0.00014158400000000015,1053411674688916,1053411666619791,1053411650778000,1053411674826291,1053411652132583,1053411650778041,1053411653294416,1053411652132666,1053411666619541,1053411653294750,0.013324791,1,16588800,0.11803362518548965,0.009515197023812918,-0.06817129999399185,0,ca954688e08310567d16960ff74c9983fbd4bc77c918b924a37f77d810b0668c,0.26275041699409485,7680,540,4147200,true,1380411457,6d9a3ce0f692bf84dc9d47eb20507c37e0d84b217c29b98e25ac01aa6bd6f044,960,true
193,attributed,1,8294400,1,0.5580001935950686,0,0,ff24d7286b3978166808fccb18ded53d06f8a0687fe03a9af73eba1e698dc25c,,24000,1001,true,true,26e222bb9f5e7471b646ea2c9aaa390c6d8295fff6a32776e1c662fe80b942af,true,323551232,72680592,396491024,1053411737409541,1053411702841541,2,0.034568,24000,1739498,0.558485746383667,false,ff24d7286b3978166808fccb18ded53d06f8a0687fe03a9af73eba1e698dc25c,true,1057945836,false,b5af93cbe1cc5d1d7f6ad42630abe65e9ea2748429906730d52b29109c701e87,996707947,1497,0.001338125,0.034565041,0.034425792000000004,0.014586667,2.959000000003764e-06,0.00047208345495164394,0.001311167,true,0.00014220799999999784,1053411737269000,1053411722682333,1053411702842750,1053411737407791,1053411704153958,1053411702842791,1053411705492125,1053411704154000,1053411722682208,1053411705492375,0.017189833,1,16588800,0.011241086758673191,-0.00039731407795095766,-0.0075321197509765625,0,b5af93cbe1cc5d1d7f6ad42630abe65e9ea2748429906730d52b29109c701e87,0.0035485278349369764,7680,540,4147200,true,1380411457,102b5f57c49c48fbed9e46088a0b0614250272baf5833580684f77d351b8c3f5,960,false
194,attributed,1,8294400,0,0,0,0,788ae0147bdf979a6575938ca2d7d4403788588f7be2010f03776c968fd1ab49,true,24000,1001,true,true,e7e2b99a952b73cd3f5f6d84afa8bc6182ca7e151166c9c5dfaa1fbfc557d4b8,true,323551232,72680592,396491024,1053411798444416,1053411765617291,2,0.032827125,24000,1740499,0,true,788ae0147bdf979a6575938ca2d7d4403788588f7be2010f03776c968fd1ab49,true,0,true,1dd7f8a26e56dfba878da177773321a53dca3f2b9d00b46118d4425ec3093903,1049357384,1498,0.0016305,0.032823708,0.032682208000000004,0.015751542,3.4169999999986156e-06,0.000758499838411808,0.001602875,false,0.0001449169999999944,1053411798301708,1053411782550166,1053411765618833,1053411798442541,1053411767221750,1053411765618875,1053411768852333,1053411767221833,1053411782549916,1053411768852625,0.013697291,1,16588800,0.12668024003505707,-0.00822357325689355,-0.23784224689006805,0,1dd7f8a26e56dfba878da177773321a53dca3f2b9d00b46118d4425ec3093903,0.2732870578765869,7680,540,4147200,true,1380411457,8f4bdb38cfa4e1bce44a28d2c66c6f4a025c264b67232dbc275850c2c43a89d3,960,false
195,attributed,1,8294400,1,0.6057567670294466,0,0,e4d7d9ae97135d7dc185243b19490a1f40bcca651cf2b759538db368bedc01b7,true,24000,1001,false,true,14bb670c4466232e6ab633a2a6fdefd4c99bace2d8b10f6043f30829c0354b17,true,323551232,72680592,396491024,1053411864032416,1053411828178833,2,0.035853583,24000,1741500,0.6067052483558655,false,e4d7d9ae97135d7dc185243b19490a1f40bcca651cf2b759538db368bedc01b7,true,1058754825,false,ee54d44ebac3dca564784630aa7e04eb0e50afdb17521dfa1b05c85b78882a48,994358578,1499,0.001816667,0.0358505,0.035714958,0.017086208,3.083000000000946e-06,0.0008368333801627159,0.00168275,true,0.00013862500000000333,1053411863895541,1053411846809333,1053411828180083,1053411864030583,1053411829862875,1053411828180125,1053411831679625,1053411829862958,1053411846809083,1053411831679750,0.015129333,1,16588800,0.002702204277738929,2.3930811790998148e-05,-0.008261729963123798,0,ee54d44ebac3dca564784630aa7e04eb0e50afdb17521dfa1b05c85b78882a48,0.0030015227384865284,7680,540,4147200,true,1380411457,10fd5ad653a329e30f48ae164bbe87a4e93c20dfe3dbce53cff6587d39844f00,960,false
196,attributed,1,8294400,1,0.6108848549398807,0,0,ff2eeb16566030b9dd06a8c01bbf967fa94070c40acdbbea6a0d2dc48c7167eb,,24000,1001,false,true,d0803a559d88c0bd6b54e5cfded20c04d64f959e3c5009ee65a67a705aa33ce3,true,323551232,72680592,396491024,1053411925824583,1053411894636916,2,0.031187667,24000,1742501,0.6119656562805176,false,ff2eeb16566030b9dd06a8c01bbf967fa94070c40acdbbea6a0d2dc48c7167eb,true,1058843080,false,26438fbe98f93bb7ea392c433b2bfd232c214d8aa921dac0b16df381e5575aa2,993628541,1500,0.001471541,0.031184459,0.031061583,0.011316875,3.2079999999976017e-06,0.0010935417376458645,0.002030542,false,0.00012608399999999853,1053411925700416,1053411914383541,1053411894638166,1053411925822625,1053411896668750,1053411894638208,1053411898140291,1053411896668750,1053411914383291,1053411898140666,0.016242625,1,16588800,0.00523300189524889,3.935026889083583e-06,-0.009355559013783932,0,26438fbe98f93bb7ea392c433b2bfd232c214d8aa921dac0b16df381e5575aa2,0.0028315477538853884,7680,540,4147200,true,1380411457,4207b7b32a8aa32ba41dcab5e8683045481e99471aa7acf58366f698f8113bb4,960,false
197,attributed,1,8294400,1,0.6434173492906502,0,0,7e53933ec6ffad34b19572512b6e4dd79cdf79d53cce1b9679f28641c8345004,,24000,1001,false,true,4945f8e1ed2a6ce70e38e9f25e6ee38a7d2a8b0e0901cab474531c8113227e4e,true,323551232,72680592,396491024,1053411987409916,1053411954355541,2,0.033054375,24000,1743502,0.6451500058174133,false,7e53933ec6ffad34b19572512b6e4dd79cdf79d53cce1b9679f28641c8345004,true,1059399821,false,7978f43a3bced6a1c55c28e1bf996272c6bc5d5c543a9ffead43532ef8542ed8,996278982,1501,0.00112925,0.033051125,0.032900625,0.01764975,3.2499999999963114e-06,0.00047862506471574306,0.001344375,false,0.00015374999999999417,1053411987258000,1053411969608250,1053411954356750,1053411987407875,1053411955701125,1053411954356750,1053411956830375,1053411955701125,1053411969607958,1053411956830708,0.01277725,1,16588800,0.0060884952545166016,-0.00011930742275908047,-0.011883347295224667,0,7978f43a3bced6a1c55c28e1bf996272c6bc5d5c543a9ffead43532ef8542ed8,0.0034486516378819942,7680,540,4147200,true,1380411457,a722bcf70aadfcef2092359dd3f4568b7b2413c35fefe742a5134c4657ef6fe7,960,false
198,attributed,1,8294400,1,0.5464105376980998,0,0,a1dc46082a3247c370a0bea80eac8a6a710ea1d6c4447263d927751d18344a45,,24000,1001,false,true,ad7ed19b2a9ce48b75220fac53032ab41cea9d4eddfe62f09bb1c86e063d6e46,true,323551232,72680592,396491024,1053412042582500,1053412015392250,2,0.02719025,24000,1744503,0.54786217212677,false,a1dc46082a3247c370a0bea80eac8a6a710ea1d6c4447263d927751d18344a45,true,1057767602,false,e33097e78f0358cea2f0b6c880c8d7430606842815c4dde063dad6f92247d23d,998857116,1502,0.001640042,0.027186959,0.027037958,0.007977583,3.290999999999017e-06,0.0008709998801350594,0.001799166,false,0.00015229199999999832,1053412042432083,1053412034454500,1053412015393541,1053412042580500,1053412017192791,1053412015393625,1053412018832875,1053412017192833,1053412034454250,1053412018833083,0.015621167,1,16588800,0.011320527642965317,-0.00025843947588864924,-0.015538307838141918,0,e33097e78f0358cea2f0b6c880c8d7430606842815c4dde063dad6f92247d23d,0.0041915904730558395,7680,540,4147200,true,1380411457,2fed5cd44d323c37a7301ae565be5fe5a4a59a791c9e9994d864dd8abe6ca8a8,960,false
199,attributed,1,8294400,1,0.5558029466185292,0,0,258955f94ba510e2de8a6b14dfe07f10e1b6ab8e7d73c54fe6bc36c37eaa3d6d,,24000,1001,false,true,d0e5c2803d70ef53f24fac74b8d5709c4d6caeb53dcb90684c7e1275fa774a9b,true,323551232,72680592,396491024,1053412099162458,1053412069943291,2,0.029219167,24000,1745504,0.5576794147491455,false,258955f94ba510e2de8a6b14dfe07f10e1b6ab8e7d73c54fe6bc36c37eaa3d6d,true,1057932308,false,78c5f5048602e5bfe730d96301fea06c51773051ba1cc57f91269c205da7c095,1003234174,1503,0.001355542,0.029216375,0.029078584999999997,0.01302825,2.79200000000146e-06,0.00046624988317489624,0.001316459,false,0.00014058200000000368,1053412099024500,1053412085996250,1053412069945250,1053412099161625,1053412071261750,1053412069945291,1053412072617333,1053412071261791,1053412085996125,1053412072617791,0.013378334,1,16588800,0.018684513866901398,-0.0007737493323636908,-0.020751897245645523,0,78c5f5048602e5bfe730d96301fea06c51773051ba1cc57f91269c205da7c095,0.006229816935956478,7680,540,4147200,true,1380411457,decb1265301fcb2291a21c58090f57427bb8670a65a667a62d0439f2e6b413a7,960,false
200,attributed,1,8294400,1,0.4967001883586973,0,0,19e13139913e3ab371c6400a1c7c2c109d1d6fdfbe6cb24aaa64906f6d77c38d,,24000,1001,false,true,d841adda17732722059f6de44301e74fecb55acc82790a6183686bebf268ffa9,true,323551232,72680592,396491024,1053412148331041,1053412126222208,2,0.022108833,24000,1746505,0.4978949725627899,false,19e13139913e3ab371c6400a1c7c2c109d1d6fdfbe6cb24aaa64906f6d77c38d,true,1056893975,false,24a3e209d060296693c3cbd16489d2a7e2d46cced3ec107c250b5b226a6785b8,1006775909,1504,0.001076709,0.022107291,0.021978542,0.00744225,1.5420000000002099e-06,0.0004477500915527344,0.001277875,false,0.00013029100000000113,1053412148202458,1053412140760208,1053412126223000,1053412148330291,1053412127500875,1053412126223000,1053412128577750,1053412127501041,1053412140759958,1053412128578250,0.012181708,1,16588800,0.02484792098402977,-0.000152401579508241,-0.027530359104275703,0,24a3e209d060296693c3cbd16489d2a7e2d46cced3ec107c250b5b226a6785b8,0.007945631630718708,7680,540,4147200,true,1380411457,fda1c384e0df09c8855dfd5d98962c21a56478c291f25f6e2d28bc534b1c1125,960,false
201,attributed,1,8294400,1,0.5260632195270778,0,0,def4be0fb3fad44d0bba17f4ec87b34a29779692689a1e34b7c1d14c9890783d,,24000,1001,false,true,5e9f8c578fbdaa9a79951a9a0b0db54ad2a6dc573f3248623711260204a2f518,true,323551232,72680592,396491024,1053412207148375,1053412175672958,2,0.031475417,24000,1747506,0.527655303478241,false,def4be0fb3fad44d0bba17f4ec87b34a29779692689a1e34b7c1d14c9890783d,true,1057428587,false,d25a99836273ea0743af4085c581ad6a8686930de7930c31b2dc4751ddf3138e,1006014090,1505,0.001130083,0.031473167,0.031358708,0.014677792,2.2499999999953113e-06,0.0004444166552275419,0.001215708,false,0.00011670899999999956,1053412207033125,1053412192355333,1053412175673958,1053412207147125,1053412176889666,1053412175673958,1053412178019791,1053412176889708,1053412192355166,1053412178020041,0.014335125,1,16588800,0.02820619009435177,-0.0005357904402438571,-0.03139456361532211,0,d25a99836273ea0743af4085c581ad6a8686930de7930c31b2dc4751ddf3138e,0.007524316199123859,7680,540,4147200,true,1380411457,fa1be92a22543d09f08ecf298d3a56065a9ac363e8256896216c1b804d495d6b,960,false
202,attributed,1,8294400,1,0.4329532932854955,0,0,4884d6f9f54612fb41275b8e8d13cddd2192972bfafae0abaa4314560ed442e6,,24000,1001,false,true,005b4fbe5a259b3440cdbacb4d77d7d1174f34b0c160e36ea1d31a6d1e17e58c,true,323551232,72680592,396491024,1053412259418250,1053412234222416,2,0.025195834,24000,1748507,0.43426746129989624,false,4884d6f9f54612fb41275b8e8d13cddd2192972bfafae0abaa4314560ed442e6,true,1054758990,false,6535db30047013aff9361867183968d00e14f046061dc1e02eb431fc8c269d36,1006712293,1506,0.001405083,0.025194209,0.025070165999999998,0.008628958,1.6250000000016251e-06,0.0008398331701755524,0.0017055,false,0.0001256680000000024,1053412259293666,1053412250664708,1053412234223166,1053412259417375,1053412235928666,1053412234223166,1053412237333958,1053412235928875,1053412250664666,1053412237334041,0.013330625,1,16588800,0.02942047081887722,-0.00039029555460797893,-0.04015740379691124,0,6535db30047013aff9361867183968d00e14f046061dc1e02eb431fc8c269d36,0.00788638461381197,7680,540,4147200,true,1380411457,06ea96d98e748fecb427a5a546c80096c0a210b1bb2a24b5941adb3d23235849,960,false
203,attributed,1,8294400,1,0.5346288507812772,0,0,4a85e0bcb8f464c66c75cb11c1eec19ea4773c4d0c27fb17ca25c0938dce94de,,24000,1001,false,true,ae848c323367785c4afaf1dce9a980f379438c1285609a99009bbad4ea0dc89b,true,323551232,72680592,396491024,1053412323539833,1053412286314166,2,0.037225667,24000,1749508,0.5358805656433105,false,4a85e0bcb8f464c66c75cb11c1eec19ea4773c4d0c27fb17ca25c0938dce94de,true,1057566584,false,95337bec55e8cd043e66cac3aa222461d766c6318d86d69f2b8bc74569569192,1007816552,1507,0.00151775,0.037223459,0.037077916,0.018719583,2.2079999999966016e-06,0.0004710000939667225,0.001302291,false,0.00014775099999999458,1053412323393916,1053412304674333,1053412286314791,1053412323538250,1053412287617166,1053412286314875,1053412289135166,1053412287617416,1053412304674333,1053412289136041,0.015538292,1,16588800,0.0404788963496685,-0.0006126059190670107,-0.03368807211518288,0,95337bec55e8cd043e66cac3aa222461d766c6318d86d69f2b8bc74569569192,0.008914805948734283,7680,540,4147200,true,1380411457,28242cb5988632d5050260a6970f3e7064048069bd8f5387bc1875137abe481d,960,false
204,attributed,1,8294400,0,0,0,0,788ae0147bdf979a6575938ca2d7d4403788588f7be2010f03776c968fd1ab49,,24000,1001,true,true,2067ac390b0ae7bb329aa2412208bdd5cd343cce076d9e653723773fae4aeb2f,true,352632868,43598956,396491024,1053412396169291,1053412362235708,2,0.033933583,24000,1738497,0,true,788ae0147bdf979a6575938ca2d7d4403788588f7be2010f03776c968fd1ab49,true,0,true,ca954688e08310567d16960ff74c9983fbd4bc77c918b924a37f77d810b0668c,1049003833,1496,0.001307959,0.0339295,0.03375175,0.01715775,4.083000000001946e-06,0.0004972498863935471,0.001638875,true,0.00018183300000000624,1053412395989916,1053412378832166,1053412362237208,1053412396166708,1053412363876083,1053412362237208,1053412365184375,1053412363876416,1053412378831916,1053412365184750,0.013647166,2,16588800,0.11803362518548965,0.009515197023812918,-0.06817129999399185,0,ca954688e08310567d16960ff74c9983fbd4bc77c918b924a37f77d810b0668c,0.26275041699409485,7680,540,4147200,true,1380411457,6d9a3ce0f692bf84dc9d47eb20507c37e0d84b217c29b98e25ac01aa6bd6f044,960,true
205,attributed,1,8294400,1,0.5580001935950686,0,0,ff24d7286b3978166808fccb18ded53d06f8a0687fe03a9af73eba1e698dc25c,,24000,1001,true,true,26e222bb9f5e7471b646ea2c9aaa390c6d8295fff6a32776e1c662fe80b942af,true,323551232,72680592,396491024,1053412464743416,1053412425555000,2,0.039188416,24000,1739498,0.558485746383667,false,ff24d7286b3978166808fccb18ded53d06f8a0687fe03a9af73eba1e698dc25c,true,1057945836,false,b5af93cbe1cc5d1d7f6ad42630abe65e9ea2748429906730d52b29109c701e87,996707947,1497,0.002115375,0.039183708,0.039029457000000004,0.016727125,4.707999999999102e-06,0.0004891250282526016,0.001440666,true,0.00015895899999999324,1053412464588083,1053412447860958,1053412425557500,1053412464741208,1053412426998291,1053412425557625,1053412429113875,1053412426998500,1053412447860666,1053412429114375,0.018746291,2,16588800,0.011241086758673191,-0.00039731407795095766,-0.0075321197509765625,0,b5af93cbe1cc5d1d7f6ad42630abe65e9ea2748429906730d52b29109c701e87,0.0035485278349369764,7680,540,4147200,true,1380411457,102b5f57c49c48fbed9e46088a0b0614250272baf5833580684f77d351b8c3f5,960,false
206,attributed,1,8294400,0,0,0,0,788ae0147bdf979a6575938ca2d7d4403788588f7be2010f03776c968fd1ab49,true,24000,1001,true,true,e7e2b99a952b73cd3f5f6d84afa8bc6182ca7e151166c9c5dfaa1fbfc557d4b8,true,323551232,72680592,396491024,1053412522919041,1053412494224333,2,0.028694708,24000,1740499,0,true,788ae0147bdf979a6575938ca2d7d4403788588f7be2010f03776c968fd1ab49,true,0,true,1dd7f8a26e56dfba878da177773321a53dca3f2b9d00b46118d4425ec3093903,1049357384,1498,0.001567167,0.028690958,0.028524999000000002,0.007048666,3.750000000000281e-06,0.0009927083738148212,0.002024,false,0.00016970899999999706,1053412522752416,1053412515703750,1053412494226708,1053412522917666,1053412496250750,1053412494226750,1053412497818000,1053412496250833,1053412515703541,1053412497818375,0.017885166,2,16588800,0.12668024003505707,-0.00822357325689355,-0.23784224689006805,0,1dd7f8a26e56dfba878da177773321a53dca3f2b9d00b46118d4425ec3093903,0.2732870578765869,7680,540,4147200,true,1380411457,8f4bdb38cfa4e1bce44a28d2c66c6f4a025c264b67232dbc275850c2c43a89d3,960,false
207,attributed,1,8294400,1,0.6057567670294466,0,0,e4d7d9ae97135d7dc185243b19490a1f40bcca651cf2b759538db368bedc01b7,true,24000,1001,false,true,14bb670c4466232e6ab633a2a6fdefd4c99bace2d8b10f6043f30829c0354b17,true,323551232,72680592,396491024,1053412589346375,1053412551548250,2,0.037798125,24000,1741500,0.6067052483558655,false,e4d7d9ae97135d7dc185243b19490a1f40bcca651cf2b759538db368bedc01b7,true,1058754825,false,ee54d44ebac3dca564784630aa7e04eb0e50afdb17521dfa1b05c85b78882a48,994358578,1499,0.001201834,0.037794625,0.037664293,0.0171795,3.5000000000035003e-06,0.0004713749513030052,0.001356167,true,0.0001338320000000004,1053412589215458,1053412572035958,1053412551550291,1053412589344916,1053412552906500,1053412551550333,1053412554108625,1053412552906791,1053412572035708,1053412554108916,0.017926792,2,16588800,0.002702204277738929,2.3930811790998148e-05,-0.008261729963123798,0,ee54d44ebac3dca564784630aa7e04eb0e50afdb17521dfa1b05c85b78882a48,0.0030015227384865284,7680,540,4147200,true,1380411457,10fd5ad653a329e30f48ae164bbe87a4e93c20dfe3dbce53cff6587d39844f00,960,false
208,attributed,1,8294400,1,0.6108848549398807,0,0,ff2eeb16566030b9dd06a8c01bbf967fa94070c40acdbbea6a0d2dc48c7167eb,,24000,1001,false,true,d0803a559d88c0bd6b54e5cfded20c04d64f959e3c5009ee65a67a705aa33ce3,true,323551232,72680592,396491024,1053412645259625,1053412618689666,2,0.026569959,24000,1742501,0.6119656562805176,false,ff2eeb16566030b9dd06a8c01bbf967fa94070c40acdbbea6a0d2dc48c7167eb,true,1058843080,false,26438fbe98f93bb7ea392c433b2bfd232c214d8aa921dac0b16df381e5575aa2,993628541,1500,0.0013505,0.026566292,0.026401417,0.012015959,3.667000000002335e-06,0.00047704181633889675,0.001384875,false,0.0001685420000000007,1053412645093500,1053412633077541,1053412618691291,1053412645257583,1053412620076208,1053412618691333,1053412621426791,1053412620076291,1053412633077333,1053412621427250,0.011650083,2,16588800,0.00523300189524889,3.935026889083583e-06,-0.009355559013783932,0,26438fbe98f93bb7ea392c433b2bfd232c214d8aa921dac0b16df381e5575aa2,0.0028315477538853884,7680,540,4147200,true,1380411457,4207b7b32a8aa32ba41dcab5e8683045481e99471aa7acf58366f698f8113bb4,960,false
209,attributed,1,8294400,1,0.6434173492906502,0,0,7e53933ec6ffad34b19572512b6e4dd79cdf79d53cce1b9679f28641c8345004,,24000,1001,false,true,4945f8e1ed2a6ce70e38e9f25e6ee38a7d2a8b0e0901cab474531c8113227e4e,true,323551232,72680592,396491024,1053412706756291,1053412673524333,2,0.033231958,24000,1743502,0.6451500058174133,false,7e53933ec6ffad34b19572512b6e4dd79cdf79d53cce1b9679f28641c8345004,true,1059399821,false,7978f43a3bced6a1c55c28e1bf996272c6bc5d5c543a9ffead43532ef8542ed8,996278982,1501,0.001086625,0.033228375,0.033099583,0.018020042,3.583000000001446e-06,0.0004462499637156725,0.001270458,false,0.00013237499999999708,1053412706626583,1053412688606541,1053412673526083,1053412706754458,1053412674796583,1053412673526125,1053412675883375,1053412674796750,1053412688606291,1053412675883833,0.012722458,2,16588800,0.0060884952545166016,-0.00011930742275908047,-0.011883347295224667,0,7978f43a3bced6a1c55c28e1bf996272c6bc5d5c543a9ffead43532ef8542ed8,0.0034486516378819942,7680,540,4147200,true,1380411457,a722bcf70aadfcef2092359dd3f4568b7b2413c35fefe742a5134c4657ef6fe7,960,false
210,attributed,1,8294400,1,0.5464105376980998,0,0,a1dc46082a3247c370a0bea80eac8a6a710ea1d6c4447263d927751d18344a45,,24000,1001,false,true,ad7ed19b2a9ce48b75220fac53032ab41cea9d4eddfe62f09bb1c86e063d6e46,true,323551232,72680592,396491024,1053412755763666,1053412734748041,2,0.021015625,24000,1744503,0.54786217212677,false,a1dc46082a3247c370a0bea80eac8a6a710ea1d6c4447263d927751d18344a45,true,1057767602,false,e33097e78f0358cea2f0b6c880c8d7430606842815c4dde063dad6f92247d23d,998857116,1502,0.001180542,0.021011958,0.020854459,0.008015625,3.6669999999988656e-06,0.00047399988397955894,0.001339875,false,0.00016116600000000078,1053412755605500,1053412747589875,1053412734750125,1053412755762083,1053412736090041,1053412734750166,1053412737270833,1053412736090291,1053412747589583,1053412737271166,0.010318417,2,16588800,0.011320527642965317,-0.00025843947588864924,-0.015538307838141918,0,e33097e78f0358cea2f0b6c880c8d7430606842815c4dde063dad6f92247d23d,0.0041915904730558395,7680,540,4147200,true,1380411457,2fed5cd44d323c37a7301ae565be5fe5a4a59a791c9e9994d864dd8abe6ca8a8,960,false
211,attributed,1,8294400,1,0.5558029466185292,0,0,258955f94ba510e2de8a6b14dfe07f10e1b6ab8e7d73c54fe6bc36c37eaa3d6d,,24000,1001,false,true,d0e5c2803d70ef53f24fac74b8d5709c4d6caeb53dcb90684c7e1275fa774a9b,true,323551232,72680592,396491024,1053412818901500,1053412783307458,2,0.035594042,24000,1745504,0.5576794147491455,false,258955f94ba510e2de8a6b14dfe07f10e1b6ab8e7d73c54fe6bc36c37eaa3d6d,true,1057932308,false,78c5f5048602e5bfe730d96301fea06c51773051ba1cc57f91269c205da7c095,1003234174,1503,0.001612791,0.035589416,0.035376041,0.019299209,4.62600000000063e-06,0.0007789165247231722,0.001628791,false,0.0002180010000000024,1053412818685500,1053412799386291,1053412783308875,1053412818898291,1053412784937666,1053412783308875,1053412786550541,1053412784937750,1053412799386041,1053412786550791,0.01283525,2,16588800,0.018684513866901398,-0.0007737493323636908,-0.020751897245645523,0,78c5f5048602e5bfe730d96301fea06c51773051ba1cc57f91269c205da7c095,0.006229816935956478,7680,540,4147200,true,1380411457,decb1265301fcb2291a21c58090f57427bb8670a65a667a62d0439f2e6b413a7,960,false
212,attributed,1,8294400,1,0.4967001883586973,0,0,19e13139913e3ab371c6400a1c7c2c109d1d6fdfbe6cb24aaa64906f6d77c38d,,24000,1001,false,true,d841adda17732722059f6de44301e74fecb55acc82790a6183686bebf268ffa9,true,323551232,72680592,396491024,1053412883334458,1053412849153541,2,0.034180917,24000,1746505,0.4978949725627899,false,19e13139913e3ab371c6400a1c7c2c109d1d6fdfbe6cb24aaa64906f6d77c38d,true,1056893975,false,24a3e209d060296693c3cbd16489d2a7e2d46cced3ec107c250b5b226a6785b8,1006775909,1504,0.0012465,0.034176834,0.034041709,0.012976542,4.082999999995007e-06,0.0004494998138397932,0.001324417,false,0.00013920799999999484,1053412883199000,1053412870222458,1053412849155666,1053412883332500,1053412850480250,1053412849155833,1053412851726750,1053412850480250,1053412870222208,1053412851727958,0.01849425,2,16588800,0.02484792098402977,-0.000152401579508241,-0.027530359104275703,0,24a3e209d060296693c3cbd16489d2a7e2d46cced3ec107c250b5b226a6785b8,0.007945631630718708,7680,540,4147200,true,1380411457,fda1c384e0df09c8855dfd5d98962c21a56478c291f25f6e2d28bc534b1c1125,960,false
213,attributed,1,8294400,1,0.5260632195270778,0,0,def4be0fb3fad44d0bba17f4ec87b34a29779692689a1e34b7c1d14c9890783d,,24000,1001,false,true,5e9f8c578fbdaa9a79951a9a0b0db54ad2a6dc573f3248623711260204a2f518,true,323551232,72680592,396491024,1053412947871041,1053412913628833,2,0.034242208,24000,1747506,0.527655303478241,false,def4be0fb3fad44d0bba17f4ec87b34a29779692689a1e34b7c1d14c9890783d,true,1057428587,false,d25a99836273ea0743af4085c581ad6a8686930de7930c31b2dc4751ddf3138e,1006014090,1505,0.001245041,0.034238167,0.034126624,0.016527208,4.0410000000032364e-06,0.0006052500102669001,0.001491,false,0.00011558400000000191,1053412947757833,1053412931230625,1053412913630708,1053412947868875,1053412915121750,1053412913630750,1053412916366791,1053412915121750,1053412931230416,1053412916367041,0.014863375,2,16588800,0.02820619009435177,-0.0005357904402438571,-0.03139456361532211,0,d25a99836273ea0743af4085c581ad6a8686930de7930c31b2dc4751ddf3138e,0.007524316199123859,7680,540,4147200,true,1380411457,fa1be92a22543d09f08ecf298d3a56065a9ac363e8256896216c1b804d495d6b,960,false
214,attributed,1,8294400,1,0.4329532932854955,0,0,4884d6f9f54612fb41275b8e8d13cddd2192972bfafae0abaa4314560ed442e6,,24000,1001,false,true,005b4fbe5a259b3440cdbacb4d77d7d1174f34b0c160e36ea1d31a6d1e17e58c,true,323551232,72680592,396491024,1053413020564291,1053412977774250,2,0.042790041,24000,1748507,0.43426746129989624,false,4884d6f9f54612fb41275b8e8d13cddd2192972bfafae0abaa4314560ed442e6,true,1054758990,false,6535db30047013aff9361867183968d00e14f046061dc1e02eb431fc8c269d36,1006712293,1506,0.001321333,0.042785875,0.042670833000000005,0.020355792,4.165999999999892e-06,0.0005143333692103624,0.00157375,false,0.00011920799999999565,1053413020448583,1053413000092791,1053412977776291,1053413020562166,1053412979350083,1053412977776333,1053412980671416,1053412979350083,1053413000092416,1053412980672458,0.019419958,2,16588800,0.02942047081887722,-0.00039029555460797893,-0.04015740379691124,0,6535db30047013aff9361867183968d00e14f046061dc1e02eb431fc8c269d36,0.00788638461381197,7680,540,4147200,true,1380411457,06ea96d98e748fecb427a5a546c80096c0a210b1bb2a24b5941adb3d23235849,960,false
215,attributed,1,8294400,1,0.5346288507812772,0,0,4a85e0bcb8f464c66c75cb11c1eec19ea4773c4d0c27fb17ca25c0938dce94de,,24000,1001,false,true,ae848c323367785c4afaf1dce9a980f379438c1285609a99009bbad4ea0dc89b,true,323551232,72680592,396491024,1053413074868333,1053413048472208,2,0.026396125,24000,1749508,0.5358805656433105,false,4a85e0bcb8f464c66c75cb11c1eec19ea4773c4d0c27fb17ca25c0938dce94de,true,1057566584,false,95337bec55e8cd043e66cac3aa222461d766c6318d86d69f2b8bc74569569192,1007816552,1507,0.001360666,0.026392375,0.026266249,0.010975375,3.750000000000281e-06,0.00046937516890466213,0.0014465,false,0.000129876000000001,1053413074741166,1053413063765791,1053413048474291,1053413074866666,1053413049920833,1053413048474333,1053413051281541,1053413049920875,1053413063765541,1053413051281833,0.012483708,2,16588800,0.0404788963496685,-0.0006126059190670107,-0.03368807211518288,0,95337bec55e8cd043e66cac3aa222461d766c6318d86d69f2b8bc74569569192,0.008914805948734283,7680,540,4147200,true,1380411457,28242cb5988632d5050260a6970f3e7064048069bd8f5387bc1875137abe481d,960,false
216,attributed,0,8294400,0,0,0,0,788ae0147bdf979a6575938ca2d7d4403788588f7be2010f03776c968fd1ab49,,24000,1001,true,true,2067ac390b0ae7bb329aa2412208bdd5cd343cce076d9e653723773fae4aeb2f,,323551232,72680592,396491024,1053413148593458,1053413116579625,3,0.032013833,24000,1738497,0,true,788ae0147bdf979a6575938ca2d7d4403788588f7be2010f03776c968fd1ab49,true,0,true,ca954688e08310567d16960ff74c9983fbd4bc77c918b924a37f77d810b0668c,1049003833,1496,0.00138525,0.032010542,0.031914416,0.009771208,3.2909999999955475e-06,0.0009597083553671837,0.002007083,true,9.941699999999748e-05,1053413148496416,1053413138725208,1053413116581458,1053413148592000,1053413118588583,1053413116581500,1053413119973875,1053413118588625,1053413138725041,1053413119974166,0.018750875,0,16588800,0.11803362518548965,0.009515197023812918,-0.06817129999399185,0,ca954688e08310567d16960ff74c9983fbd4bc77c918b924a37f77d810b0668c,0.26275041699409485,7680,540,4147200,true,1380411457,6d9a3ce0f692bf84dc9d47eb20507c37e0d84b217c29b98e25ac01aa6bd6f044,960,true
217,attributed,0,8294400,1,0.5580001935950686,0,0,ff24d7286b3978166808fccb18ded53d06f8a0687fe03a9af73eba1e698dc25c,,24000,1001,true,true,26e222bb9f5e7471b646ea2c9aaa390c6d8295fff6a32776e1c662fe80b942af,,323551232,72680592,396491024,1053413200614416,1053413176499541,3,0.024114875,24000,1739498,0.558485746383667,false,ff24d7286b3978166808fccb18ded53d06f8a0687fe03a9af73eba1e698dc25c,true,1057945836,false,b5af93cbe1cc5d1d7f6ad42630abe65e9ea2748429906730d52b29109c701e87,996707947,1497,0.001093125,0.024111875,0.023961416,0.005386416,2.999999999999531e-06,0.0005037917289882898,0.0013075,true,0.00015345900000000162,1053413200463291,1053413195076875,1053413176501333,1053413200613208,1053413177808833,1053413176501333,1053413178902000,1053413177808875,1053413195076583,1053413178902208,0.016174375,0,16588800,0.011241086758673191,-0.00039731407795095766,-0.0075321197509765625,0,b5af93cbe1cc5d1d7f6ad42630abe65e9ea2748429906730d52b29109c701e87,0.0035485278349369764,7680,540,4147200,true,1380411457,102b5f57c49c48fbed9e46088a0b0614250272baf5833580684f77d351b8c3f5,960,false
218,attributed,0,8294400,0,0,0,0,788ae0147bdf979a6575938ca2d7d4403788588f7be2010f03776c968fd1ab49,,24000,1001,true,true,e7e2b99a952b73cd3f5f6d84afa8bc6182ca7e151166c9c5dfaa1fbfc557d4b8,,323551232,72680592,396491024,1053413265404291,1053413229755458,3,0.035648833,24000,1740499,0,true,788ae0147bdf979a6575938ca2d7d4403788588f7be2010f03776c968fd1ab49,true,0,true,1dd7f8a26e56dfba878da177773321a53dca3f2b9d00b46118d4425ec3093903,1049357384,1498,0.001760125,0.035644417,0.035513,0.014291416,4.416000000000142e-06,0.0004802083130925894,0.001515125,false,0.00013583299999999493,1053413265271166,1053413250979750,1053413229757458,1053413265401875,1053413231272583,1053413229757458,1053413233032791,1053413231272666,1053413250979500,1053413233033166,0.017946334,0,16588800,0.12668024003505707,-0.00822357325689355,-0.23784224689006805,0,1dd7f8a26e56dfba878da177773321a53dca3f2b9d00b46118d4425ec3093903,0.2732870578765869,7680,540,4147200,true,1380411457,8f4bdb38cfa4e1bce44a28d2c66c6f4a025c264b67232dbc275850c2c43a89d3,960,false
219,attributed,0,8294400,1,0.6057567670294466,0,0,e4d7d9ae97135d7dc185243b19490a1f40bcca651cf2b759538db368bedc01b7,,24000,1001,false,true,14bb670c4466232e6ab633a2a6fdefd4c99bace2d8b10f6043f30829c0354b17,,323551232,72680592,396491024,1053413323842458,1053413294789166,3,0.029053292,24000,1741500,0.6067052483558655,false,e4d7d9ae97135d7dc185243b19490a1f40bcca651cf2b759538db368bedc01b7,true,1058754825,false,ee54d44ebac3dca564784630aa7e04eb0e50afdb17521dfa1b05c85b78882a48,994358578,1499,0.0011745,0.029048916,0.028881334,0.011123208,4.37600000000038e-06,0.00046645826660096645,0.001533417,true,0.00017195799999999983,1053413323673708,1053413312550500,1053413294791500,1053413323840416,1053413296324958,1053413294791541,1053413297499666,1053413296325166,1053413312550250,1053413297500041,0.015050209,0,16588800,0.002702204277738929,2.3930811790998148e-05,-0.008261729963123798,0,ee54d44ebac3dca564784630aa7e04eb0e50afdb17521dfa1b05c85b78882a48,0.0030015227384865284,7680,540,4147200,true,1380411457,10fd5ad653a329e30f48ae164bbe87a4e93c20dfe3dbce53cff6587d39844f00,960,false
220,attributed,0,8294400,1,0.6108848549398807,0,0,ff2eeb16566030b9dd06a8c01bbf967fa94070c40acdbbea6a0d2dc48c7167eb,,24000,1001,false,true,d0803a559d88c0bd6b54e5cfded20c04d64f959e3c5009ee65a67a705aa33ce3,,323551232,72680592,396491024,1053413376185125,1053413351116291,3,0.025068834,24000,1742501,0.6119656562805176,false,ff2eeb16566030b9dd06a8c01bbf967fa94070c40acdbbea6a0d2dc48c7167eb,true,1058843080,false,26438fbe98f93bb7ea392c433b2bfd232c214d8aa921dac0b16df381e5575aa2,993628541,1500,0.001186334,0.025065375,0.024957541,0.009367458,3.4590000000007948e-06,0.00047520827502012253,0.001425333,false,0.00011129300000000189,1053413376076416,1053413366708958,1053413351118375,1053413376183750,1053413352543708,1053413351118375,1053413353730125,1053413352543791,1053413366708791,1053413353730375,0.012978416,0,16588800,0.00523300189524889,3.935026889083583e-06,-0.009355559013783932,0,26438fbe98f93bb7ea392c433b2bfd232c214d8aa921dac0b16df381e5575aa2,0.0028315477538853884,7680,540,4147200,true,1380411457,4207b7b32a8aa32ba41dcab5e8683045481e99471aa7acf58366f698f8113bb4,960,false
221,attributed,0,8294400,1,0.6434173492906502,0,0,7e53933ec6ffad34b19572512b6e4dd79cdf79d53cce1b9679f28641c8345004,,24000,1001,false,true,4945f8e1ed2a6ce70e38e9f25e6ee38a7d2a8b0e0901cab474531c8113227e4e,,323551232,72680592,396491024,1053413430245041,1053413403770416,3,0.026474625,24000,1743502,0.6451500058174133,false,7e53933ec6ffad34b19572512b6e4dd79cdf79d53cce1b9679f28641c8345004,true,1059399821,false,7978f43a3bced6a1c55c28e1bf996272c6bc5d5c543a9ffead43532ef8542ed8,996278982,1501,0.001380416,0.026471166,0.026326083,0.009889167,3.4590000000007948e-06,0.0009788749739527702,0.001914042,false,0.0001485420000000015,1053413430098958,1053413420209791,1053413403772250,1053413430243416,1053413405686333,1053413403772291,1053413407066791,1053413405686375,1053413420209541,1053413407067083,0.013142458,0,16588800,0.0060884952545166016,-0.00011930742275908047,-0.011883347295224667,0,7978f43a3bced6a1c55c28e1bf996272c6bc5d5c543a9ffead43532ef8542ed8,0.0034486516378819942,7680,540,4147200,true,1380411457,a722bcf70aadfcef2092359dd3f4568b7b2413c35fefe742a5134c4657ef6fe7,960,false
222,attributed,0,8294400,1,0.5464105376980998,0,0,a1dc46082a3247c370a0bea80eac8a6a710ea1d6c4447263d927751d18344a45,,24000,1001,false,true,ad7ed19b2a9ce48b75220fac53032ab41cea9d4eddfe62f09bb1c86e063d6e46,,323551232,72680592,396491024,1053413493746458,1053413457763166,3,0.035983292,24000,1744503,0.54786217212677,false,a1dc46082a3247c370a0bea80eac8a6a710ea1d6c4447263d927751d18344a45,true,1057767602,false,e33097e78f0358cea2f0b6c880c8d7430606842815c4dde063dad6f92247d23d,998857116,1502,0.001125375,0.035976417,0.035852666000000005,0.021098958,6.875000000003406e-06,0.00045145838521420956,0.001300917,false,0.0001306259999999948,1053413493621666,1053413472522708,1053413457768041,1053413493744458,1053413459069000,1053413457768083,1053413460194666,1053413459069291,1053413472522416,1053413460195000,0.012327416,0,16588800,0.011320527642965317,-0.00025843947588864924,-0.015538307838141918,0,e33097e78f0358cea2f0b6c880c8d7430606842815c4dde063dad6f92247d23d,0.0041915904730558395,7680,540,4147200,true,1380411457,2fed5cd44d323c37a7301ae565be5fe5a4a59a791c9e9994d864dd8abe6ca8a8,960,false
223,attributed,0,8294400,1,0.5558029466185292,0,0,258955f94ba510e2de8a6b14dfe07f10e1b6ab8e7d73c54fe6bc36c37eaa3d6d,,24000,1001,false,true,d0e5c2803d70ef53f24fac74b8d5709c4d6caeb53dcb90684c7e1275fa774a9b,,323551232,72680592,396491024,1053413551767458,1053413521532833,3,0.030234625,24000,1745504,0.5576794147491455,false,258955f94ba510e2de8a6b14dfe07f10e1b6ab8e7d73c54fe6bc36c37eaa3d6d,true,1057932308,false,78c5f5048602e5bfe730d96301fea06c51773051ba1cc57f91269c205da7c095,1003234174,1503,0.001711667,0.030231125,0.030040835000000002,0.01116475,3.500000000000031e-06,0.0007342500612139702,0.001595584,false,0.00019378999999999924,1053413551576083,1053413540411333,1053413521534375,1053413551765500,1053413523130000,1053413521534416,1053413524841833,1053413523130166,1053413540411125,1053413524842291,0.015568834,0,16588800,0.018684513866901398,-0.0007737493323636908,-0.020751897245645523,0,78c5f5048602e5bfe730d96301fea06c51773051ba1cc57f91269c205da7c095,0.006229816935956478,7680,540,4147200,true,1380411457,decb1265301fcb2291a21c58090f57427bb8670a65a667a62d0439f2e6b413a7,960,false
224,attributed,0,8294400,1,0.4967001883586973,0,0,19e13139913e3ab371c6400a1c7c2c109d1d6fdfbe6cb24aaa64906f6d77c38d,,24000,1001,false,true,d841adda17732722059f6de44301e74fecb55acc82790a6183686bebf268ffa9,,323551232,72680592,396491024,1053413607445833,1053413579465916,3,0.027979917,24000,1746505,0.4978949725627899,false,19e13139913e3ab371c6400a1c7c2c109d1d6fdfbe6cb24aaa64906f6d77c38d,true,1056893975,false,24a3e209d060296693c3cbd16489d2a7e2d46cced3ec107c250b5b226a6785b8,1006775909,1504,0.001724125,0.027976333,0.027836291000000003,0.009733333,3.5840000000009198e-06,0.0005492917262017727,0.001371542,false,0.0001436259999999974,1053413607304416,1053413597571083,1053413579467333,1053413607443666,1053413580838875,1053413579467333,1053413582563125,1053413580839000,1053413597570791,1053413582563500,0.015007291,0,16588800,0.02484792098402977,-0.000152401579508241,-0.027530359104275703,0,24a3e209d060296693c3cbd16489d2a7e2d46cced3ec107c250b5b226a6785b8,0.007945631630718708,7680,540,4147200,true,1380411457,fda1c384e0df09c8855dfd5d98962c21a56478c291f25f6e2d28bc534b1c1125,960,false
225,attributed,0,8294400,1,0.5260632195270778,0,0,def4be0fb3fad44d0bba17f4ec87b34a29779692689a1e34b7c1d14c9890783d,,24000,1001,false,true,5e9f8c578fbdaa9a79951a9a0b0db54ad2a6dc573f3248623711260204a2f518,,323551232,72680592,396491024,1053413673371000,1053413639198083,3,0.034172917,24000,1747506,0.527655303478241,false,def4be0fb3fad44d0bba17f4ec87b34a29779692689a1e34b7c1d14c9890783d,true,1057428587,false,d25a99836273ea0743af4085c581ad6a8686930de7930c31b2dc4751ddf3138e,1006014090,1505,0.00107875,0.034169417,0.034039625,0.014934458,3.4999999999965614e-06,0.0004684582818299532,0.001322875,false,0.00013329200000000013,1053413673239958,1053413658305500,1053413639199791,1053413673369208,1053413640522666,1053413639199791,1053413641601500,1053413640522750,1053413658305250,1053413641601708,0.016703542,0,16588800,0.02820619009435177,-0.0005357904402438571,-0.03139456361532211,0,d25a99836273ea0743af4085c581ad6a8686930de7930c31b2dc4751ddf3138e,0.007524316199123859,7680,540,4147200,true,1380411457,fa1be92a22543d09f08ecf298d3a56065a9ac363e8256896216c1b804d495d6b,960,false
226,attributed,0,8294400,1,0.4329532932854955,0,0,4884d6f9f54612fb41275b8e8d13cddd2192972bfafae0abaa4314560ed442e6,,24000,1001,false,true,005b4fbe5a259b3440cdbacb4d77d7d1174f34b0c160e36ea1d31a6d1e17e58c,,323551232,72680592,396491024,1053413725294625,1053413701163958,3,0.024130667,24000,1748507,0.43426746129989624,false,4884d6f9f54612fb41275b8e8d13cddd2192972bfafae0abaa4314560ed442e6,true,1054758990,false,6535db30047013aff9361867183968d00e14f046061dc1e02eb431fc8c269d36,1006712293,1506,0.001112875,0.024126208,0.024008375999999998,0.009832959,4.459000000001795e-06,0.0004619583487510681,0.001397917,false,0.00012229100000000354,1053413725176000,1053413715343041,1053413701166750,1053413725292958,1053413702564708,1053413701166791,1053413703677750,1053413702564875,1053413715342833,1053413703678208,0.011664625,0,16588800,0.02942047081887722,-0.00039029555460797893,-0.04015740379691124,0,6535db30047013aff9361867183968d00e14f046061dc1e02eb431fc8c269d36,0.00788638461381197,7680,540,4147200,true,1380411457,06ea96d98e748fecb427a5a546c80096c0a210b1bb2a24b5941adb3d23235849,960,false
227,attributed,0,8294400,1,0.5346288507812772,0,0,4a85e0bcb8f464c66c75cb11c1eec19ea4773c4d0c27fb17ca25c0938dce94de,,24000,1001,false,true,ae848c323367785c4afaf1dce9a980f379438c1285609a99009bbad4ea0dc89b,,323551232,72680592,396491024,1053413779235583,1053413753091833,3,0.02614375,24000,1749508,0.5358805656433105,false,4a85e0bcb8f464c66c75cb11c1eec19ea4773c4d0c27fb17ca25c0938dce94de,true,1057566584,false,95337bec55e8cd043e66cac3aa222461d766c6318d86d69f2b8bc74569569192,1007816552,1507,0.001088958,0.0261405,0.026018708,0.010873125,3.249999999999781e-06,0.0005033751949667931,0.001316792,false,0.00012504199999999882,1053413779112791,1053413768239666,1053413753093625,1053413779234125,1053413754410458,1053413753093666,1053413755499458,1053413754410500,1053413768239458,1053413755499625,0.012739833,0,16588800,0.0404788963496685,-0.0006126059190670107,-0.03368807211518288,0,95337bec55e8cd043e66cac3aa222461d766c6318d86d69f2b8bc74569569192,0.008914805948734283,7680,540,4147200,true,1380411457,28242cb5988632d5050260a6970f3e7064048069bd8f5387bc1875137abe481d,960,false
228,attributed,0,8294400,0,0,0,0,788ae0147bdf979a6575938ca2d7d4403788588f7be2010f03776c968fd1ab49,,24000,1001,true,true,2067ac390b0ae7bb329aa2412208bdd5cd343cce076d9e653723773fae4aeb2f,,323551232,72680592,396491024,1053413843152125,1053413819077625,3,0.0240745,24000,1738497,0,true,788ae0147bdf979a6575938ca2d7d4403788588f7be2010f03776c968fd1ab49,true,0,true,ca954688e08310567d16960ff74c9983fbd4bc77c918b924a37f77d810b0668c,1049003833,1496,0.001266792,0.024072709,0.023964543,0.00827375,1.7909999999975168e-06,0.0005077500827610493,0.001390792,true,0.00010995699999999733,1053413843043625,1053413834769875,1053413819078666,1053413843151375,1053413820469458,1053413819078666,1053413821736333,1053413820469541,1053413834769750,1053413821736541,0.013033209,1,16588800,0.11803362518548965,0.009515197023812918,-0.06817129999399185,0,ca954688e08310567d16960ff74c9983fbd4bc77c918b924a37f77d810b0668c,0.26275041699409485,7680,540,4147200,true,1380411457,6d9a3ce0f692bf84dc9d47eb20507c37e0d84b217c29b98e25ac01aa6bd6f044,960,true
229,attributed,0,8294400,1,0.5580001935950686,0,0,ff24d7286b3978166808fccb18ded53d06f8a0687fe03a9af73eba1e698dc25c,,24000,1001,true,true,26e222bb9f5e7471b646ea2c9aaa390c6d8295fff6a32776e1c662fe80b942af,,323551232,72680592,396491024,1053413894449000,1053413870110750,3,0.02433825,24000,1739498,0.558485746383667,false,ff24d7286b3978166808fccb18ded53d06f8a0687fe03a9af73eba1e698dc25c,true,1057945836,false,b5af93cbe1cc5d1d7f6ad42630abe65e9ea2748429906730d52b29109c701e87,996707947,1497,0.001060375,0.024337041,0.024231709,0.008153542,1.2089999999985446e-06,0.00048233335837721825,0.001317792,true,0.00010654099999999819,1053413894343708,1053413886190166,1053413870111250,1053413894448291,1053413871429125,1053413870111333,1053413872489666,1053413871429291,1053413886190041,1053413872490041,0.0137,1,16588800,0.011241086758673191,-0.00039731407795095766,-0.0075321197509765625,0,b5af93cbe1cc5d1d7f6ad42630abe65e9ea2748429906730d52b29109c701e87,0.0035485278349369764,7680,540,4147200,true,1380411457,102b5f57c49c48fbed9e46088a0b0614250272baf5833580684f77d351b8c3f5,960,false
230,attributed,0,8294400,0,0,0,0,788ae0147bdf979a6575938ca2d7d4403788588f7be2010f03776c968fd1ab49,,24000,1001,true,true,e7e2b99a952b73cd3f5f6d84afa8bc6182ca7e151166c9c5dfaa1fbfc557d4b8,,323551232,72680592,396491024,1053413951984500,1053413921193541,3,0.030790959,24000,1740499,0,true,788ae0147bdf979a6575938ca2d7d4403788588f7be2010f03776c968fd1ab49,true,0,true,1dd7f8a26e56dfba878da177773321a53dca3f2b9d00b46118d4425ec3093903,1049357384,1498,0.001007125,0.030789417,0.030674376000000003,0.015177667,1.5420000000002099e-06,0.0004829999525099993,0.001283625,false,0.0001165829999999965,1053413951869083,1053413936691416,1053413921194166,1053413951983583,1053413922477791,1053413921194166,1053413923485166,1053413922478041,1053413936691375,1053413923485416,0.013205959,1,16588800,0.12668024003505707,-0.00822357325689355,-0.23784224689006805,0,1dd7f8a26e56dfba878da177773321a53dca3f2b9d00b46118d4425ec3093903,0.2732870578765869,7680,540,4147200,true,1380411457,8f4bdb38cfa4e1bce44a28d2c66c6f4a025c264b67232dbc275850c2c43a89d3,960,false
231,attributed,0,8294400,1,0.6057567670294466,0,0,e4d7d9ae97135d7dc185243b19490a1f40bcca651cf2b759538db368bedc01b7,,24000,1001,false,true,14bb670c4466232e6ab633a2a6fdefd4c99bace2d8b10f6043f30829c0354b17,,323551232,72680592,396491024,1053414008796458,1053413978826500,3,0.029969958,24000,1741500,0.6067052483558655,false,e4d7d9ae97135d7dc185243b19490a1f40bcca651cf2b759538db368bedc01b7,true,1058754825,false,ee54d44ebac3dca564784630aa7e04eb0e50afdb17521dfa1b05c85b78882a48,994358578,1499,0.001040291,0.029968291,0.029869499,0.010475209,1.6670000000003349e-06,0.00047437497414648533,0.001334541,true,0.00010045900000000066,1053414008696875,1053413998221666,1053413978826875,1053414008795166,1053413980161541,1053413978827000,1053413981202041,1053413980161750,1053413998221666,1053413981202208,0.017019458,1,16588800,0.002702204277738929,2.3930811790998148e-05,-0.008261729963123798,0,ee54d44ebac3dca564784630aa7e04eb0e50afdb17521dfa1b05c85b78882a48,0.0030015227384865284,7680,540,4147200,true,1380411457,10fd5ad653a329e30f48ae164bbe87a4e93c20dfe3dbce53cff6587d39844f00,960,false
232,attributed,0,8294400,1,0.6108848549398807,0,0,ff2eeb16566030b9dd06a8c01bbf967fa94070c40acdbbea6a0d2dc48c7167eb,,24000,1001,false,true,d0803a559d88c0bd6b54e5cfded20c04d64f959e3c5009ee65a67a705aa33ce3,,323551232,72680592,396491024,1053414065517541,1053414035960000,3,0.029557541,24000,1742501,0.6119656562805176,false,ff2eeb16566030b9dd06a8c01bbf967fa94070c40acdbbea6a0d2dc48c7167eb,true,1058843080,false,26438fbe98f93bb7ea392c433b2bfd232c214d8aa921dac0b16df381e5575aa2,993628541,1500,0.001307875,0.0295555,0.029435166999999998,0.012877458,2.0410000000012363e-06,0.0004639166872948408,0.00150175,false,0.00012237400000000148,1053414065396791,1053414052519333,1053414035960916,1053414065516416,1053414037462708,1053414035960958,1053414038770791,1053414037462916,1053414052519250,1053414038771166,0.013748084,1,16588800,0.00523300189524889,3.935026889083583e-06,-0.009355559013783932,0,26438fbe98f93bb7ea392c433b2bfd232c214d8aa921dac0b16df381e5575aa2,0.0028315477538853884,7680,540,4147200,true,1380411457,4207b7b32a8aa32ba41dcab5e8683045481e99471aa7acf58366f698f8113bb4,960,false
233,attributed,0,8294400,1,0.6434173492906502,0,0,7e53933ec6ffad34b19572512b6e4dd79cdf79d53cce1b9679f28641c8345004,,24000,1001,false,true,4945f8e1ed2a6ce70e38e9f25e6ee38a7d2a8b0e0901cab474531c8113227e4e,,323551232,72680592,396491024,1053414124875791,1053414093489791,3,0.031386,24000,1743502,0.6451500058174133,false,7e53933ec6ffad34b19572512b6e4dd79cdf79d53cce1b9679f28641c8345004,true,1059399821,false,7978f43a3bced6a1c55c28e1bf996272c6bc5d5c543a9ffead43532ef8542ed8,996278982,1501,0.001622,0.031382833,0.031258001,0.014419334,3.1669999999983656e-06,0.000581124797463417,0.001583542,false,0.0001279989999999967,1053414124750375,1053414110331041,1053414093491500,1053414124874333,1053414095075083,1053414093491541,1053414096697333,1053414095075333,1053414110330750,1053414096697625,0.013633125,1,16588800,0.0060884952545166016,-0.00011930742275908047,-0.011883347295224667,0,7978f43a3bced6a1c55c28e1bf996272c6bc5d5c543a9ffead43532ef8542ed8,0.0034486516378819942,7680,540,4147200,true,1380411457,a722bcf70aadfcef2092359dd3f4568b7b2413c35fefe742a5134c4657ef6fe7,960,false
234,attributed,0,8294400,1,0.5464105376980998,0,0,a1dc46082a3247c370a0bea80eac8a6a710ea1d6c4447263d927751d18344a45,,24000,1001,false,true,ad7ed19b2a9ce48b75220fac53032ab41cea9d4eddfe62f09bb1c86e063d6e46,,323551232,72680592,396491024,1053414177257791,1053414152503333,3,0.024754458,24000,1744503,0.54786217212677,false,a1dc46082a3247c370a0bea80eac8a6a710ea1d6c4447263d927751d18344a45,true,1057767602,false,e33097e78f0358cea2f0b6c880c8d7430606842815c4dde063dad6f92247d23d,998857116,1502,0.001139584,0.024751417,0.024636668,0.005531875,3.040999999998767e-06,0.0005028750747442245,0.001417792,false,0.00011778999999999956,1053414177142208,1053414171610333,1053414152505041,1053414177256458,1053414153922833,1053414152505041,1053414155062500,1053414153922916,1053414171610125,1053414155062708,0.016547417,1,16588800,0.011320527642965317,-0.00025843947588864924,-0.015538307838141918,0,e33097e78f0358cea2f0b6c880c8d7430606842815c4dde063dad6f92247d23d,0.0041915904730558395,7680,540,4147200,true,1380411457,2fed5cd44d323c37a7301ae565be5fe5a4a59a791c9e9994d864dd8abe6ca8a8,960,false
235,attributed,0,8294400,1,0.5558029466185292,0,0,258955f94ba510e2de8a6b14dfe07f10e1b6ab8e7d73c54fe6bc36c37eaa3d6d,,24000,1001,false,true,d0e5c2803d70ef53f24fac74b8d5709c4d6caeb53dcb90684c7e1275fa774a9b,,323551232,72680592,396491024,1053414238181208,1053414205024625,3,0.033156583,24000,1745504,0.5576794147491455,false,258955f94ba510e2de8a6b14dfe07f10e1b6ab8e7d73c54fe6bc36c37eaa3d6d,true,1057932308,false,78c5f5048602e5bfe730d96301fea06c51773051ba1cc57f91269c205da7c095,1003234174,1503,0.00124775,0.033154625,0.033034166,0.017815583,1.9580000000032904e-06,0.00046099978499114513,0.001285166,false,0.0001224170000000066,1053414238060041,1053414220244458,1053414205025333,1053414238179958,1053414206310541,1053414205025375,1053414207558333,1053414206310583,1053414220244333,1053414207558666,0.012685667,1,16588800,0.018684513866901398,-0.0007737493323636908,-0.020751897245645523,0,78c5f5048602e5bfe730d96301fea06c51773051ba1cc57f91269c205da7c095,0.006229816935956478,7680,540,4147200,true,1380411457,decb1265301fcb2291a21c58090f57427bb8670a65a667a62d0439f2e6b413a7,960,false
236,attributed,0,8294400,1,0.4967001883586973,0,0,19e13139913e3ab371c6400a1c7c2c109d1d6fdfbe6cb24aaa64906f6d77c38d,,24000,1001,false,true,d841adda17732722059f6de44301e74fecb55acc82790a6183686bebf268ffa9,,323551232,72680592,396491024,1053414293012416,1053414266685166,3,0.02632725,24000,1746505,0.4978949725627899,false,19e13139913e3ab371c6400a1c7c2c109d1d6fdfbe6cb24aaa64906f6d77c38d,true,1056893975,false,24a3e209d060296693c3cbd16489d2a7e2d46cced3ec107c250b5b226a6785b8,1006775909,1504,0.001518417,0.026324584,0.02618075,0.007421916,2.665999999998392e-06,0.0007555000483989716,0.001567792,false,0.0001465000000000008,1053414292867416,1053414285445500,1053414266686166,1053414293010750,1053414268254000,1053414266686208,1053414269772500,1053414268254083,1053414285445333,1053414269772708,0.015672625,1,16588800,0.02484792098402977,-0.000152401579508241,-0.027530359104275703,0,24a3e209d060296693c3cbd16489d2a7e2d46cced3ec107c250b5b226a6785b8,0.007945631630718708,7680,540,4147200,true,1380411457,fda1c384e0df09c8855dfd5d98962c21a56478c291f25f6e2d28bc534b1c1125,960,false
237,attributed,0,8294400,1,0.5260632195270778,0,0,def4be0fb3fad44d0bba17f4ec87b34a29779692689a1e34b7c1d14c9890783d,,24000,1001,false,true,5e9f8c578fbdaa9a79951a9a0b0db54ad2a6dc573f3248623711260204a2f518,,323551232,72680592,396491024,1053414349793333,1053414320855333,3,0.028938,24000,1747506,0.527655303478241,false,def4be0fb3fad44d0bba17f4ec87b34a29779692689a1e34b7c1d14c9890783d,true,1057428587,false,d25a99836273ea0743af4085c581ad6a8686930de7930c31b2dc4751ddf3138e,1006014090,1505,0.001165458,0.028935041,0.0288,0.012721708,2.9589999999968253e-06,0.0008932917844504118,0.001735834,false,0.00013799999999999923,1053414349657333,1053414336935625,1053414320856625,1053414349791666,1053414322592500,1053414320856666,1053414323758166,1053414322592708,1053414336935333,1053414323758333,0.013177,1,16588800,0.02820619009435177,-0.0005357904402438571,-0.03139456361532211,0,d25a99836273ea0743af4085c581ad6a8686930de7930c31b2dc4751ddf3138e,0.007524316199123859,7680,540,4147200,true,1380411457,fa1be92a22543d09f08ecf298d3a56065a9ac363e8256896216c1b804d495d6b,960,false
238,attributed,0,8294400,1,0.4329532932854955,0,0,4884d6f9f54612fb41275b8e8d13cddd2192972bfafae0abaa4314560ed442e6,,24000,1001,false,true,005b4fbe5a259b3440cdbacb4d77d7d1174f34b0c160e36ea1d31a6d1e17e58c,,323551232,72680592,396491024,1053414415268000,1053414377802875,3,0.037465125,24000,1748507,0.43426746129989624,false,4884d6f9f54612fb41275b8e8d13cddd2192972bfafae0abaa4314560ed442e6,true,1054758990,false,6535db30047013aff9361867183968d00e14f046061dc1e02eb431fc8c269d36,1006712293,1506,0.001200292,0.037461916,0.037261667,0.01842025,3.209000000004014e-06,0.0004871666897088289,0.001364375,false,0.00020345800000000358,1053414415066291,1053414396646041,1053414377804125,1053414415266041,1053414379168541,1053414377804166,1053414380368875,1053414379168583,1053414396645875,1053414380369125,0.01627675,1,16588800,0.02942047081887722,-0.00039029555460797893,-0.04015740379691124,0,6535db30047013aff9361867183968d00e14f046061dc1e02eb431fc8c269d36,0.00788638461381197,7680,540,4147200,true,1380411457,06ea96d98e748fecb427a5a546c80096c0a210b1bb2a24b5941adb3d23235849,960,false
239,attributed,0,8294400,1,0.5346288507812772,0,0,4a85e0bcb8f464c66c75cb11c1eec19ea4773c4d0c27fb17ca25c0938dce94de,,24000,1001,false,true,ae848c323367785c4afaf1dce9a980f379438c1285609a99009bbad4ea0dc89b,,323551232,72680592,396491024,1053414472652583,1053414443748916,3,0.028903667,24000,1749508,0.5358805656433105,false,4a85e0bcb8f464c66c75cb11c1eec19ea4773c4d0c27fb17ca25c0938dce94de,true,1057566584,false,95337bec55e8cd043e66cac3aa222461d766c6318d86d69f2b8bc74569569192,1007816552,1507,0.001222959,0.02889925,0.028758751,0.015000792,4.416999999999616e-06,0.0004696666728705168,0.001387708,false,0.00014491600000000188,1053414472509875,1053414457509083,1053414443750708,1053414472649958,1053414445138416,1053414443750708,1053414446361375,1053414445138416,1053414457508833,1053414446361541,0.011147292,1,16588800,0.0404788963496685,-0.0006126059190670107,-0.03368807211518288,0,95337bec55e8cd043e66cac3aa222461d766c6318d86d69f2b8bc74569569192,0.008914805948734283,7680,540,4147200,true,1380411457,28242cb5988632d5050260a6970f3e7064048069bd8f5387bc1875137abe481d,960,false
240,attributed,0,8294400,0,0,0,0,788ae0147bdf979a6575938ca2d7d4403788588f7be2010f03776c968fd1ab49,,24000,1001,true,true,2067ac390b0ae7bb329aa2412208bdd5cd343cce076d9e653723773fae4aeb2f,,323551232,72680592,396491024,1053414552607625,1053414514595416,3,0.038012209,24000,1738497,0,true,788ae0147bdf979a6575938ca2d7d4403788588f7be2010f03776c968fd1ab49,true,0,true,ca954688e08310567d16960ff74c9983fbd4bc77c918b924a37f77d810b0668c,1049003833,1496,0.001459291,0.038005666,0.037754290999999995,0.01599425,6.542999999997745e-06,0.0005203750915825367,0.001858833,true,0.0002579180000000028,1053414552354125,1053414536359875,1053414514598375,1053414552604041,1053414516457333,1053414514598500,1053414517916916,1053414516457625,1053414536359375,1053414517917458,0.018441917,2,16588800,0.11803362518548965,0.009515197023812918,-0.06817129999399185,0,ca954688e08310567d16960ff74c9983fbd4bc77c918b924a37f77d810b0668c,0.26275041699409485,7680,540,4147200,true,1380411457,6d9a3ce0f692bf84dc9d47eb20507c37e0d84b217c29b98e25ac01aa6bd6f044,960,true
241,attributed,0,8294400,1,0.5580001935950686,0,0,ff24d7286b3978166808fccb18ded53d06f8a0687fe03a9af73eba1e698dc25c,,24000,1001,true,true,26e222bb9f5e7471b646ea2c9aaa390c6d8295fff6a32776e1c662fe80b942af,,323551232,72680592,396491024,1053414614248708,1053414581832458,3,0.03241625,24000,1739498,0.558485746383667,false,ff24d7286b3978166808fccb18ded53d06f8a0687fe03a9af73eba1e698dc25c,true,1057945836,false,b5af93cbe1cc5d1d7f6ad42630abe65e9ea2748429906730d52b29109c701e87,996707947,1497,0.001236417,0.032412166,0.032271542,0.012573458,4.08400000000142e-06,0.0004765000194311142,0.001690459,true,0.00014470800000000034,1053414614106916,1053414601533458,1053414581834750,1053414614246916,1053414583525250,1053414581834791,1053414584761750,1053414583525333,1053414601533208,1053414584762000,0.016771208,2,16588800,0.011241086758673191,-0.00039731407795095766,-0.0075321197509765625,0,b5af93cbe1cc5d1d7f6ad42630abe65e9ea2748429906730d52b29109c701e87,0.0035485278349369764,7680,540,4147200,true,1380411457,102b5f57c49c48fbed9e46088a0b0614250272baf5833580684f77d351b8c3f5,960,false
242,attributed,0,8294400,0,0,0,0,788ae0147bdf979a6575938ca2d7d4403788588f7be2010f03776c968fd1ab49,,24000,1001,true,true,e7e2b99a952b73cd3f5f6d84afa8bc6182ca7e151166c9c5dfaa1fbfc557d4b8,,323551232,72680592,396491024,1053414674311458,1053414642431416,3,0.031880042,24000,1740499,0,true,788ae0147bdf979a6575938ca2d7d4403788588f7be2010f03776c968fd1ab49,true,0,true,1dd7f8a26e56dfba878da177773321a53dca3f2b9d00b46118d4425ec3093903,1049357384,1498,0.001272208,0.031876333,0.0317235,0.016082625,3.7089999999975753e-06,0.0004788751248270273,0.001379625,false,0.00015654199999999563,1053414674157208,1053414658074583,1053414642433083,1053414674309416,1053414643812750,1053414642433125,1053414645085041,1053414643812833,1053414658074333,1053414645085291,0.012989042,2,16588800,0.12668024003505707,-0.00822357325689355,-0.23784224689006805,0,1dd7f8a26e56dfba878da177773321a53dca3f2b9d00b46118d4425ec3093903,0.2732870578765869,7680,540,4147200,true,1380411457,8f4bdb38cfa4e1bce44a28d2c66c6f4a025c264b67232dbc275850c2c43a89d3,960,false
243,attributed,0,8294400,1,0.6057567670294466,0,0,e4d7d9ae97135d7dc185243b19490a1f40bcca651cf2b759538db368bedc01b7,,24000,1001,false,true,14bb670c4466232e6ab633a2a6fdefd4c99bace2d8b10f6043f30829c0354b17,,323551232,72680592,396491024,1053414723796333,1053414702434833,3,0.0213615,24000,1741500,0.6067052483558655,false,e4d7d9ae97135d7dc185243b19490a1f40bcca651cf2b759538db368bedc01b7,true,1058754825,false,ee54d44ebac3dca564784630aa7e04eb0e50afdb17521dfa1b05c85b78882a48,994358578,1499,0.001143417,0.021358584,0.021228999999999998,0.007047875,2.915999999998642e-06,0.00046283332630991936,0.001373,true,0.00013250000000000067,1053414723666166,1053414716618291,1053414702436541,1053414723795125,1053414703809583,1053414702436583,1053414704953000,1053414703809583,1053414716618041,1053414704953333,0.011664708,2,16588800,0.002702204277738929,2.3930811790998148e-05,-0.008261729963123798,0,ee54d44ebac3dca564784630aa7e04eb0e50afdb17521dfa1b05c85b78882a48,0.0030015227384865284,7680,540,4147200,true,1380411457,10fd5ad653a329e30f48ae164bbe87a4e93c20dfe3dbce53cff6587d39844f00,960,false
244,attributed,0,8294400,1,0.6108848549398807,0,0,ff2eeb16566030b9dd06a8c01bbf967fa94070c40acdbbea6a0d2dc48c7167eb,,24000,1001,false,true,d0803a559d88c0bd6b54e5cfded20c04d64f959e3c5009ee65a67a705aa33ce3,,323551232,72680592,396491024,1053414778521625,1053414752085708,3,0.026435917,24000,1742501,0.6119656562805176,false,ff2eeb16566030b9dd06a8c01bbf967fa94070c40acdbbea6a0d2dc48c7167eb,true,1058843080,false,26438fbe98f93bb7ea392c433b2bfd232c214d8aa921dac0b16df381e5575aa2,993628541,1500,0.001345167,0.026432083,0.026203792,0.006369792,3.83400000000117e-06,0.0004660417325794697,0.001494291,false,0.0002321249999999997,1053414778291375,1053414771921583,1053414752087083,1053414778519166,1053414753581416,1053414752087125,1053414754926625,1053414753581458,1053414771921333,1053414754926791,0.016994542,2,16588800,0.00523300189524889,3.935026889083583e-06,-0.009355559013783932,0,26438fbe98f93bb7ea392c433b2bfd232c214d8aa921dac0b16df381e5575aa2,0.0028315477538853884,7680,540,4147200,true,1380411457,4207b7b32a8aa32ba41dcab5e8683045481e99471aa7acf58366f698f8113bb4,960,false
245,attributed,0,8294400,1,0.6434173492906502,0,0,7e53933ec6ffad34b19572512b6e4dd79cdf79d53cce1b9679f28641c8345004,,24000,1001,false,true,4945f8e1ed2a6ce70e38e9f25e6ee38a7d2a8b0e0901cab474531c8113227e4e,,323551232,72680592,396491024,1053414839578125,1053414805636833,3,0.033941292,24000,1743502,0.6451500058174133,false,7e53933ec6ffad34b19572512b6e4dd79cdf79d53cce1b9679f28641c8345004,true,1059399821,false,7978f43a3bced6a1c55c28e1bf996272c6bc5d5c543a9ffead43532ef8542ed8,996278982,1501,0.001366542,0.03393925,0.03382916700000001,0.01466475,2.04200000000071e-06,0.0004961250815540552,0.001516125,false,0.0001121249999999907,1053414839467916,1053414824803166,1053414805638041,1053414839577291,1053414807154166,1053414805638041,1053414808520875,1053414807154333,1053414824803000,1053414808521250,0.01628175,2,16588800,0.0060884952545166016,-0.00011930742275908047,-0.011883347295224667,0,7978f43a3bced6a1c55c28e1bf996272c6bc5d5c543a9ffead43532ef8542ed8,0.0034486516378819942,7680,540,4147200,true,1380411457,a722bcf70aadfcef2092359dd3f4568b7b2413c35fefe742a5134c4657ef6fe7,960,false
246,attributed,0,8294400,1,0.5464105376980998,0,0,a1dc46082a3247c370a0bea80eac8a6a710ea1d6c4447263d927751d18344a45,,24000,1001,false,true,ad7ed19b2a9ce48b75220fac53032ab41cea9d4eddfe62f09bb1c86e063d6e46,,323551232,72680592,396491024,1053414897911458,1053414866423958,3,0.0314875,24000,1744503,0.54786217212677,false,a1dc46082a3247c370a0bea80eac8a6a710ea1d6c4447263d927751d18344a45,true,1057767602,false,e33097e78f0358cea2f0b6c880c8d7430606842815c4dde063dad6f92247d23d,998857116,1502,0.001069459,0.031486125,0.031313792,0.016596666,1.3750000000048446e-06,0.001976458355784416,0.00344225,false,0.00017370800000000158,1053414897739041,1053414881142375,1053414866424666,1053414897910791,1053414869866958,1053414866424708,1053414870936500,1053414869867041,1053414881142250,1053414870936833,0.010205417,2,16588800,0.011320527642965317,-0.00025843947588864924,-0.015538307838141918,0,e33097e78f0358cea2f0b6c880c8d7430606842815c4dde063dad6f92247d23d,0.0041915904730558395,7680,540,4147200,true,1380411457,2fed5cd44d323c37a7301ae565be5fe5a4a59a791c9e9994d864dd8abe6ca8a8,960,false
247,attributed,0,8294400,1,0.5558029466185292,0,0,258955f94ba510e2de8a6b14dfe07f10e1b6ab8e7d73c54fe6bc36c37eaa3d6d,,24000,1001,false,true,d0e5c2803d70ef53f24fac74b8d5709c4d6caeb53dcb90684c7e1275fa774a9b,,323551232,72680592,396491024,1053414949334291,1053414924740375,3,0.024593916,24000,1745504,0.5576794147491455,false,258955f94ba510e2de8a6b14dfe07f10e1b6ab8e7d73c54fe6bc36c37eaa3d6d,true,1057932308,false,78c5f5048602e5bfe730d96301fea06c51773051ba1cc57f91269c205da7c095,1003234174,1503,0.001156417,0.024592708,0.024489542,0.007335291,1.207999999999071e-06,0.00048525002785027027,0.001253375,false,0.00010437400000000083,1053414949230916,1053414941895625,1053414924740833,1053414949333541,1053414925994250,1053414924740875,1053414927150750,1053414925994333,1053414941895500,1053414927151041,0.014744459,2,16588800,0.018684513866901398,-0.0007737493323636908,-0.020751897245645523,0,78c5f5048602e5bfe730d96301fea06c51773051ba1cc57f91269c205da7c095,0.006229816935956478,7680,540,4147200,true,1380411457,decb1265301fcb2291a21c58090f57427bb8670a65a667a62d0439f2e6b413a7,960,false
248,attributed,0,8294400,1,0.4967001883586973,0,0,19e13139913e3ab371c6400a1c7c2c109d1d6fdfbe6cb24aaa64906f6d77c38d,,24000,1001,false,true,d841adda17732722059f6de44301e74fecb55acc82790a6183686bebf268ffa9,,323551232,72680592,396491024,1053415004966250,1053414976297625,3,0.028668625,24000,1746505,0.4978949725627899,false,19e13139913e3ab371c6400a1c7c2c109d1d6fdfbe6cb24aaa64906f6d77c38d,true,1056893975,false,24a3e209d060296693c3cbd16489d2a7e2d46cced3ec107c250b5b226a6785b8,1006775909,1504,0.001071459,0.028666041,0.028525418000000004,0.009953167,2.5839999999999197e-06,0.0004460001364350319,0.001262625,false,0.0001432069999999959,1053415004824625,1053414994871458,1053414976298250,1053415004964291,1053414977561041,1053414976298416,1053414978632750,1053414977561291,1053414994871250,1053414978633083,0.016238167,2,16588800,0.02484792098402977,-0.000152401579508241,-0.027530359104275703,0,24a3e209d060296693c3cbd16489d2a7e2d46cced3ec107c250b5b226a6785b8,0.007945631630718708,7680,540,4147200,true,1380411457,fda1c384e0df09c8855dfd5d98962c21a56478c291f25f6e2d28bc534b1c1125,960,false
249,attributed,0,8294400,1,0.5260632195270778,0,0,def4be0fb3fad44d0bba17f4ec87b34a29779692689a1e34b7c1d14c9890783d,,24000,1001,false,true,5e9f8c578fbdaa9a79951a9a0b0db54ad2a6dc573f3248623711260204a2f518,,323551232,72680592,396491024,1053415066014291,1053415033286666,3,0.032727625,24000,1747506,0.527655303478241,false,def4be0fb3fad44d0bba17f4ec87b34a29779692689a1e34b7c1d14c9890783d,true,1057428587,false,d25a99836273ea0743af4085c581ad6a8686930de7930c31b2dc4751ddf3138e,1006014090,1505,0.00156875,0.032723458,0.032593000999999996,0.010160542,4.1670000000063045e-06,0.0010248750913888216,0.00202525,false,0.0001346240000000068,1053415065882333,1053415055721791,1053415033288750,1053415066012208,1053415035314000,1053415033288750,1053415036882750,1053415035314000,1053415055721500,1053415036883041,0.018838459,2,16588800,0.02820619009435177,-0.0005357904402438571,-0.03139456361532211,0,d25a99836273ea0743af4085c581ad6a8686930de7930c31b2dc4751ddf3138e,0.007524316199123859,7680,540,4147200,true,1380411457,fa1be92a22543d09f08ecf298d3a56065a9ac363e8256896216c1b804d495d6b,960,false
250,attributed,0,8294400,1,0.4329532932854955,0,0,4884d6f9f54612fb41275b8e8d13cddd2192972bfafae0abaa4314560ed442e6,,24000,1001,false,true,005b4fbe5a259b3440cdbacb4d77d7d1174f34b0c160e36ea1d31a6d1e17e58c,,323551232,72680592,396491024,1053415128744208,1053415094181500,3,0.034562708,24000,1748507,0.43426746129989624,false,4884d6f9f54612fb41275b8e8d13cddd2192972bfafae0abaa4314560ed442e6,true,1054758990,false,6535db30047013aff9361867183968d00e14f046061dc1e02eb431fc8c269d36,1006712293,1506,0.001214583,0.034558833,0.034396667,0.013963584,3.875000000000406e-06,0.0004778748843818903,0.001534208,false,0.00016604099999999872,1053415128581375,1053415114617791,1053415094183333,1053415128742166,1053415095717583,1053415094183375,1053415096932208,1053415095717625,1053415114617500,1053415096933208,0.017684292,2,16588800,0.02942047081887722,-0.00039029555460797893,-0.04015740379691124,0,6535db30047013aff9361867183968d00e14f046061dc1e02eb431fc8c269d36,0.00788638461381197,7680,540,4147200,true,1380411457,06ea96d98e748fecb427a5a546c80096c0a210b1bb2a24b5941adb3d23235849,960,false
251,attributed,0,8294400,1,0.5346288507812772,0,0,4a85e0bcb8f464c66c75cb11c1eec19ea4773c4d0c27fb17ca25c0938dce94de,,24000,1001,false,true,ae848c323367785c4afaf1dce9a980f379438c1285609a99009bbad4ea0dc89b,,323551232,72680592,396491024,1053415183485166,1053415156925291,3,0.026559875,24000,1749508,0.5358805656433105,false,4a85e0bcb8f464c66c75cb11c1eec19ea4773c4d0c27fb17ca25c0938dce94de,true,1057566584,false,95337bec55e8cd043e66cac3aa222461d766c6318d86d69f2b8bc74569569192,1007816552,1507,0.001305083,0.026556791,0.026415415999999997,0.0088585,3.0840000000004197e-06,0.0004822916816920042,0.001410792,false,0.00014445900000000303,1053415183343291,1053415174484791,1053415156926750,1053415183483541,1053415158337583,1053415156926791,1053415159642708,1053415158337625,1053415174484541,1053415159643500,0.014841041,2,16588800,0.0404788963496685,-0.0006126059190670107,-0.03368807211518288,0,95337bec55e8cd043e66cac3aa222461d766c6318d86d69f2b8bc74569569192,0.008914805948734283,7680,540,4147200,true,1380411457,28242cb5988632d5050260a6970f3e7064048069bd8f5387bc1875137abe481d,960,false
252,production,1,8294400,0,0,0,0,788ae0147bdf979a6575938ca2d7d4403788588f7be2010f03776c968fd1ab49,,24000,1001,true,true,2067ac390b0ae7bb329aa2412208bdd5cd343cce076d9e653723773fae4aeb2f,true,323551232,72680592,396491024,1053415248874125,1053415223357333,3,0.025516792,24000,1738497,0,true,788ae0147bdf979a6575938ca2d7d4403788588f7be2010f03776c968fd1ab49,true,0,true,ca954688e08310567d16960ff74c9983fbd4bc77c918b924a37f77d810b0668c,1049003833,1496,,,,,,,,,,,,,,,,,,,,,0,16588800,0.11803362518548965,0.009515197023812918,-0.06817129999399185,0,ca954688e08310567d16960ff74c9983fbd4bc77c918b924a37f77d810b0668c,0.26275041699409485,,,,,,,,true
253,production,1,8294400,1,0.5580001935950686,0,0,ff24d7286b3978166808fccb18ded53d06f8a0687fe03a9af73eba1e698dc25c,,24000,1001,true,true,26e222bb9f5e7471b646ea2c9aaa390c6d8295fff6a32776e1c662fe80b942af,true,323551232,72680592,396491024,1053415305286500,1053415275823208,3,0.029463292,24000,1739498,0.558485746383667,false,ff24d7286b3978166808fccb18ded53d06f8a0687fe03a9af73eba1e698dc25c,true,1057945836,false,b5af93cbe1cc5d1d7f6ad42630abe65e9ea2748429906730d52b29109c701e87,996707947,1497,,,,,,,,,,,,,,,,,,,,,0,16588800,0.011241086758673191,-0.00039731407795095766,-0.0075321197509765625,0,b5af93cbe1cc5d1d7f6ad42630abe65e9ea2748429906730d52b29109c701e87,0.0035485278349369764,,,,,,,,false
254,production,1,8294400,0,0,0,0,788ae0147bdf979a6575938ca2d7d4403788588f7be2010f03776c968fd1ab49,true,24000,1001,true,true,e7e2b99a952b73cd3f5f6d84afa8bc6182ca7e151166c9c5dfaa1fbfc557d4b8,true,323551232,72680592,396491024,1053415356985791,1053415331999791,3,0.024986,24000,1740499,0,true,788ae0147bdf979a6575938ca2d7d4403788588f7be2010f03776c968fd1ab49,true,0,true,1dd7f8a26e56dfba878da177773321a53dca3f2b9d00b46118d4425ec3093903,1049357384,1498,,,,,,,,,,,,,,,,,,,,,0,16588800,0.12668024003505707,-0.00822357325689355,-0.23784224689006805,0,1dd7f8a26e56dfba878da177773321a53dca3f2b9d00b46118d4425ec3093903,0.2732870578765869,,,,,,,,false
255,production,1,8294400,1,0.6057567670294466,0,0,e4d7d9ae97135d7dc185243b19490a1f40bcca651cf2b759538db368bedc01b7,true,24000,1001,false,true,14bb670c4466232e6ab633a2a6fdefd4c99bace2d8b10f6043f30829c0354b17,true,323551232,72680592,396491024,1053415423385791,1053415384566625,3,0.038819166,24000,1741500,0.6067052483558655,false,e4d7d9ae97135d7dc185243b19490a1f40bcca651cf2b759538db368bedc01b7,true,1058754825,false,ee54d44ebac3dca564784630aa7e04eb0e50afdb17521dfa1b05c85b78882a48,994358578,1499,,,,,,,,,,,,,,,,,,,,,0,16588800,0.002702204277738929,2.3930811790998148e-05,-0.008261729963123798,0,ee54d44ebac3dca564784630aa7e04eb0e50afdb17521dfa1b05c85b78882a48,0.0030015227384865284,,,,,,,,false
256,production,1,8294400,1,0.6108848549398807,0,0,ff2eeb16566030b9dd06a8c01bbf967fa94070c40acdbbea6a0d2dc48c7167eb,,24000,1001,false,true,d0803a559d88c0bd6b54e5cfded20c04d64f959e3c5009ee65a67a705aa33ce3,true,323551232,72680592,396491024,1053415474808875,1053415450758166,3,0.024050709,24000,1742501,0.6119656562805176,false,ff2eeb16566030b9dd06a8c01bbf967fa94070c40acdbbea6a0d2dc48c7167eb,true,1058843080,false,26438fbe98f93bb7ea392c433b2bfd232c214d8aa921dac0b16df381e5575aa2,993628541,1500,,,,,,,,,,,,,,,,,,,,,0,16588800,0.00523300189524889,3.935026889083583e-06,-0.009355559013783932,0,26438fbe98f93bb7ea392c433b2bfd232c214d8aa921dac0b16df381e5575aa2,0.0028315477538853884,,,,,,,,false
257,production,1,8294400,1,0.6434173492906502,0,0,7e53933ec6ffad34b19572512b6e4dd79cdf79d53cce1b9679f28641c8345004,,24000,1001,false,true,4945f8e1ed2a6ce70e38e9f25e6ee38a7d2a8b0e0901cab474531c8113227e4e,true,323551232,72680592,396491024,1053415535108833,1053415501607333,3,0.0335015,24000,1743502,0.6451500058174133,false,7e53933ec6ffad34b19572512b6e4dd79cdf79d53cce1b9679f28641c8345004,true,1059399821,false,7978f43a3bced6a1c55c28e1bf996272c6bc5d5c543a9ffead43532ef8542ed8,996278982,1501,,,,,,,,,,,,,,,,,,,,,0,16588800,0.0060884952545166016,-0.00011930742275908047,-0.011883347295224667,0,7978f43a3bced6a1c55c28e1bf996272c6bc5d5c543a9ffead43532ef8542ed8,0.0034486516378819942,,,,,,,,false
258,production,1,8294400,1,0.5464105376980998,0,0,a1dc46082a3247c370a0bea80eac8a6a710ea1d6c4447263d927751d18344a45,,24000,1001,false,true,ad7ed19b2a9ce48b75220fac53032ab41cea9d4eddfe62f09bb1c86e063d6e46,true,323551232,72680592,396491024,1053415600784333,1053415562021125,3,0.038763208,24000,1744503,0.54786217212677,false,a1dc46082a3247c370a0bea80eac8a6a710ea1d6c4447263d927751d18344a45,true,1057767602,false,e33097e78f0358cea2f0b6c880c8d7430606842815c4dde063dad6f92247d23d,998857116,1502,,,,,,,,,,,,,,,,,,,,,0,16588800,0.011320527642965317,-0.00025843947588864924,-0.015538307838141918,0,e33097e78f0358cea2f0b6c880c8d7430606842815c4dde063dad6f92247d23d,0.0041915904730558395,,,,,,,,false
259,production,1,8294400,1,0.5558029466185292,0,0,258955f94ba510e2de8a6b14dfe07f10e1b6ab8e7d73c54fe6bc36c37eaa3d6d,,24000,1001,false,true,d0e5c2803d70ef53f24fac74b8d5709c4d6caeb53dcb90684c7e1275fa774a9b,true,323551232,72680592,396491024,1053415668835791,1053415629317625,3,0.039518166,24000,1745504,0.5576794147491455,false,258955f94ba510e2de8a6b14dfe07f10e1b6ab8e7d73c54fe6bc36c37eaa3d6d,true,1057932308,false,78c5f5048602e5bfe730d96301fea06c51773051ba1cc57f91269c205da7c095,1003234174,1503,,,,,,,,,,,,,,,,,,,,,0,16588800,0.018684513866901398,-0.0007737493323636908,-0.020751897245645523,0,78c5f5048602e5bfe730d96301fea06c51773051ba1cc57f91269c205da7c095,0.006229816935956478,,,,,,,,false
260,production,1,8294400,1,0.4967001883586973,0,0,19e13139913e3ab371c6400a1c7c2c109d1d6fdfbe6cb24aaa64906f6d77c38d,,24000,1001,false,true,d841adda17732722059f6de44301e74fecb55acc82790a6183686bebf268ffa9,true,323551232,72680592,396491024,1053415731032333,1053415695223000,3,0.035809333,24000,1746505,0.4978949725627899,false,19e13139913e3ab371c6400a1c7c2c109d1d6fdfbe6cb24aaa64906f6d77c38d,true,1056893975,false,24a3e209d060296693c3cbd16489d2a7e2d46cced3ec107c250b5b226a6785b8,1006775909,1504,,,,,,,,,,,,,,,,,,,,,0,16588800,0.02484792098402977,-0.000152401579508241,-0.027530359104275703,0,24a3e209d060296693c3cbd16489d2a7e2d46cced3ec107c250b5b226a6785b8,0.007945631630718708,,,,,,,,false
261,production,1,8294400,1,0.5260632195270778,0,0,def4be0fb3fad44d0bba17f4ec87b34a29779692689a1e34b7c1d14c9890783d,,24000,1001,false,true,5e9f8c578fbdaa9a79951a9a0b0db54ad2a6dc573f3248623711260204a2f518,true,323551232,72680592,396491024,1053415783708375,1053415756619291,3,0.027089084,24000,1747506,0.527655303478241,false,def4be0fb3fad44d0bba17f4ec87b34a29779692689a1e34b7c1d14c9890783d,true,1057428587,false,d25a99836273ea0743af4085c581ad6a8686930de7930c31b2dc4751ddf3138e,1006014090,1505,,,,,,,,,,,,,,,,,,,,,0,16588800,0.02820619009435177,-0.0005357904402438571,-0.03139456361532211,0,d25a99836273ea0743af4085c581ad6a8686930de7930c31b2dc4751ddf3138e,0.007524316199123859,,,,,,,,false
262,production,1,8294400,1,0.4329532932854955,0,0,4884d6f9f54612fb41275b8e8d13cddd2192972bfafae0abaa4314560ed442e6,,24000,1001,false,true,005b4fbe5a259b3440cdbacb4d77d7d1174f34b0c160e36ea1d31a6d1e17e58c,true,323551232,72680592,396491024,1053415839237250,1053415808790875,3,0.030446375,24000,1748507,0.43426746129989624,false,4884d6f9f54612fb41275b8e8d13cddd2192972bfafae0abaa4314560ed442e6,true,1054758990,false,6535db30047013aff9361867183968d00e14f046061dc1e02eb431fc8c269d36,1006712293,1506,,,,,,,,,,,,,,,,,,,,,0,16588800,0.02942047081887722,-0.00039029555460797893,-0.04015740379691124,0,6535db30047013aff9361867183968d00e14f046061dc1e02eb431fc8c269d36,0.00788638461381197,,,,,,,,false
263,production,1,8294400,1,0.5346288507812772,0,0,4a85e0bcb8f464c66c75cb11c1eec19ea4773c4d0c27fb17ca25c0938dce94de,,24000,1001,false,true,ae848c323367785c4afaf1dce9a980f379438c1285609a99009bbad4ea0dc89b,true,323551232,72680592,396491024,1053415898076458,1053415864176291,3,0.033900167,24000,1749508,0.5358805656433105,false,4a85e0bcb8f464c66c75cb11c1eec19ea4773c4d0c27fb17ca25c0938dce94de,true,1057566584,false,95337bec55e8cd043e66cac3aa222461d766c6318d86d69f2b8bc74569569192,1007816552,1507,,,,,,,,,,,,,,,,,,,,,0,16588800,0.0404788963496685,-0.0006126059190670107,-0.03368807211518288,0,95337bec55e8cd043e66cac3aa222461d766c6318d86d69f2b8bc74569569192,0.008914805948734283,,,,,,,,false
264,production,1,8294400,0,0,0,0,788ae0147bdf979a6575938ca2d7d4403788588f7be2010f03776c968fd1ab49,,24000,1001,true,true,2067ac390b0ae7bb329aa2412208bdd5cd343cce076d9e653723773fae4aeb2f,true,323551232,72680592,396491024,1053415968307916,1053415937536833,3,0.030771083,24000,1738497,0,true,788ae0147bdf979a6575938ca2d7d4403788588f7be2010f03776c968fd1ab49,true,0,true,ca954688e08310567d16960ff74c9983fbd4bc77c918b924a37f77d810b0668c,1049003833,1496,,,,,,,,,,,,,,,,,,,,,1,16588800,0.11803362518548965,0.009515197023812918,-0.06817129999399185,0,ca954688e08310567d16960ff74c9983fbd4bc77c918b924a37f77d810b0668c,0.26275041699409485,,,,,,,,true
265,production,1,8294400,1,0.5580001935950686,0,0,ff24d7286b3978166808fccb18ded53d06f8a0687fe03a9af73eba1e698dc25c,,24000,1001,true,true,26e222bb9f5e7471b646ea2c9aaa390c6d8295fff6a32776e1c662fe80b942af,true,323551232,72680592,396491024,1053416025879833,1053415993383833,3,0.032496,24000,1739498,0.558485746383667,false,ff24d7286b3978166808fccb18ded53d06f8a0687fe03a9af73eba1e698dc25c,true,1057945836,false,b5af93cbe1cc5d1d7f6ad42630abe65e9ea2748429906730d52b29109c701e87,996707947,1497,,,,,,,,,,,,,,,,,,,,,1,16588800,0.011241086758673191,-0.00039731407795095766,-0.0075321197509765625,0,b5af93cbe1cc5d1d7f6ad42630abe65e9ea2748429906730d52b29109c701e87,0.0035485278349369764,,,,,,,,false
266,production,1,8294400,0,0,0,0,788ae0147bdf979a6575938ca2d7d4403788588f7be2010f03776c968fd1ab49,true,24000,1001,true,true,e7e2b99a952b73cd3f5f6d84afa8bc6182ca7e151166c9c5dfaa1fbfc557d4b8,true,323551232,72680592,396491024,1053416076848041,1053416050800833,3,0.026047208,24000,1740499,0,true,788ae0147bdf979a6575938ca2d7d4403788588f7be2010f03776c968fd1ab49,true,0,true,1dd7f8a26e56dfba878da177773321a53dca3f2b9d00b46118d4425ec3093903,1049357384,1498,,,,,,,,,,,,,,,,,,,,,1,16588800,0.12668024003505707,-0.00822357325689355,-0.23784224689006805,0,1dd7f8a26e56dfba878da177773321a53dca3f2b9d00b46118d4425ec3093903,0.2732870578765869,,,,,,,,false
267,production,1,8294400,1,0.6057567670294466,0,0,e4d7d9ae97135d7dc185243b19490a1f40bcca651cf2b759538db368bedc01b7,true,24000,1001,false,true,14bb670c4466232e6ab633a2a6fdefd4c99bace2d8b10f6043f30829c0354b17,true,323551232,72680592,396491024,1053416132069708,1053416104537291,3,0.027532417,24000,1741500,0.6067052483558655,false,e4d7d9ae97135d7dc185243b19490a1f40bcca651cf2b759538db368bedc01b7,true,1058754825,false,ee54d44ebac3dca564784630aa7e04eb0e50afdb17521dfa1b05c85b78882a48,994358578,1499,,,,,,,,,,,,,,,,,,,,,1,16588800,0.002702204277738929,2.3930811790998148e-05,-0.008261729963123798,0,ee54d44ebac3dca564784630aa7e04eb0e50afdb17521dfa1b05c85b78882a48,0.0030015227384865284,,,,,,,,false
268,production,1,8294400,1,0.6108848549398807,0,0,ff2eeb16566030b9dd06a8c01bbf967fa94070c40acdbbea6a0d2dc48c7167eb,,24000,1001,false,true,d0803a559d88c0bd6b54e5cfded20c04d64f959e3c5009ee65a67a705aa33ce3,true,323551232,72680592,396491024,1053416185822333,1053416158869333,3,0.026953,24000,1742501,0.6119656562805176,false,ff2eeb16566030b9dd06a8c01bbf967fa94070c40acdbbea6a0d2dc48c7167eb,true,1058843080,false,26438fbe98f93bb7ea392c433b2bfd232c214d8aa921dac0b16df381e5575aa2,993628541,1500,,,,,,,,,,,,,,,,,,,,,1,16588800,0.00523300189524889,3.935026889083583e-06,-0.009355559013783932,0,26438fbe98f93bb7ea392c433b2bfd232c214d8aa921dac0b16df381e5575aa2,0.0028315477538853884,,,,,,,,false
269,production,1,8294400,1,0.6434173492906502,0,0,7e53933ec6ffad34b19572512b6e4dd79cdf79d53cce1b9679f28641c8345004,,24000,1001,false,true,4945f8e1ed2a6ce70e38e9f25e6ee38a7d2a8b0e0901cab474531c8113227e4e,true,323551232,72680592,396491024,1053416240815875,1053416210855166,3,0.029960709,24000,1743502,0.6451500058174133,false,7e53933ec6ffad34b19572512b6e4dd79cdf79d53cce1b9679f28641c8345004,true,1059399821,false,7978f43a3bced6a1c55c28e1bf996272c6bc5d5c543a9ffead43532ef8542ed8,996278982,1501,,,,,,,,,,,,,,,,,,,,,1,16588800,0.0060884952545166016,-0.00011930742275908047,-0.011883347295224667,0,7978f43a3bced6a1c55c28e1bf996272c6bc5d5c543a9ffead43532ef8542ed8,0.0034486516378819942,,,,,,,,false
270,production,1,8294400,1,0.5464105376980998,0,0,a1dc46082a3247c370a0bea80eac8a6a710ea1d6c4447263d927751d18344a45,,24000,1001,false,true,ad7ed19b2a9ce48b75220fac53032ab41cea9d4eddfe62f09bb1c86e063d6e46,true,323551232,72680592,396491024,1053416293017833,1053416266164750,3,0.026853083,24000,1744503,0.54786217212677,false,a1dc46082a3247c370a0bea80eac8a6a710ea1d6c4447263d927751d18344a45,true,1057767602,false,e33097e78f0358cea2f0b6c880c8d7430606842815c4dde063dad6f92247d23d,998857116,1502,,,,,,,,,,,,,,,,,,,,,1,16588800,0.011320527642965317,-0.00025843947588864924,-0.015538307838141918,0,e33097e78f0358cea2f0b6c880c8d7430606842815c4dde063dad6f92247d23d,0.0041915904730558395,,,,,,,,false
271,production,1,8294400,1,0.5558029466185292,0,0,258955f94ba510e2de8a6b14dfe07f10e1b6ab8e7d73c54fe6bc36c37eaa3d6d,,24000,1001,false,true,d0e5c2803d70ef53f24fac74b8d5709c4d6caeb53dcb90684c7e1275fa774a9b,true,323551232,72680592,396491024,1053416352725666,1053416317994833,3,0.034730833,24000,1745504,0.5576794147491455,false,258955f94ba510e2de8a6b14dfe07f10e1b6ab8e7d73c54fe6bc36c37eaa3d6d,true,1057932308,false,78c5f5048602e5bfe730d96301fea06c51773051ba1cc57f91269c205da7c095,1003234174,1503,,,,,,,,,,,,,,,,,,,,,1,16588800,0.018684513866901398,-0.0007737493323636908,-0.020751897245645523,0,78c5f5048602e5bfe730d96301fea06c51773051ba1cc57f91269c205da7c095,0.006229816935956478,,,,,,,,false
272,production,1,8294400,1,0.4967001883586973,0,0,19e13139913e3ab371c6400a1c7c2c109d1d6fdfbe6cb24aaa64906f6d77c38d,,24000,1001,false,true,d841adda17732722059f6de44301e74fecb55acc82790a6183686bebf268ffa9,true,323551232,72680592,396491024,1053416413439250,1053416378667875,3,0.034771375,24000,1746505,0.4978949725627899,false,19e13139913e3ab371c6400a1c7c2c109d1d6fdfbe6cb24aaa64906f6d77c38d,true,1056893975,false,24a3e209d060296693c3cbd16489d2a7e2d46cced3ec107c250b5b226a6785b8,1006775909,1504,,,,,,,,,,,,,,,,,,,,,1,16588800,0.02484792098402977,-0.000152401579508241,-0.027530359104275703,0,24a3e209d060296693c3cbd16489d2a7e2d46cced3ec107c250b5b226a6785b8,0.007945631630718708,,,,,,,,false
273,production,1,8294400,1,0.5260632195270778,0,0,def4be0fb3fad44d0bba17f4ec87b34a29779692689a1e34b7c1d14c9890783d,,24000,1001,false,true,5e9f8c578fbdaa9a79951a9a0b0db54ad2a6dc573f3248623711260204a2f518,true,323551232,72680592,396491024,1053416466263375,1053416439699416,3,0.026563959,24000,1747506,0.527655303478241,false,def4be0fb3fad44d0bba17f4ec87b34a29779692689a1e34b7c1d14c9890783d,true,1057428587,false,d25a99836273ea0743af4085c581ad6a8686930de7930c31b2dc4751ddf3138e,1006014090,1505,,,,,,,,,,,,,,,,,,,,,1,16588800,0.02820619009435177,-0.0005357904402438571,-0.03139456361532211,0,d25a99836273ea0743af4085c581ad6a8686930de7930c31b2dc4751ddf3138e,0.007524316199123859,,,,,,,,false
274,production,1,8294400,1,0.4329532932854955,0,0,4884d6f9f54612fb41275b8e8d13cddd2192972bfafae0abaa4314560ed442e6,,24000,1001,false,true,005b4fbe5a259b3440cdbacb4d77d7d1174f34b0c160e36ea1d31a6d1e17e58c,true,323551232,72680592,396491024,1053416525440041,1053416493004166,3,0.032435875,24000,1748507,0.43426746129989624,false,4884d6f9f54612fb41275b8e8d13cddd2192972bfafae0abaa4314560ed442e6,true,1054758990,false,6535db30047013aff9361867183968d00e14f046061dc1e02eb431fc8c269d36,1006712293,1506,,,,,,,,,,,,,,,,,,,,,1,16588800,0.02942047081887722,-0.00039029555460797893,-0.04015740379691124,0,6535db30047013aff9361867183968d00e14f046061dc1e02eb431fc8c269d36,0.00788638461381197,,,,,,,,false
275,production,1,8294400,1,0.5346288507812772,0,0,4a85e0bcb8f464c66c75cb11c1eec19ea4773c4d0c27fb17ca25c0938dce94de,,24000,1001,false,true,ae848c323367785c4afaf1dce9a980f379438c1285609a99009bbad4ea0dc89b,true,323551232,72680592,396491024,1053416588298375,1053416553987291,3,0.034311084,24000,1749508,0.5358805656433105,false,4a85e0bcb8f464c66c75cb11c1eec19ea4773c4d0c27fb17ca25c0938dce94de,true,1057566584,false,95337bec55e8cd043e66cac3aa222461d766c6318d86d69f2b8bc74569569192,1007816552,1507,,,,,,,,,,,,,,,,,,,,,1,16588800,0.0404788963496685,-0.0006126059190670107,-0.03368807211518288,0,95337bec55e8cd043e66cac3aa222461d766c6318d86d69f2b8bc74569569192,0.008914805948734283,,,,,,,,false
276,production,1,8294400,0,0,0,0,788ae0147bdf979a6575938ca2d7d4403788588f7be2010f03776c968fd1ab49,,24000,1001,true,true,2067ac390b0ae7bb329aa2412208bdd5cd343cce076d9e653723773fae4aeb2f,true,323551232,72680592,396491024,1053416665034583,1053416636354041,3,0.028680542,24000,1738497,0,true,788ae0147bdf979a6575938ca2d7d4403788588f7be2010f03776c968fd1ab49,true,0,true,ca954688e08310567d16960ff74c9983fbd4bc77c918b924a37f77d810b0668c,1049003833,1496,,,,,,,,,,,,,,,,,,,,,2,16588800,0.11803362518548965,0.009515197023812918,-0.06817129999399185,0,ca954688e08310567d16960ff74c9983fbd4bc77c918b924a37f77d810b0668c,0.26275041699409485,,,,,,,,true
277,production,1,8294400,1,0.5580001935950686,0,0,ff24d7286b3978166808fccb18ded53d06f8a0687fe03a9af73eba1e698dc25c,,24000,1001,true,true,26e222bb9f5e7471b646ea2c9aaa390c6d8295fff6a32776e1c662fe80b942af,true,323551232,72680592,396491024,1053416727288083,1053416694584541,3,0.032703542,24000,1739498,0.558485746383667,false,ff24d7286b3978166808fccb18ded53d06f8a0687fe03a9af73eba1e698dc25c,true,1057945836,false,b5af93cbe1cc5d1d7f6ad42630abe65e9ea2748429906730d52b29109c701e87,996707947,1497,,,,,,,,,,,,,,,,,,,,,2,16588800,0.011241086758673191,-0.00039731407795095766,-0.0075321197509765625,0,b5af93cbe1cc5d1d7f6ad42630abe65e9ea2748429906730d52b29109c701e87,0.0035485278349369764,,,,,,,,false
278,production,1,8294400,0,0,0,0,788ae0147bdf979a6575938ca2d7d4403788588f7be2010f03776c968fd1ab49,true,24000,1001,true,true,e7e2b99a952b73cd3f5f6d84afa8bc6182ca7e151166c9c5dfaa1fbfc557d4b8,true,323551232,72680592,396491024,1053416790445625,1053416754932416,3,0.035513209,24000,1740499,0,true,788ae0147bdf979a6575938ca2d7d4403788588f7be2010f03776c968fd1ab49,true,0,true,1dd7f8a26e56dfba878da177773321a53dca3f2b9d00b46118d4425ec3093903,1049357384,1498,,,,,,,,,,,,,,,,,,,,,2,16588800,0.12668024003505707,-0.00822357325689355,-0.23784224689006805,0,1dd7f8a26e56dfba878da177773321a53dca3f2b9d00b46118d4425ec3093903,0.2732870578765869,,,,,,,,false
279,production,1,8294400,1,0.6057567670294466,0,0,e4d7d9ae97135d7dc185243b19490a1f40bcca651cf2b759538db368bedc01b7,true,24000,1001,false,true,14bb670c4466232e6ab633a2a6fdefd4c99bace2d8b10f6043f30829c0354b17,true,323551232,72680592,396491024,1053416844870666,1053416818361041,3,0.026509625,24000,1741500,0.6067052483558655,false,e4d7d9ae97135d7dc185243b19490a1f40bcca651cf2b759538db368bedc01b7,true,1058754825,false,ee54d44ebac3dca564784630aa7e04eb0e50afdb17521dfa1b05c85b78882a48,994358578,1499,,,,,,,,,,,,,,,,,,,,,2,16588800,0.002702204277738929,2.3930811790998148e-05,-0.008261729963123798,0,ee54d44ebac3dca564784630aa7e04eb0e50afdb17521dfa1b05c85b78882a48,0.0030015227384865284,,,,,,,,false
280,production,1,8294400,1,0.6108848549398807,0,0,ff2eeb16566030b9dd06a8c01bbf967fa94070c40acdbbea6a0d2dc48c7167eb,,24000,1001,false,true,d0803a559d88c0bd6b54e5cfded20c04d64f959e3c5009ee65a67a705aa33ce3,true,323551232,72680592,396491024,1053416899761208,1053416872627041,3,0.027134167,24000,1742501,0.6119656562805176,false,ff2eeb16566030b9dd06a8c01bbf967fa94070c40acdbbea6a0d2dc48c7167eb,true,1058843080,false,26438fbe98f93bb7ea392c433b2bfd232c214d8aa921dac0b16df381e5575aa2,993628541,1500,,,,,,,,,,,,,,,,,,,,,2,16588800,0.00523300189524889,3.935026889083583e-06,-0.009355559013783932,0,26438fbe98f93bb7ea392c433b2bfd232c214d8aa921dac0b16df381e5575aa2,0.0028315477538853884,,,,,,,,false
281,production,1,8294400,1,0.6434173492906502,0,0,7e53933ec6ffad34b19572512b6e4dd79cdf79d53cce1b9679f28641c8345004,,24000,1001,false,true,4945f8e1ed2a6ce70e38e9f25e6ee38a7d2a8b0e0901cab474531c8113227e4e,true,323551232,72680592,396491024,1053416949917750,1053416925727375,3,0.024190375,24000,1743502,0.6451500058174133,false,7e53933ec6ffad34b19572512b6e4dd79cdf79d53cce1b9679f28641c8345004,true,1059399821,false,7978f43a3bced6a1c55c28e1bf996272c6bc5d5c543a9ffead43532ef8542ed8,996278982,1501,,,,,,,,,,,,,,,,,,,,,2,16588800,0.0060884952545166016,-0.00011930742275908047,-0.011883347295224667,0,7978f43a3bced6a1c55c28e1bf996272c6bc5d5c543a9ffead43532ef8542ed8,0.0034486516378819942,,,,,,,,false
282,production,1,8294400,1,0.5464105376980998,0,0,a1dc46082a3247c370a0bea80eac8a6a710ea1d6c4447263d927751d18344a45,,24000,1001,false,true,ad7ed19b2a9ce48b75220fac53032ab41cea9d4eddfe62f09bb1c86e063d6e46,true,323551232,72680592,396491024,1053417012995291,1053416976443791,3,0.0365515,24000,1744503,0.54786217212677,false,a1dc46082a3247c370a0bea80eac8a6a710ea1d6c4447263d927751d18344a45,true,1057767602,false,e33097e78f0358cea2f0b6c880c8d7430606842815c4dde063dad6f92247d23d,998857116,1502,,,,,,,,,,,,,,,,,,,,,2,16588800,0.011320527642965317,-0.00025843947588864924,-0.015538307838141918,0,e33097e78f0358cea2f0b6c880c8d7430606842815c4dde063dad6f92247d23d,0.0041915904730558395,,,,,,,,false
283,production,1,8294400,1,0.5558029466185292,0,0,258955f94ba510e2de8a6b14dfe07f10e1b6ab8e7d73c54fe6bc36c37eaa3d6d,,24000,1001,false,true,d0e5c2803d70ef53f24fac74b8d5709c4d6caeb53dcb90684c7e1275fa774a9b,true,323551232,72680592,396491024,1053417070421708,1053417039074500,3,0.031347208,24000,1745504,0.5576794147491455,false,258955f94ba510e2de8a6b14dfe07f10e1b6ab8e7d73c54fe6bc36c37eaa3d6d,true,1057932308,false,78c5f5048602e5bfe730d96301fea06c51773051ba1cc57f91269c205da7c095,1003234174,1503,,,,,,,,,,,,,,,,,,,,,2,16588800,0.018684513866901398,-0.0007737493323636908,-0.020751897245645523,0,78c5f5048602e5bfe730d96301fea06c51773051ba1cc57f91269c205da7c095,0.006229816935956478,,,,,,,,false
284,production,1,8294400,1,0.4967001883586973,0,0,19e13139913e3ab371c6400a1c7c2c109d1d6fdfbe6cb24aaa64906f6d77c38d,,24000,1001,false,true,d841adda17732722059f6de44301e74fecb55acc82790a6183686bebf268ffa9,true,323551232,72680592,396491024,1053417127676083,1053417096302916,3,0.031373167,24000,1746505,0.4978949725627899,false,19e13139913e3ab371c6400a1c7c2c109d1d6fdfbe6cb24aaa64906f6d77c38d,true,1056893975,false,24a3e209d060296693c3cbd16489d2a7e2d46cced3ec107c250b5b226a6785b8,1006775909,1504,,,,,,,,,,,,,,,,,,,,,2,16588800,0.02484792098402977,-0.000152401579508241,-0.027530359104275703,0,24a3e209d060296693c3cbd16489d2a7e2d46cced3ec107c250b5b226a6785b8,0.007945631630718708,,,,,,,,false
285,production,1,8294400,1,0.5260632195270778,0,0,def4be0fb3fad44d0bba17f4ec87b34a29779692689a1e34b7c1d14c9890783d,,24000,1001,false,true,5e9f8c578fbdaa9a79951a9a0b0db54ad2a6dc573f3248623711260204a2f518,true,323551232,72680592,396491024,1053417194960416,1053417153765875,3,0.041194541,24000,1747506,0.527655303478241,false,def4be0fb3fad44d0bba17f4ec87b34a29779692689a1e34b7c1d14c9890783d,true,1057428587,false,d25a99836273ea0743af4085c581ad6a8686930de7930c31b2dc4751ddf3138e,1006014090,1505,,,,,,,,,,,,,,,,,,,,,2,16588800,0.02820619009435177,-0.0005357904402438571,-0.03139456361532211,0,d25a99836273ea0743af4085c581ad6a8686930de7930c31b2dc4751ddf3138e,0.007524316199123859,,,,,,,,false
286,production,1,8294400,1,0.4329532932854955,0,0,4884d6f9f54612fb41275b8e8d13cddd2192972bfafae0abaa4314560ed442e6,,24000,1001,false,true,005b4fbe5a259b3440cdbacb4d77d7d1174f34b0c160e36ea1d31a6d1e17e58c,true,323551232,72680592,396491024,1053417335273791,1053417246753666,3,0.088520125,24000,1748507,0.43426746129989624,false,4884d6f9f54612fb41275b8e8d13cddd2192972bfafae0abaa4314560ed442e6,true,1054758990,false,6535db30047013aff9361867183968d00e14f046061dc1e02eb431fc8c269d36,1006712293,1506,,,,,,,,,,,,,,,,,,,,,2,16588800,0.02942047081887722,-0.00039029555460797893,-0.04015740379691124,0,6535db30047013aff9361867183968d00e14f046061dc1e02eb431fc8c269d36,0.00788638461381197,,,,,,,,false
287,production,1,8294400,1,0.5346288507812772,0,0,4a85e0bcb8f464c66c75cb11c1eec19ea4773c4d0c27fb17ca25c0938dce94de,,24000,1001,false,true,ae848c323367785c4afaf1dce9a980f379438c1285609a99009bbad4ea0dc89b,true,323551232,72680592,396491024,1053417418498500,1053417373678458,3,0.044820042,24000,1749508,0.5358805656433105,false,4a85e0bcb8f464c66c75cb11c1eec19ea4773c4d0c27fb17ca25c0938dce94de,true,1057566584,false,95337bec55e8cd043e66cac3aa222461d766c6318d86d69f2b8bc74569569192,1007816552,1507,,,,,,,,,,,,,,,,,,,,,2,16588800,0.0404788963496685,-0.0006126059190670107,-0.03368807211518288,0,95337bec55e8cd043e66cac3aa222461d766c6318d86d69f2b8bc74569569192,0.008914805948734283,,,,,,,,false
