arm,caseOrder,confidenceBytes,directBytesEqual,duration,excludedWarmup,expectedRandomAccessFromPublicHistory,hasMotion,inputSHA256,maskProvenance,matchedExact,measured,mlxBytes,nilHistoryCorrect,ordinalWithinCaseArm,outerEndUptimeNanoseconds,outerStartUptimeNanoseconds,outputFiniteAndExtentValid,pairedCase,phase,prepareCompletedWallSeconds,previousSourceFrameIndex,pts,reset,signature,sourceFrameIndex,traversal,vectorsBytes,wrapDiscontinuity
baseline,0,,,"{""timescale"":24000,""value"":1001}",true,null,false,2067ac390b0ae7bb329aa2412208bdd5cd343cce076d9e653723773fae4aeb2f,natural,,false,"{""active"":298647552,""cache"":0,""peakActive"":298647552}",true,0,1056967613481583,1056967579890125,true,0,traversal-warmup,0.033591458,null,"{""timescale"":24000,""value"":1738497}",,"{""confidenceSHA256"":null,""hasMotion"":false,""reliableFractionBits"":null,""reset"":null,""vectorsSHA256"":null,""warpedLumaErrorBits"":null}",1496,0,,false
baseline,0,8294400,,"{""timescale"":24000,""value"":1001}",true,true,true,26e222bb9f5e7471b646ea2c9aaa390c6d8295fff6a32776e1c662fe80b942af,natural,,false,"{""active"":323551232,""cache"":72680592,""peakActive"":396491024}",true,1,1056967665590666,1056967614831416,true,0,traversal-warmup,0.05075925,1496,"{""timescale"":24000,""value"":1739498}",false,"{""confidenceSHA256"":""ff24d7286b3978166808fccb18ded53d06f8a0687fe03a9af73eba1e698dc25c"",""hasMotion"":true,""reliableFractionBits"":1057945836,""reset"":false,""vectorsSHA256"":""b5af93cbe1cc5d1d7f6ad42630abe65e9ea2748429906730d52b29109c701e87"",""warpedLumaErrorBits"":996707947}",1497,0,16588800,false
baseline,0,8294400,,"{""timescale"":24000,""value"":1001}",true,false,true,e7e2b99a952b73cd3f5f6d84afa8bc6182ca7e151166c9c5dfaa1fbfc557d4b8,natural,,false,"{""active"":323551232,""cache"":72680592,""peakActive"":396491024}",true,2,1056967713259791,1056967683059583,true,0,traversal-warmup,0.030200208,1497,"{""timescale"":24000,""value"":1740499}",true,"{""confidenceSHA256"":""788ae0147bdf979a6575938ca2d7d4403788588f7be2010f03776c968fd1ab49"",""hasMotion"":true,""reliableFractionBits"":0,""reset"":true,""vectorsSHA256"":""1dd7f8a26e56dfba878da177773321a53dca3f2b9d00b46118d4425ec3093903"",""warpedLumaErrorBits"":1049357384}",1498,0,16588800,false
baseline,0,8294400,,"{""timescale"":24000,""value"":1001}",false,true,true,14bb670c4466232e6ab633a2a6fdefd4c99bace2d8b10f6043f30829c0354b17,natural,,true,"{""active"":323551232,""cache"":72680592,""peakActive"":396491024}",true,3,1056967768302791,1056967729439791,true,0,measured,0.038863,1498,"{""timescale"":24000,""value"":1741500}",false,"{""confidenceSHA256"":""e4d7d9ae97135d7dc185243b19490a1f40bcca651cf2b759538db368bedc01b7"",""hasMotion"":true,""reliableFractionBits"":1058754825,""reset"":false,""vectorsSHA256"":""ee54d44ebac3dca564784630aa7e04eb0e50afdb17521dfa1b05c85b78882a48"",""warpedLumaErrorBits"":994358578}",1499,0,16588800,false
baseline,0,8294400,,"{""timescale"":24000,""value"":1001}",false,false,true,d0803a559d88c0bd6b54e5cfded20c04d64f959e3c5009ee65a67a705aa33ce3,natural,,true,"{""active"":323551232,""cache"":72680592,""peakActive"":396491024}",true,4,1056967818593333,1056967783882750,true,0,measured,0.034710583,1499,"{""timescale"":24000,""value"":1742501}",false,"{""confidenceSHA256"":""ff2eeb16566030b9dd06a8c01bbf967fa94070c40acdbbea6a0d2dc48c7167eb"",""hasMotion"":true,""reliableFractionBits"":1058843080,""reset"":false,""vectorsSHA256"":""26438fbe98f93bb7ea392c433b2bfd232c214d8aa921dac0b16df381e5575aa2"",""warpedLumaErrorBits"":993628541}",1500,0,16588800,false
baseline,0,8294400,,"{""timescale"":24000,""value"":1001}",false,false,true,4945f8e1ed2a6ce70e38e9f25e6ee38a7d2a8b0e0901cab474531c8113227e4e,natural,,true,"{""active"":323551232,""cache"":72680592,""peakActive"":396491024}",true,5,1056967854733083,1056967834301416,true,0,measured,0.020431667,1500,"{""timescale"":24000,""value"":1743502}",false,"{""confidenceSHA256"":""7e53933ec6ffad34b19572512b6e4dd79cdf79d53cce1b9679f28641c8345004"",""hasMotion"":true,""reliableFractionBits"":1059399821,""reset"":false,""vectorsSHA256"":""7978f43a3bced6a1c55c28e1bf996272c6bc5d5c543a9ffead43532ef8542ed8"",""warpedLumaErrorBits"":996278982}",1501,0,16588800,false
baseline,0,8294400,,"{""timescale"":24000,""value"":1001}",false,false,true,ad7ed19b2a9ce48b75220fac53032ab41cea9d4eddfe62f09bb1c86e063d6e46,natural,,true,"{""active"":323551232,""cache"":72680592,""peakActive"":396491024}",true,6,1056967898499791,1056967870264083,true,0,measured,0.028235708,1501,"{""timescale"":24000,""value"":1744503}",false,"{""confidenceSHA256"":""a1dc46082a3247c370a0bea80eac8a6a710ea1d6c4447263d927751d18344a45"",""hasMotion"":true,""reliableFractionBits"":1057767602,""reset"":false,""vectorsSHA256"":""e33097e78f0358cea2f0b6c880c8d7430606842815c4dde063dad6f92247d23d"",""warpedLumaErrorBits"":998857116}",1502,0,16588800,false
baseline,0,8294400,,"{""timescale"":24000,""value"":1001}",false,false,true,d0e5c2803d70ef53f24fac74b8d5709c4d6caeb53dcb90684c7e1275fa774a9b,natural,,true,"{""active"":323551232,""cache"":72680592,""peakActive"":396491024}",true,7,1056967932584375,1056967914175291,true,0,measured,0.018409084,1502,"{""timescale"":24000,""value"":1745504}",false,"{""confidenceSHA256"":""258955f94ba510e2de8a6b14dfe07f10e1b6ab8e7d73c54fe6bc36c37eaa3d6d"",""hasMotion"":true,""reliableFractionBits"":1057932308,""reset"":false,""vectorsSHA256"":""78c5f5048602e5bfe730d96301fea06c51773051ba1cc57f91269c205da7c095"",""warpedLumaErrorBits"":1003234174}",1503,0,16588800,false
baseline,0,8294400,,"{""timescale"":24000,""value"":1001}",false,false,true,d841adda17732722059f6de44301e74fecb55acc82790a6183686bebf268ffa9,natural,,true,"{""active"":323551232,""cache"":72680592,""peakActive"":396491024}",true,8,1056967971897333,1056967948250000,true,0,measured,0.023647333,1503,"{""timescale"":24000,""value"":1746505}",false,"{""confidenceSHA256"":""19e13139913e3ab371c6400a1c7c2c109d1d6fdfbe6cb24aaa64906f6d77c38d"",""hasMotion"":true,""reliableFractionBits"":1056893975,""reset"":false,""vectorsSHA256"":""24a3e209d060296693c3cbd16489d2a7e2d46cced3ec107c250b5b226a6785b8"",""warpedLumaErrorBits"":1006775909}",1504,0,16588800,false
baseline,0,8294400,,"{""timescale"":24000,""value"":1001}",false,false,true,5e9f8c578fbdaa9a79951a9a0b0db54ad2a6dc573f3248623711260204a2f518,natural,,true,"{""active"":323551232,""cache"":72680592,""peakActive"":396491024}",true,9,1056968015506125,1056967988683375,true,0,measured,0.02682275,1504,"{""timescale"":24000,""value"":1747506}",false,"{""confidenceSHA256"":""def4be0fb3fad44d0bba17f4ec87b34a29779692689a1e34b7c1d14c9890783d"",""hasMotion"":true,""reliableFractionBits"":1057428587,""reset"":false,""vectorsSHA256"":""d25a99836273ea0743af4085c581ad6a8686930de7930c31b2dc4751ddf3138e"",""warpedLumaErrorBits"":1006014090}",1505,0,16588800,false
baseline,0,8294400,,"{""timescale"":24000,""value"":1001}",false,false,true,005b4fbe5a259b3440cdbacb4d77d7d1174f34b0c160e36ea1d31a6d1e17e58c,natural,,true,"{""active"":323551232,""cache"":72680592,""peakActive"":396491024}",true,10,1056968055782625,1056968033561583,true,0,measured,0.022221042,1505,"{""timescale"":24000,""value"":1748507}",false,"{""confidenceSHA256"":""4884d6f9f54612fb41275b8e8d13cddd2192972bfafae0abaa4314560ed442e6"",""hasMotion"":true,""reliableFractionBits"":1054758990,""reset"":false,""vectorsSHA256"":""6535db30047013aff9361867183968d00e14f046061dc1e02eb431fc8c269d36"",""warpedLumaErrorBits"":1006712293}",1506,0,16588800,false
baseline,0,8294400,,"{""timescale"":24000,""value"":1001}",false,false,true,ae848c323367785c4afaf1dce9a980f379438c1285609a99009bbad4ea0dc89b,natural,,true,"{""active"":323551232,""cache"":72680592,""peakActive"":396491024}",true,11,1056968104440458,1056968072970875,true,0,measured,0.031469583,1506,"{""timescale"":24000,""value"":1749508}",false,"{""confidenceSHA256"":""4a85e0bcb8f464c66c75cb11c1eec19ea4773c4d0c27fb17ca25c0938dce94de"",""hasMotion"":true,""reliableFractionBits"":1057566584,""reset"":false,""vectorsSHA256"":""95337bec55e8cd043e66cac3aa222461d766c6318d86d69f2b8bc74569569192"",""warpedLumaErrorBits"":1007816552}",1507,0,16588800,false
baseline,0,8294400,,"{""timescale"":24000,""value"":1001}",true,true,true,2067ac390b0ae7bb329aa2412208bdd5cd343cce076d9e653723773fae4aeb2f,natural,,false,"{""active"":323551232,""cache"":72680592,""peakActive"":396491024}",true,12,1056968138522458,1056968120472041,true,0,traversal-warmup,0.018050417,1507,"{""timescale"":24000,""value"":1738497}",true,"{""confidenceSHA256"":""788ae0147bdf979a6575938ca2d7d4403788588f7be2010f03776c968fd1ab49"",""hasMotion"":true,""reliableFractionBits"":0,""reset"":true,""vectorsSHA256"":""ca954688e08310567d16960ff74c9983fbd4bc77c918b924a37f77d810b0668c"",""warpedLumaErrorBits"":1049003833}",1496,1,16588800,true
baseline,0,8294400,,"{""timescale"":24000,""value"":1001}",true,true,true,26e222bb9f5e7471b646ea2c9aaa390c6d8295fff6a32776e1c662fe80b942af,natural,,false,"{""active"":323551232,""cache"":72680592,""peakActive"":396491024}",true,13,1056968178227208,1056968154800291,true,0,traversal-warmup,0.023426917,1496,"{""timescale"":24000,""value"":1739498}",false,"{""confidenceSHA256"":""ff24d7286b3978166808fccb18ded53d06f8a0687fe03a9af73eba1e698dc25c"",""hasMotion"":true,""reliableFractionBits"":1057945836,""reset"":false,""vectorsSHA256"":""b5af93cbe1cc5d1d7f6ad42630abe65e9ea2748429906730d52b29109c701e87"",""warpedLumaErrorBits"":996707947}",1497,1,16588800,false
baseline,0,8294400,,"{""timescale"":24000,""value"":1001}",true,false,true,e7e2b99a952b73cd3f5f6d84afa8bc6182ca7e151166c9c5dfaa1fbfc557d4b8,natural,,false,"{""active"":323551232,""cache"":72680592,""peakActive"":396491024}",true,14,1056968215863500,1056968194432166,true,0,traversal-warmup,0.021431334,1497,"{""timescale"":24000,""value"":1740499}",true,"{""confidenceSHA256"":""788ae0147bdf979a6575938ca2d7d4403788588f7be2010f03776c968fd1ab49"",""hasMotion"":true,""reliableFractionBits"":0,""reset"":true,""vectorsSHA256"":""1dd7f8a26e56dfba878da177773321a53dca3f2b9d00b46118d4425ec3093903"",""warpedLumaErrorBits"":1049357384}",1498,1,16588800,false
baseline,0,8294400,,"{""timescale"":24000,""value"":1001}",false,true,true,14bb670c4466232e6ab633a2a6fdefd4c99bace2d8b10f6043f30829c0354b17,natural,,true,"{""active"":323551232,""cache"":72680592,""peakActive"":396491024}",true,15,1056968258775000,1056968231772000,true,0,measured,0.027003,1498,"{""timescale"":24000,""value"":1741500}",false,"{""confidenceSHA256"":""e4d7d9ae97135d7dc185243b19490a1f40bcca651cf2b759538db368bedc01b7"",""hasMotion"":true,""reliableFractionBits"":1058754825,""reset"":false,""vectorsSHA256"":""ee54d44ebac3dca564784630aa7e04eb0e50afdb17521dfa1b05c85b78882a48"",""warpedLumaErrorBits"":994358578}",1499,1,16588800,false
baseline,0,8294400,,"{""timescale"":24000,""value"":1001}",false,false,true,d0803a559d88c0bd6b54e5cfded20c04d64f959e3c5009ee65a67a705aa33ce3,natural,,true,"{""active"":323551232,""cache"":72680592,""peakActive"":396491024}",true,16,1056968294409875,1056968274634041,true,0,measured,0.019775834,1499,"{""timescale"":24000,""value"":1742501}",false,"{""confidenceSHA256"":""ff2eeb16566030b9dd06a8c01bbf967fa94070c40acdbbea6a0d2dc48c7167eb"",""hasMotion"":true,""reliableFractionBits"":1058843080,""reset"":false,""vectorsSHA256"":""26438fbe98f93bb7ea392c433b2bfd232c214d8aa921dac0b16df381e5575aa2"",""warpedLumaErrorBits"":993628541}",1500,1,16588800,false
baseline,0,8294400,,"{""timescale"":24000,""value"":1001}",false,false,true,4945f8e1ed2a6ce70e38e9f25e6ee38a7d2a8b0e0901cab474531c8113227e4e,natural,,true,"{""active"":323551232,""cache"":72680592,""peakActive"":396491024}",true,17,1056968329428375,1056968310560958,true,0,measured,0.018867417,1500,"{""timescale"":24000,""value"":1743502}",false,"{""confidenceSHA256"":""7e53933ec6ffad34b19572512b6e4dd79cdf79d53cce1b9679f28641c8345004"",""hasMotion"":true,""reliableFractionBits"":1059399821,""reset"":false,""vectorsSHA256"":""7978f43a3bced6a1c55c28e1bf996272c6bc5d5c543a9ffead43532ef8542ed8"",""warpedLumaErrorBits"":996278982}",1501,1,16588800,false
baseline,0,8294400,,"{""timescale"":24000,""value"":1001}",false,false,true,ad7ed19b2a9ce48b75220fac53032ab41cea9d4eddfe62f09bb1c86e063d6e46,natural,,true,"{""active"":323551232,""cache"":72680592,""peakActive"":396491024}",true,18,1056968367171500,1056968345648708,true,0,measured,0.021522792,1501,"{""timescale"":24000,""value"":1744503}",false,"{""confidenceSHA256"":""a1dc46082a3247c370a0bea80eac8a6a710ea1d6c4447263d927751d18344a45"",""hasMotion"":true,""reliableFractionBits"":1057767602,""reset"":false,""vectorsSHA256"":""e33097e78f0358cea2f0b6c880c8d7430606842815c4dde063dad6f92247d23d"",""warpedLumaErrorBits"":998857116}",1502,1,16588800,false
baseline,0,8294400,,"{""timescale"":24000,""value"":1001}",false,false,true,d0e5c2803d70ef53f24fac74b8d5709c4d6caeb53dcb90684c7e1275fa774a9b,natural,,true,"{""active"":323551232,""cache"":72680592,""peakActive"":396491024}",true,19,1056968407873500,1056968383458791,true,0,measured,0.024414709,1502,"{""timescale"":24000,""value"":1745504}",false,"{""confidenceSHA256"":""258955f94ba510e2de8a6b14dfe07f10e1b6ab8e7d73c54fe6bc36c37eaa3d6d"",""hasMotion"":true,""reliableFractionBits"":1057932308,""reset"":false,""vectorsSHA256"":""78c5f5048602e5bfe730d96301fea06c51773051ba1cc57f91269c205da7c095"",""warpedLumaErrorBits"":1003234174}",1503,1,16588800,false
baseline,0,8294400,,"{""timescale"":24000,""value"":1001}",false,false,true,d841adda17732722059f6de44301e74fecb55acc82790a6183686bebf268ffa9,natural,,true,"{""active"":323551232,""cache"":72680592,""peakActive"":396491024}",true,20,1056968450753875,1056968424216500,true,0,measured,0.026537375,1503,"{""timescale"":24000,""value"":1746505}",false,"{""confidenceSHA256"":""19e13139913e3ab371c6400a1c7c2c109d1d6fdfbe6cb24aaa64906f6d77c38d"",""hasMotion"":true,""reliableFractionBits"":1056893975,""reset"":false,""vectorsSHA256"":""24a3e209d060296693c3cbd16489d2a7e2d46cced3ec107c250b5b226a6785b8"",""warpedLumaErrorBits"":1006775909}",1504,1,16588800,false
baseline,0,8294400,,"{""timescale"":24000,""value"":1001}",false,false,true,5e9f8c578fbdaa9a79951a9a0b0db54ad2a6dc573f3248623711260204a2f518,natural,,true,"{""active"":323551232,""cache"":72680592,""peakActive"":396491024}",true,21,1056968491066041,1056968467287375,true,0,measured,0.023778666,1504,"{""timescale"":24000,""value"":1747506}",false,"{""confidenceSHA256"":""def4be0fb3fad44d0bba17f4ec87b34a29779692689a1e34b7c1d14c9890783d"",""hasMotion"":true,""reliableFractionBits"":1057428587,""reset"":false,""vectorsSHA256"":""d25a99836273ea0743af4085c581ad6a8686930de7930c31b2dc4751ddf3138e"",""warpedLumaErrorBits"":1006014090}",1505,1,16588800,false
baseline,0,8294400,,"{""timescale"":24000,""value"":1001}",false,false,true,005b4fbe5a259b3440cdbacb4d77d7d1174f34b0c160e36ea1d31a6d1e17e58c,natural,,true,"{""active"":323551232,""cache"":72680592,""peakActive"":396491024}",true,22,1056968536854166,1056968507667875,true,0,measured,0.029186291,1505,"{""timescale"":24000,""value"":1748507}",false,"{""confidenceSHA256"":""4884d6f9f54612fb41275b8e8d13cddd2192972bfafae0abaa4314560ed442e6"",""hasMotion"":true,""reliableFractionBits"":1054758990,""reset"":false,""vectorsSHA256"":""6535db30047013aff9361867183968d00e14f046061dc1e02eb431fc8c269d36"",""warpedLumaErrorBits"":1006712293}",1506,1,16588800,false
baseline,0,8294400,,"{""timescale"":24000,""value"":1001}",false,false,true,ae848c323367785c4afaf1dce9a980f379438c1285609a99009bbad4ea0dc89b,natural,,true,"{""active"":323551232,""cache"":72680592,""peakActive"":396491024}",true,23,1056968571403458,1056968553520333,true,0,measured,0.017883125,1506,"{""timescale"":24000,""value"":1749508}",false,"{""confidenceSHA256"":""4a85e0bcb8f464c66c75cb11c1eec19ea4773c4d0c27fb17ca25c0938dce94de"",""hasMotion"":true,""reliableFractionBits"":1057566584,""reset"":false,""vectorsSHA256"":""95337bec55e8cd043e66cac3aa222461d766c6318d86d69f2b8bc74569569192"",""warpedLumaErrorBits"":1007816552}",1507,1,16588800,false
baseline,0,8294400,,"{""timescale"":24000,""value"":1001}",true,true,true,2067ac390b0ae7bb329aa2412208bdd5cd343cce076d9e653723773fae4aeb2f,natural,,false,"{""active"":323551232,""cache"":72680592,""peakActive"":396491024}",true,24,1056968607004541,1056968588029250,true,0,traversal-warmup,0.018975291,1507,"{""timescale"":24000,""value"":1738497}",true,"{""confidenceSHA256"":""788ae0147bdf979a6575938ca2d7d4403788588f7be2010f03776c968fd1ab49"",""hasMotion"":true,""reliableFractionBits"":0,""reset"":true,""vectorsSHA256"":""ca954688e08310567d16960ff74c9983fbd4bc77c918b924a37f77d810b0668c"",""warpedLumaErrorBits"":1049003833}",1496,2,16588800,true
baseline,0,8294400,,"{""timescale"":24000,""value"":1001}",true,true,true,26e222bb9f5e7471b646ea2c9aaa390c6d8295fff6a32776e1c662fe80b942af,natural,,false,"{""active"":323551232,""cache"":72680592,""peakActive"":396491024}",true,25,1056968653564750,1056968623879625,true,0,traversal-warmup,0.029685125,1496,"{""timescale"":24000,""value"":1739498}",false,"{""confidenceSHA256"":""ff24d7286b3978166808fccb18ded53d06f8a0687fe03a9af73eba1e698dc25c"",""hasMotion"":true,""reliableFractionBits"":1057945836,""reset"":false,""vectorsSHA256"":""b5af93cbe1cc5d1d7f6ad42630abe65e9ea2748429906730d52b29109c701e87"",""warpedLumaErrorBits"":996707947}",1497,2,16588800,false
baseline,0,8294400,,"{""timescale"":24000,""value"":1001}",true,false,true,e7e2b99a952b73cd3f5f6d84afa8bc6182ca7e151166c9c5dfaa1fbfc557d4b8,natural,,false,"{""active"":323551232,""cache"":72680592,""peakActive"":396491024}",true,26,1056968690909166,1056968670279750,true,0,traversal-warmup,0.020629416,1497,"{""timescale"":24000,""value"":1740499}",true,"{""confidenceSHA256"":""788ae0147bdf979a6575938ca2d7d4403788588f7be2010f03776c968fd1ab49"",""hasMotion"":true,""reliableFractionBits"":0,""reset"":true,""vectorsSHA256"":""1dd7f8a26e56dfba878da177773321a53dca3f2b9d00b46118d4425ec3093903"",""warpedLumaErrorBits"":1049357384}",1498,2,16588800,false
baseline,0,8294400,,"{""timescale"":24000,""value"":1001}",false,true,true,14bb670c4466232e6ab633a2a6fdefd4c99bace2d8b10f6043f30829c0354b17,natural,,true,"{""active"":323551232,""cache"":72680592,""peakActive"":396491024}",true,27,1056968727484625,1056968707354416,true,0,measured,0.020130209,1498,"{""timescale"":24000,""value"":1741500}",false,"{""confidenceSHA256"":""e4d7d9ae97135d7dc185243b19490a1f40bcca651cf2b759538db368bedc01b7"",""hasMotion"":true,""reliableFractionBits"":1058754825,""reset"":false,""vectorsSHA256"":""ee54d44ebac3dca564784630aa7e04eb0e50afdb17521dfa1b05c85b78882a48"",""warpedLumaErrorBits"":994358578}",1499,2,16588800,false
baseline,0,8294400,,"{""timescale"":24000,""value"":1001}",false,false,true,d0803a559d88c0bd6b54e5cfded20c04d64f959e3c5009ee65a67a705aa33ce3,natural,,true,"{""active"":323551232,""cache"":72680592,""peakActive"":396491024}",true,28,1056968763051958,1056968744238500,true,0,measured,0.018813458,1499,"{""timescale"":24000,""value"":1742501}",false,"{""confidenceSHA256"":""ff2eeb16566030b9dd06a8c01bbf967fa94070c40acdbbea6a0d2dc48c7167eb"",""hasMotion"":true,""reliableFractionBits"":1058843080,""reset"":false,""vectorsSHA256"":""26438fbe98f93bb7ea392c433b2bfd232c214d8aa921dac0b16df381e5575aa2"",""warpedLumaErrorBits"":993628541}",1500,2,16588800,false
baseline,0,8294400,,"{""timescale"":24000,""value"":1001}",false,false,true,4945f8e1ed2a6ce70e38e9f25e6ee38a7d2a8b0e0901cab474531c8113227e4e,natural,,true,"{""active"":323551232,""cache"":72680592,""peakActive"":396491024}",true,29,1056968801020250,1056968779829541,true,0,measured,0.021190709,1500,"{""timescale"":24000,""value"":1743502}",false,"{""confidenceSHA256"":""7e53933ec6ffad34b19572512b6e4dd79cdf79d53cce1b9679f28641c8345004"",""hasMotion"":true,""reliableFractionBits"":1059399821,""reset"":false,""vectorsSHA256"":""7978f43a3bced6a1c55c28e1bf996272c6bc5d5c543a9ffead43532ef8542ed8"",""warpedLumaErrorBits"":996278982}",1501,2,16588800,false
baseline,0,8294400,,"{""timescale"":24000,""value"":1001}",false,false,true,ad7ed19b2a9ce48b75220fac53032ab41cea9d4eddfe62f09bb1c86e063d6e46,natural,,true,"{""active"":323551232,""cache"":72680592,""peakActive"":396491024}",true,30,1056968841387125,1056968817733916,true,0,measured,0.023653209,1501,"{""timescale"":24000,""value"":1744503}",false,"{""confidenceSHA256"":""a1dc46082a3247c370a0bea80eac8a6a710ea1d6c4447263d927751d18344a45"",""hasMotion"":true,""reliableFractionBits"":1057767602,""reset"":false,""vectorsSHA256"":""e33097e78f0358cea2f0b6c880c8d7430606842815c4dde063dad6f92247d23d"",""warpedLumaErrorBits"":998857116}",1502,2,16588800,false
baseline,0,8294400,,"{""timescale"":24000,""value"":1001}",false,false,true,d0e5c2803d70ef53f24fac74b8d5709c4d6caeb53dcb90684c7e1275fa774a9b,natural,,true,"{""active"":323551232,""cache"":72680592,""peakActive"":396491024}",true,31,1056968876613000,1056968858583708,true,0,measured,0.018029292,1502,"{""timescale"":24000,""value"":1745504}",false,"{""confidenceSHA256"":""258955f94ba510e2de8a6b14dfe07f10e1b6ab8e7d73c54fe6bc36c37eaa3d6d"",""hasMotion"":true,""reliableFractionBits"":1057932308,""reset"":false,""vectorsSHA256"":""78c5f5048602e5bfe730d96301fea06c51773051ba1cc57f91269c205da7c095"",""warpedLumaErrorBits"":1003234174}",1503,2,16588800,false
baseline,0,8294400,,"{""timescale"":24000,""value"":1001}",false,false,true,d841adda17732722059f6de44301e74fecb55acc82790a6183686bebf268ffa9,natural,,true,"{""active"":323551232,""cache"":72680592,""peakActive"":396491024}",true,32,1056968915754041,1056968893622000,true,0,measured,0.022132041,1503,"{""timescale"":24000,""value"":1746505}",false,"{""confidenceSHA256"":""19e13139913e3ab371c6400a1c7c2c109d1d6fdfbe6cb24aaa64906f6d77c38d"",""hasMotion"":true,""reliableFractionBits"":1056893975,""reset"":false,""vectorsSHA256"":""24a3e209d060296693c3cbd16489d2a7e2d46cced3ec107c250b5b226a6785b8"",""warpedLumaErrorBits"":1006775909}",1504,2,16588800,false
baseline,0,8294400,,"{""timescale"":24000,""value"":1001}",false,false,true,5e9f8c578fbdaa9a79951a9a0b0db54ad2a6dc573f3248623711260204a2f518,natural,,true,"{""active"":323551232,""cache"":72680592,""peakActive"":396491024}",true,33,1056968955516666,1056968932696875,true,0,measured,0.022819791,1504,"{""timescale"":24000,""value"":1747506}",false,"{""confidenceSHA256"":""def4be0fb3fad44d0bba17f4ec87b34a29779692689a1e34b7c1d14c9890783d"",""hasMotion"":true,""reliableFractionBits"":1057428587,""reset"":false,""vectorsSHA256"":""d25a99836273ea0743af4085c581ad6a8686930de7930c31b2dc4751ddf3138e"",""warpedLumaErrorBits"":1006014090}",1505,2,16588800,false
baseline,0,8294400,,"{""timescale"":24000,""value"":1001}",false,false,true,005b4fbe5a259b3440cdbacb4d77d7d1174f34b0c160e36ea1d31a6d1e17e58c,natural,,true,"{""active"":323551232,""cache"":72680592,""peakActive"":396491024}",true,34,1056969010405333,1056968972785083,true,0,measured,0.03762025,1505,"{""timescale"":24000,""value"":1748507}",false,"{""confidenceSHA256"":""4884d6f9f54612fb41275b8e8d13cddd2192972bfafae0abaa4314560ed442e6"",""hasMotion"":true,""reliableFractionBits"":1054758990,""reset"":false,""vectorsSHA256"":""6535db30047013aff9361867183968d00e14f046061dc1e02eb431fc8c269d36"",""warpedLumaErrorBits"":1006712293}",1506,2,16588800,false
baseline,0,8294400,,"{""timescale"":24000,""value"":1001}",false,false,true,ae848c323367785c4afaf1dce9a980f379438c1285609a99009bbad4ea0dc89b,natural,,true,"{""active"":323551232,""cache"":72680592,""peakActive"":396491024}",true,35,1056969055351625,1056969027877666,true,0,measured,0.027473959,1506,"{""timescale"":24000,""value"":1749508}",false,"{""confidenceSHA256"":""4a85e0bcb8f464c66c75cb11c1eec19ea4773c4d0c27fb17ca25c0938dce94de"",""hasMotion"":true,""reliableFractionBits"":1057566584,""reset"":false,""vectorsSHA256"":""95337bec55e8cd043e66cac3aa222461d766c6318d86d69f2b8bc74569569192"",""warpedLumaErrorBits"":1007816552}",1507,2,16588800,false
candidate,1,,,"{""timescale"":24000,""value"":1001}",true,null,false,2067ac390b0ae7bb329aa2412208bdd5cd343cce076d9e653723773fae4aeb2f,natural,true,false,"{""active"":298647552,""cache"":97584272,""peakActive"":396491024}",true,0,1056969076847208,1056969073568833,true,0,traversal-warmup,0.003278375,null,"{""timescale"":24000,""value"":1738497}",,"{""confidenceSHA256"":null,""hasMotion"":false,""reliableFractionBits"":null,""reset"":null,""vectorsSHA256"":null,""warpedLumaErrorBits"":null}",1496,0,,false
candidate,1,8294400,,"{""timescale"":24000,""value"":1001}",true,true,true,26e222bb9f5e7471b646ea2c9aaa390c6d8295fff6a32776e1c662fe80b942af,natural,true,false,"{""active"":323551232,""cache"":74761360,""peakActive"":398571792}",true,1,1056969107147625,1056969080236208,true,0,traversal-warmup,0.026911417,1496,"{""timescale"":24000,""value"":1739498}",false,"{""confidenceSHA256"":""ff24d7286b3978166808fccb18ded53d06f8a0687fe03a9af73eba1e698dc25c"",""hasMotion"":true,""reliableFractionBits"":1057945836,""reset"":false,""vectorsSHA256"":""b5af93cbe1cc5d1d7f6ad42630abe65e9ea2748429906730d52b29109c701e87"",""warpedLumaErrorBits"":996707947}",1497,0,16588800,false
candidate,1,8294400,true,"{""timescale"":24000,""value"":1001}",true,false,true,e7e2b99a952b73cd3f5f6d84afa8bc6182ca7e151166c9c5dfaa1fbfc557d4b8,natural,true,false,"{""active"":323551232,""cache"":74761360,""peakActive"":398571792}",true,2,1056969166865875,1056969127517375,true,0,traversal-warmup,0.0393485,1497,"{""timescale"":24000,""value"":1740499}",true,"{""confidenceSHA256"":""788ae0147bdf979a6575938ca2d7d4403788588f7be2010f03776c968fd1ab49"",""hasMotion"":true,""reliableFractionBits"":0,""reset"":true,""vectorsSHA256"":""1dd7f8a26e56dfba878da177773321a53dca3f2b9d00b46118d4425ec3093903"",""warpedLumaErrorBits"":1049357384}",1498,0,16588800,false
candidate,1,8294400,true,"{""timescale"":24000,""value"":1001}",false,true,true,14bb670c4466232e6ab633a2a6fdefd4c99bace2d8b10f6043f30829c0354b17,natural,true,true,"{""active"":323551232,""cache"":74761360,""peakActive"":398571792}",true,3,1056969224044083,1056969193566833,true,0,measured,0.03047725,1498,"{""timescale"":24000,""value"":1741500}",false,"{""confidenceSHA256"":""e4d7d9ae97135d7dc185243b19490a1f40bcca651cf2b759538db368bedc01b7"",""hasMotion"":true,""reliableFractionBits"":1058754825,""reset"":false,""vectorsSHA256"":""ee54d44ebac3dca564784630aa7e04eb0e50afdb17521dfa1b05c85b78882a48"",""warpedLumaErrorBits"":994358578}",1499,0,16588800,false
candidate,1,8294400,,"{""timescale"":24000,""value"":1001}",false,false,true,d0803a559d88c0bd6b54e5cfded20c04d64f959e3c5009ee65a67a705aa33ce3,natural,true,true,"{""active"":323551232,""cache"":74761360,""peakActive"":398571792}",true,4,1056969275472333,1056969245640458,true,0,measured,0.029831875,1499,"{""timescale"":24000,""value"":1742501}",false,"{""confidenceSHA256"":""ff2eeb16566030b9dd06a8c01bbf967fa94070c40acdbbea6a0d2dc48c7167eb"",""hasMotion"":true,""reliableFractionBits"":1058843080,""reset"":false,""vectorsSHA256"":""26438fbe98f93bb7ea392c433b2bfd232c214d8aa921dac0b16df381e5575aa2"",""warpedLumaErrorBits"":993628541}",1500,0,16588800,false
candidate,1,8294400,,"{""timescale"":24000,""value"":1001}",false,false,true,4945f8e1ed2a6ce70e38e9f25e6ee38a7d2a8b0e0901cab474531c8113227e4e,natural,true,true,"{""active"":323551232,""cache"":74761360,""peakActive"":398571792}",true,5,1056969320500458,1056969294645125,true,0,measured,0.025855333,1500,"{""timescale"":24000,""value"":1743502}",false,"{""confidenceSHA256"":""7e53933ec6ffad34b19572512b6e4dd79cdf79d53cce1b9679f28641c8345004"",""hasMotion"":true,""reliableFractionBits"":1059399821,""reset"":false,""vectorsSHA256"":""7978f43a3bced6a1c55c28e1bf996272c6bc5d5c543a9ffead43532ef8542ed8"",""warpedLumaErrorBits"":996278982}",1501,0,16588800,false
candidate,1,8294400,,"{""timescale"":24000,""value"":1001}",false,false,true,ad7ed19b2a9ce48b75220fac53032ab41cea9d4eddfe62f09bb1c86e063d6e46,natural,true,true,"{""active"":323551232,""cache"":74761360,""peakActive"":398571792}",true,6,1056969357214708,1056969339290458,true,0,measured,0.01792425,1501,"{""timescale"":24000,""value"":1744503}",false,"{""confidenceSHA256"":""a1dc46082a3247c370a0bea80eac8a6a710ea1d6c4447263d927751d18344a45"",""hasMotion"":true,""reliableFractionBits"":1057767602,""reset"":false,""vectorsSHA256"":""e33097e78f0358cea2f0b6c880c8d7430606842815c4dde063dad6f92247d23d"",""warpedLumaErrorBits"":998857116}",1502,0,16588800,false
candidate,1,8294400,,"{""timescale"":24000,""value"":1001}",false,false,true,d0e5c2803d70ef53f24fac74b8d5709c4d6caeb53dcb90684c7e1275fa774a9b,natural,true,true,"{""active"":323551232,""cache"":74761360,""peakActive"":398571792}",true,7,1056969407049416,1056969375307916,true,0,measured,0.0317415,1502,"{""timescale"":24000,""value"":1745504}",false,"{""confidenceSHA256"":""258955f94ba510e2de8a6b14dfe07f10e1b6ab8e7d73c54fe6bc36c37eaa3d6d"",""hasMotion"":true,""reliableFractionBits"":1057932308,""reset"":false,""vectorsSHA256"":""78c5f5048602e5bfe730d96301fea06c51773051ba1cc57f91269c205da7c095"",""warpedLumaErrorBits"":1003234174}",1503,0,16588800,false
candidate,1,8294400,,"{""timescale"":24000,""value"":1001}",false,false,true,d841adda17732722059f6de44301e74fecb55acc82790a6183686bebf268ffa9,natural,true,true,"{""active"":323551232,""cache"":74761360,""peakActive"":398571792}",true,8,1056969444786416,1056969425110291,true,0,measured,0.019676125,1503,"{""timescale"":24000,""value"":1746505}",false,"{""confidenceSHA256"":""19e13139913e3ab371c6400a1c7c2c109d1d6fdfbe6cb24aaa64906f6d77c38d"",""hasMotion"":true,""reliableFractionBits"":1056893975,""reset"":false,""vectorsSHA256"":""24a3e209d060296693c3cbd16489d2a7e2d46cced3ec107c250b5b226a6785b8"",""warpedLumaErrorBits"":1006775909}",1504,0,16588800,false
candidate,1,8294400,,"{""timescale"":24000,""value"":1001}",false,false,true,5e9f8c578fbdaa9a79951a9a0b0db54ad2a6dc573f3248623711260204a2f518,natural,true,true,"{""active"":323551232,""cache"":74761360,""peakActive"":398571792}",true,9,1056969486977583,1056969463348916,true,0,measured,0.023628667,1504,"{""timescale"":24000,""value"":1747506}",false,"{""confidenceSHA256"":""def4be0fb3fad44d0bba17f4ec87b34a29779692689a1e34b7c1d14c9890783d"",""hasMotion"":true,""reliableFractionBits"":1057428587,""reset"":false,""vectorsSHA256"":""d25a99836273ea0743af4085c581ad6a8686930de7930c31b2dc4751ddf3138e"",""warpedLumaErrorBits"":1006014090}",1505,0,16588800,false
candidate,1,8294400,,"{""timescale"":24000,""value"":1001}",false,false,true,005b4fbe5a259b3440cdbacb4d77d7d1174f34b0c160e36ea1d31a6d1e17e58c,natural,true,true,"{""active"":323551232,""cache"":74761360,""peakActive"":398571792}",true,10,1056969530346625,1056969505592750,true,0,measured,0.024753875,1505,"{""timescale"":24000,""value"":1748507}",false,"{""confidenceSHA256"":""4884d6f9f54612fb41275b8e8d13cddd2192972bfafae0abaa4314560ed442e6"",""hasMotion"":true,""reliableFractionBits"":1054758990,""reset"":false,""vectorsSHA256"":""6535db30047013aff9361867183968d00e14f046061dc1e02eb431fc8c269d36"",""warpedLumaErrorBits"":1006712293}",1506,0,16588800,false
candidate,1,8294400,,"{""timescale"":24000,""value"":1001}",false,false,true,ae848c323367785c4afaf1dce9a980f379438c1285609a99009bbad4ea0dc89b,natural,true,true,"{""active"":323551232,""cache"":74761360,""peakActive"":398571792}",true,11,1056969573297916,1056969549237416,true,0,measured,0.0240605,1506,"{""timescale"":24000,""value"":1749508}",false,"{""confidenceSHA256"":""4a85e0bcb8f464c66c75cb11c1eec19ea4773c4d0c27fb17ca25c0938dce94de"",""hasMotion"":true,""reliableFractionBits"":1057566584,""reset"":false,""vectorsSHA256"":""95337bec55e8cd043e66cac3aa222461d766c6318d86d69f2b8bc74569569192"",""warpedLumaErrorBits"":1007816552}",1507,0,16588800,false
candidate,1,8294400,,"{""timescale"":24000,""value"":1001}",true,true,true,2067ac390b0ae7bb329aa2412208bdd5cd343cce076d9e653723773fae4aeb2f,natural,true,false,"{""active"":323551232,""cache"":74761360,""peakActive"":398571792}",true,12,1056969626398250,1056969592725833,true,0,traversal-warmup,0.033672417,1507,"{""timescale"":24000,""value"":1738497}",true,"{""confidenceSHA256"":""788ae0147bdf979a6575938ca2d7d4403788588f7be2010f03776c968fd1ab49"",""hasMotion"":true,""reliableFractionBits"":0,""reset"":true,""vectorsSHA256"":""ca954688e08310567d16960ff74c9983fbd4bc77c918b924a37f77d810b0668c"",""warpedLumaErrorBits"":1049003833}",1496,1,16588800,true
candidate,1,8294400,,"{""timescale"":24000,""value"":1001}",true,true,true,26e222bb9f5e7471b646ea2c9aaa390c6d8295fff6a32776e1c662fe80b942af,natural,true,false,"{""active"":323551232,""cache"":74761360,""peakActive"":398571792}",true,13,1056969673161250,1056969645316541,true,0,traversal-warmup,0.027844709,1496,"{""timescale"":24000,""value"":1739498}",false,"{""confidenceSHA256"":""ff24d7286b3978166808fccb18ded53d06f8a0687fe03a9af73eba1e698dc25c"",""hasMotion"":true,""reliableFractionBits"":1057945836,""reset"":false,""vectorsSHA256"":""b5af93cbe1cc5d1d7f6ad42630abe65e9ea2748429906730d52b29109c701e87"",""warpedLumaErrorBits"":996707947}",1497,1,16588800,false
candidate,1,8294400,true,"{""timescale"":24000,""value"":1001}",true,false,true,e7e2b99a952b73cd3f5f6d84afa8bc6182ca7e151166c9c5dfaa1fbfc557d4b8,natural,true,false,"{""active"":323551232,""cache"":74761360,""peakActive"":398571792}",true,14,1056969722941916,1056969691933416,true,0,traversal-warmup,0.0310085,1497,"{""timescale"":24000,""value"":1740499}",true,"{""confidenceSHA256"":""788ae0147bdf979a6575938ca2d7d4403788588f7be2010f03776c968fd1ab49"",""hasMotion"":true,""reliableFractionBits"":0,""reset"":true,""vectorsSHA256"":""1dd7f8a26e56dfba878da177773321a53dca3f2b9d00b46118d4425ec3093903"",""warpedLumaErrorBits"":1049357384}",1498,1,16588800,false
candidate,1,8294400,true,"{""timescale"":24000,""value"":1001}",false,true,true,14bb670c4466232e6ab633a2a6fdefd4c99bace2d8b10f6043f30829c0354b17,natural,true,true,"{""active"":323551232,""cache"":74761360,""peakActive"":398571792}",true,15,1056969783927625,1056969744465708,true,0,measured,0.039461917,1498,"{""timescale"":24000,""value"":1741500}",false,"{""confidenceSHA256"":""e4d7d9ae97135d7dc185243b19490a1f40bcca651cf2b759538db368bedc01b7"",""hasMotion"":true,""reliableFractionBits"":1058754825,""reset"":false,""vectorsSHA256"":""ee54d44ebac3dca564784630aa7e04eb0e50afdb17521dfa1b05c85b78882a48"",""warpedLumaErrorBits"":994358578}",1499,1,16588800,false
candidate,1,8294400,,"{""timescale"":24000,""value"":1001}",false,false,true,d0803a559d88c0bd6b54e5cfded20c04d64f959e3c5009ee65a67a705aa33ce3,natural,true,true,"{""active"":323551232,""cache"":74761360,""peakActive"":398571792}",true,16,1056969828751541,1056969806178833,true,0,measured,0.022572708,1499,"{""timescale"":24000,""value"":1742501}",false,"{""confidenceSHA256"":""ff2eeb16566030b9dd06a8c01bbf967fa94070c40acdbbea6a0d2dc48c7167eb"",""hasMotion"":true,""reliableFractionBits"":1058843080,""reset"":false,""vectorsSHA256"":""26438fbe98f93bb7ea392c433b2bfd232c214d8aa921dac0b16df381e5575aa2"",""warpedLumaErrorBits"":993628541}",1500,1,16588800,false
candidate,1,8294400,,"{""timescale"":24000,""value"":1001}",false,false,true,4945f8e1ed2a6ce70e38e9f25e6ee38a7d2a8b0e0901cab474531c8113227e4e,natural,true,true,"{""active"":323551232,""cache"":74761360,""peakActive"":398571792}",true,17,1056969877861875,1056969848563375,true,0,measured,0.0292985,1500,"{""timescale"":24000,""value"":1743502}",false,"{""confidenceSHA256"":""7e53933ec6ffad34b19572512b6e4dd79cdf79d53cce1b9679f28641c8345004"",""hasMotion"":true,""reliableFractionBits"":1059399821,""reset"":false,""vectorsSHA256"":""7978f43a3bced6a1c55c28e1bf996272c6bc5d5c543a9ffead43532ef8542ed8"",""warpedLumaErrorBits"":996278982}",1501,1,16588800,false
candidate,1,8294400,,"{""timescale"":24000,""value"":1001}",false,false,true,ad7ed19b2a9ce48b75220fac53032ab41cea9d4eddfe62f09bb1c86e063d6e46,natural,true,true,"{""active"":323551232,""cache"":74761360,""peakActive"":398571792}",true,18,1056969922111958,1056969897728500,true,0,measured,0.024383458,1501,"{""timescale"":24000,""value"":1744503}",false,"{""confidenceSHA256"":""a1dc46082a3247c370a0bea80eac8a6a710ea1d6c4447263d927751d18344a45"",""hasMotion"":true,""reliableFractionBits"":1057767602,""reset"":false,""vectorsSHA256"":""e33097e78f0358cea2f0b6c880c8d7430606842815c4dde063dad6f92247d23d"",""warpedLumaErrorBits"":998857116}",1502,1,16588800,false
candidate,1,8294400,,"{""timescale"":24000,""value"":1001}",false,false,true,d0e5c2803d70ef53f24fac74b8d5709c4d6caeb53dcb90684c7e1275fa774a9b,natural,true,true,"{""active"":323551232,""cache"":74761360,""peakActive"":398571792}",true,19,1056969964614833,1056969943250166,true,0,measured,0.021364667,1502,"{""timescale"":24000,""value"":1745504}",false,"{""confidenceSHA256"":""258955f94ba510e2de8a6b14dfe07f10e1b6ab8e7d73c54fe6bc36c37eaa3d6d"",""hasMotion"":true,""reliableFractionBits"":1057932308,""reset"":false,""vectorsSHA256"":""78c5f5048602e5bfe730d96301fea06c51773051ba1cc57f91269c205da7c095"",""warpedLumaErrorBits"":1003234174}",1503,1,16588800,false
candidate,1,8294400,,"{""timescale"":24000,""value"":1001}",false,false,true,d841adda17732722059f6de44301e74fecb55acc82790a6183686bebf268ffa9,natural,true,true,"{""active"":323551232,""cache"":74761360,""peakActive"":398571792}",true,20,1056970014786375,1056969985735250,true,0,measured,0.029051125,1503,"{""timescale"":24000,""value"":1746505}",false,"{""confidenceSHA256"":""19e13139913e3ab371c6400a1c7c2c109d1d6fdfbe6cb24aaa64906f6d77c38d"",""hasMotion"":true,""reliableFractionBits"":1056893975,""reset"":false,""vectorsSHA256"":""24a3e209d060296693c3cbd16489d2a7e2d46cced3ec107c250b5b226a6785b8"",""warpedLumaErrorBits"":1006775909}",1504,1,16588800,false
candidate,1,8294400,,"{""timescale"":24000,""value"":1001}",false,false,true,5e9f8c578fbdaa9a79951a9a0b0db54ad2a6dc573f3248623711260204a2f518,natural,true,true,"{""active"":323551232,""cache"":74761360,""peakActive"":398571792}",true,21,1056970055487791,1056970036357083,true,0,measured,0.019130708,1504,"{""timescale"":24000,""value"":1747506}",false,"{""confidenceSHA256"":""def4be0fb3fad44d0bba17f4ec87b34a29779692689a1e34b7c1d14c9890783d"",""hasMotion"":true,""reliableFractionBits"":1057428587,""reset"":false,""vectorsSHA256"":""d25a99836273ea0743af4085c581ad6a8686930de7930c31b2dc4751ddf3138e"",""warpedLumaErrorBits"":1006014090}",1505,1,16588800,false
candidate,1,8294400,,"{""timescale"":24000,""value"":1001}",false,false,true,005b4fbe5a259b3440cdbacb4d77d7d1174f34b0c160e36ea1d31a6d1e17e58c,natural,true,true,"{""active"":323551232,""cache"":74761360,""peakActive"":398571792}",true,22,1056970108841250,1056970078017708,true,0,measured,0.030823542,1505,"{""timescale"":24000,""value"":1748507}",false,"{""confidenceSHA256"":""4884d6f9f54612fb41275b8e8d13cddd2192972bfafae0abaa4314560ed442e6"",""hasMotion"":true,""reliableFractionBits"":1054758990,""reset"":false,""vectorsSHA256"":""6535db30047013aff9361867183968d00e14f046061dc1e02eb431fc8c269d36"",""warpedLumaErrorBits"":1006712293}",1506,1,16588800,false
candidate,1,8294400,,"{""timescale"":24000,""value"":1001}",false,false,true,ae848c323367785c4afaf1dce9a980f379438c1285609a99009bbad4ea0dc89b,natural,true,true,"{""active"":323551232,""cache"":74761360,""peakActive"":398571792}",true,23,1056970167637416,1056970130606458,true,0,measured,0.037030958,1506,"{""timescale"":24000,""value"":1749508}",false,"{""confidenceSHA256"":""4a85e0bcb8f464c66c75cb11c1eec19ea4773c4d0c27fb17ca25c0938dce94de"",""hasMotion"":true,""reliableFractionBits"":1057566584,""reset"":false,""vectorsSHA256"":""95337bec55e8cd043e66cac3aa222461d766c6318d86d69f2b8bc74569569192"",""warpedLumaErrorBits"":1007816552}",1507,1,16588800,false
candidate,1,8294400,,"{""timescale"":24000,""value"":1001}",true,true,true,2067ac390b0ae7bb329aa2412208bdd5cd343cce076d9e653723773fae4aeb2f,natural,true,false,"{""active"":323551232,""cache"":74761360,""peakActive"":398571792}",true,24,1056970211024541,1056970188428583,true,0,traversal-warmup,0.022595958,1507,"{""timescale"":24000,""value"":1738497}",true,"{""confidenceSHA256"":""788ae0147bdf979a6575938ca2d7d4403788588f7be2010f03776c968fd1ab49"",""hasMotion"":true,""reliableFractionBits"":0,""reset"":true,""vectorsSHA256"":""ca954688e08310567d16960ff74c9983fbd4bc77c918b924a37f77d810b0668c"",""warpedLumaErrorBits"":1049003833}",1496,2,16588800,true
candidate,1,8294400,,"{""timescale"":24000,""value"":1001}",true,true,true,26e222bb9f5e7471b646ea2c9aaa390c6d8295fff6a32776e1c662fe80b942af,natural,true,false,"{""active"":323551232,""cache"":74761360,""peakActive"":398571792}",true,25,1056970254560875,1056970232088416,true,0,traversal-warmup,0.022472459,1496,"{""timescale"":24000,""value"":1739498}",false,"{""confidenceSHA256"":""ff24d7286b3978166808fccb18ded53d06f8a0687fe03a9af73eba1e698dc25c"",""hasMotion"":true,""reliableFractionBits"":1057945836,""reset"":false,""vectorsSHA256"":""b5af93cbe1cc5d1d7f6ad42630abe65e9ea2748429906730d52b29109c701e87"",""warpedLumaErrorBits"":996707947}",1497,2,16588800,false
candidate,1,8294400,true,"{""timescale"":24000,""value"":1001}",true,false,true,e7e2b99a952b73cd3f5f6d84afa8bc6182ca7e151166c9c5dfaa1fbfc557d4b8,natural,true,false,"{""active"":323551232,""cache"":74761360,""peakActive"":398571792}",true,26,1056970301583000,1056970276386000,true,0,traversal-warmup,0.025197,1497,"{""timescale"":24000,""value"":1740499}",true,"{""confidenceSHA256"":""788ae0147bdf979a6575938ca2d7d4403788588f7be2010f03776c968fd1ab49"",""hasMotion"":true,""reliableFractionBits"":0,""reset"":true,""vectorsSHA256"":""1dd7f8a26e56dfba878da177773321a53dca3f2b9d00b46118d4425ec3093903"",""warpedLumaErrorBits"":1049357384}",1498,2,16588800,false
candidate,1,8294400,true,"{""timescale"":24000,""value"":1001}",false,true,true,14bb670c4466232e6ab633a2a6fdefd4c99bace2d8b10f6043f30829c0354b17,natural,true,true,"{""active"":323551232,""cache"":74761360,""peakActive"":398571792}",true,27,1056970357685208,1056970325657166,true,0,measured,0.032028042,1498,"{""timescale"":24000,""value"":1741500}",false,"{""confidenceSHA256"":""e4d7d9ae97135d7dc185243b19490a1f40bcca651cf2b759538db368bedc01b7"",""hasMotion"":true,""reliableFractionBits"":1058754825,""reset"":false,""vectorsSHA256"":""ee54d44ebac3dca564784630aa7e04eb0e50afdb17521dfa1b05c85b78882a48"",""warpedLumaErrorBits"":994358578}",1499,2,16588800,false
candidate,1,8294400,,"{""timescale"":24000,""value"":1001}",false,false,true,d0803a559d88c0bd6b54e5cfded20c04d64f959e3c5009ee65a67a705aa33ce3,natural,true,true,"{""active"":323551232,""cache"":74761360,""peakActive"":398571792}",true,28,1056970403573708,1056970381356625,true,0,measured,0.022217083,1499,"{""timescale"":24000,""value"":1742501}",false,"{""confidenceSHA256"":""ff2eeb16566030b9dd06a8c01bbf967fa94070c40acdbbea6a0d2dc48c7167eb"",""hasMotion"":true,""reliableFractionBits"":1058843080,""reset"":false,""vectorsSHA256"":""26438fbe98f93bb7ea392c433b2bfd232c214d8aa921dac0b16df381e5575aa2"",""warpedLumaErrorBits"":993628541}",1500,2,16588800,false
candidate,1,8294400,,"{""timescale"":24000,""value"":1001}",false,false,true,4945f8e1ed2a6ce70e38e9f25e6ee38a7d2a8b0e0901cab474531c8113227e4e,natural,true,true,"{""active"":323551232,""cache"":74761360,""peakActive"":398571792}",true,29,1056970446425541,1056970424743791,true,0,measured,0.02168175,1500,"{""timescale"":24000,""value"":1743502}",false,"{""confidenceSHA256"":""7e53933ec6ffad34b19572512b6e4dd79cdf79d53cce1b9679f28641c8345004"",""hasMotion"":true,""reliableFractionBits"":1059399821,""reset"":false,""vectorsSHA256"":""7978f43a3bced6a1c55c28e1bf996272c6bc5d5c543a9ffead43532ef8542ed8"",""warpedLumaErrorBits"":996278982}",1501,2,16588800,false
candidate,1,8294400,,"{""timescale"":24000,""value"":1001}",false,false,true,ad7ed19b2a9ce48b75220fac53032ab41cea9d4eddfe62f09bb1c86e063d6e46,natural,true,true,"{""active"":323551232,""cache"":74761360,""peakActive"":398571792}",true,30,1056970498270750,1056970467685000,true,0,measured,0.03058575,1501,"{""timescale"":24000,""value"":1744503}",false,"{""confidenceSHA256"":""a1dc46082a3247c370a0bea80eac8a6a710ea1d6c4447263d927751d18344a45"",""hasMotion"":true,""reliableFractionBits"":1057767602,""reset"":false,""vectorsSHA256"":""e33097e78f0358cea2f0b6c880c8d7430606842815c4dde063dad6f92247d23d"",""warpedLumaErrorBits"":998857116}",1502,2,16588800,false
candidate,1,8294400,,"{""timescale"":24000,""value"":1001}",false,false,true,d0e5c2803d70ef53f24fac74b8d5709c4d6caeb53dcb90684c7e1275fa774a9b,natural,true,true,"{""active"":323551232,""cache"":74761360,""peakActive"":398571792}",true,31,1056970536293208,1056970518984416,true,0,measured,0.017308792,1502,"{""timescale"":24000,""value"":1745504}",false,"{""confidenceSHA256"":""258955f94ba510e2de8a6b14dfe07f10e1b6ab8e7d73c54fe6bc36c37eaa3d6d"",""hasMotion"":true,""reliableFractionBits"":1057932308,""reset"":false,""vectorsSHA256"":""78c5f5048602e5bfe730d96301fea06c51773051ba1cc57f91269c205da7c095"",""warpedLumaErrorBits"":1003234174}",1503,2,16588800,false
candidate,1,8294400,,"{""timescale"":24000,""value"":1001}",false,false,true,d841adda17732722059f6de44301e74fecb55acc82790a6183686bebf268ffa9,natural,true,true,"{""active"":323551232,""cache"":74761360,""peakActive"":398571792}",true,32,1056970586878250,1056970558203791,true,0,measured,0.028674459,1503,"{""timescale"":24000,""value"":1746505}",false,"{""confidenceSHA256"":""19e13139913e3ab371c6400a1c7c2c109d1d6fdfbe6cb24aaa64906f6d77c38d"",""hasMotion"":true,""reliableFractionBits"":1056893975,""reset"":false,""vectorsSHA256"":""24a3e209d060296693c3cbd16489d2a7e2d46cced3ec107c250b5b226a6785b8"",""warpedLumaErrorBits"":1006775909}",1504,2,16588800,false
candidate,1,8294400,,"{""timescale"":24000,""value"":1001}",false,false,true,5e9f8c578fbdaa9a79951a9a0b0db54ad2a6dc573f3248623711260204a2f518,natural,true,true,"{""active"":323551232,""cache"":74761360,""peakActive"":398571792}",true,33,1056970631700791,1056970609352291,true,0,measured,0.0223485,1504,"{""timescale"":24000,""value"":1747506}",false,"{""confidenceSHA256"":""def4be0fb3fad44d0bba17f4ec87b34a29779692689a1e34b7c1d14c9890783d"",""hasMotion"":true,""reliableFractionBits"":1057428587,""reset"":false,""vectorsSHA256"":""d25a99836273ea0743af4085c581ad6a8686930de7930c31b2dc4751ddf3138e"",""warpedLumaErrorBits"":1006014090}",1505,2,16588800,false
candidate,1,8294400,,"{""timescale"":24000,""value"":1001}",false,false,true,005b4fbe5a259b3440cdbacb4d77d7d1174f34b0c160e36ea1d31a6d1e17e58c,natural,true,true,"{""active"":323551232,""cache"":74761360,""peakActive"":398571792}",true,34,1056970677745291,1056970652849958,true,0,measured,0.024895333,1505,"{""timescale"":24000,""value"":1748507}",false,"{""confidenceSHA256"":""4884d6f9f54612fb41275b8e8d13cddd2192972bfafae0abaa4314560ed442e6"",""hasMotion"":true,""reliableFractionBits"":1054758990,""reset"":false,""vectorsSHA256"":""6535db30047013aff9361867183968d00e14f046061dc1e02eb431fc8c269d36"",""warpedLumaErrorBits"":1006712293}",1506,2,16588800,false
candidate,1,8294400,,"{""timescale"":24000,""value"":1001}",false,false,true,ae848c323367785c4afaf1dce9a980f379438c1285609a99009bbad4ea0dc89b,natural,true,true,"{""active"":323551232,""cache"":74761360,""peakActive"":398571792}",true,35,1056970720442083,1056970698921291,true,0,measured,0.021520792,1506,"{""timescale"":24000,""value"":1749508}",false,"{""confidenceSHA256"":""4a85e0bcb8f464c66c75cb11c1eec19ea4773c4d0c27fb17ca25c0938dce94de"",""hasMotion"":true,""reliableFractionBits"":1057566584,""reset"":false,""vectorsSHA256"":""95337bec55e8cd043e66cac3aa222461d766c6318d86d69f2b8bc74569569192"",""warpedLumaErrorBits"":1007816552}",1507,2,16588800,false
candidate,0,8294400,,"{""timescale"":24000,""value"":1001}",true,true,true,2067ac390b0ae7bb329aa2412208bdd5cd343cce076d9e653723773fae4aeb2f,natural,,false,"{""active"":323551232,""cache"":74761360,""peakActive"":398571792}",true,0,1056970772174833,1056970741640125,true,1,traversal-warmup,0.030534708,1507,"{""timescale"":24000,""value"":1738497}",true,"{""confidenceSHA256"":""788ae0147bdf979a6575938ca2d7d4403788588f7be2010f03776c968fd1ab49"",""hasMotion"":true,""reliableFractionBits"":0,""reset"":true,""vectorsSHA256"":""ca954688e08310567d16960ff74c9983fbd4bc77c918b924a37f77d810b0668c"",""warpedLumaErrorBits"":1049003833}",1496,0,16588800,true
candidate,0,8294400,,"{""timescale"":24000,""value"":1001}",true,true,true,26e222bb9f5e7471b646ea2c9aaa390c6d8295fff6a32776e1c662fe80b942af,natural,,false,"{""active"":323551232,""cache"":74761360,""peakActive"":398571792}",true,1,1056970811006166,1056970793276208,true,1,traversal-warmup,0.017729958,1496,"{""timescale"":24000,""value"":1739498}",false,"{""confidenceSHA256"":""ff24d7286b3978166808fccb18ded53d06f8a0687fe03a9af73eba1e698dc25c"",""hasMotion"":true,""reliableFractionBits"":1057945836,""reset"":false,""vectorsSHA256"":""b5af93cbe1cc5d1d7f6ad42630abe65e9ea2748429906730d52b29109c701e87"",""warpedLumaErrorBits"":996707947}",1497,0,16588800,false
candidate,0,8294400,,"{""timescale"":24000,""value"":1001}",true,false,true,e7e2b99a952b73cd3f5f6d84afa8bc6182ca7e151166c9c5dfaa1fbfc557d4b8,natural,,false,"{""active"":323551232,""cache"":74761360,""peakActive"":398571792}",true,2,1056970864574666,1056970832228250,true,1,traversal-warmup,0.032346416,1497,"{""timescale"":24000,""value"":1740499}",true,"{""confidenceSHA256"":""788ae0147bdf979a6575938ca2d7d4403788588f7be2010f03776c968fd1ab49"",""hasMotion"":true,""reliableFractionBits"":0,""reset"":true,""vectorsSHA256"":""1dd7f8a26e56dfba878da177773321a53dca3f2b9d00b46118d4425ec3093903"",""warpedLumaErrorBits"":1049357384}",1498,0,16588800,false
candidate,0,8294400,,"{""timescale"":24000,""value"":1001}",false,true,true,14bb670c4466232e6ab633a2a6fdefd4c99bace2d8b10f6043f30829c0354b17,natural,,true,"{""active"":323551232,""cache"":74761360,""peakActive"":398571792}",true,3,1056970909397625,1056970885375458,true,1,measured,0.024022167,1498,"{""timescale"":24000,""value"":1741500}",false,"{""confidenceSHA256"":""e4d7d9ae97135d7dc185243b19490a1f40bcca651cf2b759538db368bedc01b7"",""hasMotion"":true,""reliableFractionBits"":1058754825,""reset"":false,""vectorsSHA256"":""ee54d44ebac3dca564784630aa7e04eb0e50afdb17521dfa1b05c85b78882a48"",""warpedLumaErrorBits"":994358578}",1499,0,16588800,false
candidate,0,8294400,,"{""timescale"":24000,""value"":1001}",false,false,true,d0803a559d88c0bd6b54e5cfded20c04d64f959e3c5009ee65a67a705aa33ce3,natural,,true,"{""active"":323551232,""cache"":74761360,""peakActive"":398571792}",true,4,1056970955586458,1056970930355458,true,1,measured,0.025231,1499,"{""timescale"":24000,""value"":1742501}",false,"{""confidenceSHA256"":""ff2eeb16566030b9dd06a8c01bbf967fa94070c40acdbbea6a0d2dc48c7167eb"",""hasMotion"":true,""reliableFractionBits"":1058843080,""reset"":false,""vectorsSHA256"":""26438fbe98f93bb7ea392c433b2bfd232c214d8aa921dac0b16df381e5575aa2"",""warpedLumaErrorBits"":993628541}",1500,0,16588800,false
candidate,0,8294400,,"{""timescale"":24000,""value"":1001}",false,false,true,4945f8e1ed2a6ce70e38e9f25e6ee38a7d2a8b0e0901cab474531c8113227e4e,natural,,true,"{""active"":323551232,""cache"":74761360,""peakActive"":398571792}",true,5,1056971014781875,1056970978209500,true,1,measured,0.036572375,1500,"{""timescale"":24000,""value"":1743502}",false,"{""confidenceSHA256"":""7e53933ec6ffad34b19572512b6e4dd79cdf79d53cce1b9679f28641c8345004"",""hasMotion"":true,""reliableFractionBits"":1059399821,""reset"":false,""vectorsSHA256"":""7978f43a3bced6a1c55c28e1bf996272c6bc5d5c543a9ffead43532ef8542ed8"",""warpedLumaErrorBits"":996278982}",1501,0,16588800,false
candidate,0,8294400,,"{""timescale"":24000,""value"":1001}",false,false,true,ad7ed19b2a9ce48b75220fac53032ab41cea9d4eddfe62f09bb1c86e063d6e46,natural,,true,"{""active"":323551232,""cache"":74761360,""peakActive"":398571792}",true,6,1056971057786416,1056971036180791,true,1,measured,0.021605625,1501,"{""timescale"":24000,""value"":1744503}",false,"{""confidenceSHA256"":""a1dc46082a3247c370a0bea80eac8a6a710ea1d6c4447263d927751d18344a45"",""hasMotion"":true,""reliableFractionBits"":1057767602,""reset"":false,""vectorsSHA256"":""e33097e78f0358cea2f0b6c880c8d7430606842815c4dde063dad6f92247d23d"",""warpedLumaErrorBits"":998857116}",1502,0,16588800,false
candidate,0,8294400,,"{""timescale"":24000,""value"":1001}",false,false,true,d0e5c2803d70ef53f24fac74b8d5709c4d6caeb53dcb90684c7e1275fa774a9b,natural,,true,"{""active"":323551232,""cache"":74761360,""peakActive"":398571792}",true,7,1056971103319541,1056971080282458,true,1,measured,0.023037083,1502,"{""timescale"":24000,""value"":1745504}",false,"{""confidenceSHA256"":""258955f94ba510e2de8a6b14dfe07f10e1b6ab8e7d73c54fe6bc36c37eaa3d6d"",""hasMotion"":true,""reliableFractionBits"":1057932308,""reset"":false,""vectorsSHA256"":""78c5f5048602e5bfe730d96301fea06c51773051ba1cc57f91269c205da7c095"",""warpedLumaErrorBits"":1003234174}",1503,0,16588800,false
candidate,0,8294400,,"{""timescale"":24000,""value"":1001}",false,false,true,d841adda17732722059f6de44301e74fecb55acc82790a6183686bebf268ffa9,natural,,true,"{""active"":323551232,""cache"":74761360,""peakActive"":398571792}",true,8,1056971153934625,1056971125461750,true,1,measured,0.028472875,1503,"{""timescale"":24000,""value"":1746505}",false,"{""confidenceSHA256"":""19e13139913e3ab371c6400a1c7c2c109d1d6fdfbe6cb24aaa64906f6d77c38d"",""hasMotion"":true,""reliableFractionBits"":1056893975,""reset"":false,""vectorsSHA256"":""24a3e209d060296693c3cbd16489d2a7e2d46cced3ec107c250b5b226a6785b8"",""warpedLumaErrorBits"":1006775909}",1504,0,16588800,false
candidate,0,8294400,,"{""timescale"":24000,""value"":1001}",false,false,true,5e9f8c578fbdaa9a79951a9a0b0db54ad2a6dc573f3248623711260204a2f518,natural,,true,"{""active"":323551232,""cache"":74761360,""peakActive"":398571792}",true,9,1056971203737833,1056971175533125,true,1,measured,0.028204708,1504,"{""timescale"":24000,""value"":1747506}",false,"{""confidenceSHA256"":""def4be0fb3fad44d0bba17f4ec87b34a29779692689a1e34b7c1d14c9890783d"",""hasMotion"":true,""reliableFractionBits"":1057428587,""reset"":false,""vectorsSHA256"":""d25a99836273ea0743af4085c581ad6a8686930de7930c31b2dc4751ddf3138e"",""warpedLumaErrorBits"":1006014090}",1505,0,16588800,false
candidate,0,8294400,,"{""timescale"":24000,""value"":1001}",false,false,true,005b4fbe5a259b3440cdbacb4d77d7d1174f34b0c160e36ea1d31a6d1e17e58c,natural,,true,"{""active"":323551232,""cache"":74761360,""peakActive"":398571792}",true,10,1056971254874250,1056971225306958,true,1,measured,0.029567292,1505,"{""timescale"":24000,""value"":1748507}",false,"{""confidenceSHA256"":""4884d6f9f54612fb41275b8e8d13cddd2192972bfafae0abaa4314560ed442e6"",""hasMotion"":true,""reliableFractionBits"":1054758990,""reset"":false,""vectorsSHA256"":""6535db30047013aff9361867183968d00e14f046061dc1e02eb431fc8c269d36"",""warpedLumaErrorBits"":1006712293}",1506,0,16588800,false
candidate,0,8294400,,"{""timescale"":24000,""value"":1001}",false,false,true,ae848c323367785c4afaf1dce9a980f379438c1285609a99009bbad4ea0dc89b,natural,,true,"{""active"":323551232,""cache"":74761360,""peakActive"":398571792}",true,11,1056971298941041,1056971276867500,true,1,measured,0.022073541,1506,"{""timescale"":24000,""value"":1749508}",false,"{""confidenceSHA256"":""4a85e0bcb8f464c66c75cb11c1eec19ea4773c4d0c27fb17ca25c0938dce94de"",""hasMotion"":true,""reliableFractionBits"":1057566584,""reset"":false,""vectorsSHA256"":""95337bec55e8cd043e66cac3aa222461d766c6318d86d69f2b8bc74569569192"",""warpedLumaErrorBits"":1007816552}",1507,0,16588800,false
candidate,0,8294400,,"{""timescale"":24000,""value"":1001}",true,true,true,2067ac390b0ae7bb329aa2412208bdd5cd343cce076d9e653723773fae4aeb2f,natural,,false,"{""active"":323551232,""cache"":74761360,""peakActive"":398571792}",true,12,1056971351111375,1056971321433500,true,1,traversal-warmup,0.029677875,1507,"{""timescale"":24000,""value"":1738497}",true,"{""confidenceSHA256"":""788ae0147bdf979a6575938ca2d7d4403788588f7be2010f03776c968fd1ab49"",""hasMotion"":true,""reliableFractionBits"":0,""reset"":true,""vectorsSHA256"":""ca954688e08310567d16960ff74c9983fbd4bc77c918b924a37f77d810b0668c"",""warpedLumaErrorBits"":1049003833}",1496,1,16588800,true
candidate,0,8294400,,"{""timescale"":24000,""value"":1001}",true,true,true,26e222bb9f5e7471b646ea2c9aaa390c6d8295fff6a32776e1c662fe80b942af,natural,,false,"{""active"":323551232,""cache"":74761360,""peakActive"":398571792}",true,13,1056971402852333,1056971374135666,true,1,traversal-warmup,0.028716667,1496,"{""timescale"":24000,""value"":1739498}",false,"{""confidenceSHA256"":""ff24d7286b3978166808fccb18ded53d06f8a0687fe03a9af73eba1e698dc25c"",""hasMotion"":true,""reliableFractionBits"":1057945836,""reset"":false,""vectorsSHA256"":""b5af93cbe1cc5d1d7f6ad42630abe65e9ea2748429906730d52b29109c701e87"",""warpedLumaErrorBits"":996707947}",1497,1,16588800,false
candidate,0,8294400,,"{""timescale"":24000,""value"":1001}",true,false,true,e7e2b99a952b73cd3f5f6d84afa8bc6182ca7e151166c9c5dfaa1fbfc557d4b8,natural,,false,"{""active"":323551232,""cache"":74761360,""peakActive"":398571792}",true,14,1056971462387583,1056971426466375,true,1,traversal-warmup,0.035921208,1497,"{""timescale"":24000,""value"":1740499}",true,"{""confidenceSHA256"":""788ae0147bdf979a6575938ca2d7d4403788588f7be2010f03776c968fd1ab49"",""hasMotion"":true,""reliableFractionBits"":0,""reset"":true,""vectorsSHA256"":""1dd7f8a26e56dfba878da177773321a53dca3f2b9d00b46118d4425ec3093903"",""warpedLumaErrorBits"":1049357384}",1498,1,16588800,false
candidate,0,8294400,,"{""timescale"":24000,""value"":1001}",false,true,true,14bb670c4466232e6ab633a2a6fdefd4c99bace2d8b10f6043f30829c0354b17,natural,,true,"{""active"":323551232,""cache"":74761360,""peakActive"":398571792}",true,15,1056971514700333,1056971486253000,true,1,measured,0.028447333,1498,"{""timescale"":24000,""value"":1741500}",false,"{""confidenceSHA256"":""e4d7d9ae97135d7dc185243b19490a1f40bcca651cf2b759538db368bedc01b7"",""hasMotion"":true,""reliableFractionBits"":1058754825,""reset"":false,""vectorsSHA256"":""ee54d44ebac3dca564784630aa7e04eb0e50afdb17521dfa1b05c85b78882a48"",""warpedLumaErrorBits"":994358578}",1499,1,16588800,false
candidate,0,8294400,,"{""timescale"":24000,""value"":1001}",false,false,true,d0803a559d88c0bd6b54e5cfded20c04d64f959e3c5009ee65a67a705aa33ce3,natural,,true,"{""active"":323551232,""cache"":74761360,""peakActive"":398571792}",true,16,1056971554719583,1056971536526625,true,1,measured,0.018192958,1499,"{""timescale"":24000,""value"":1742501}",false,"{""confidenceSHA256"":""ff2eeb16566030b9dd06a8c01bbf967fa94070c40acdbbea6a0d2dc48c7167eb"",""hasMotion"":true,""reliableFractionBits"":1058843080,""reset"":false,""vectorsSHA256"":""26438fbe98f93bb7ea392c433b2bfd232c214d8aa921dac0b16df381e5575aa2"",""warpedLumaErrorBits"":993628541}",1500,1,16588800,false
candidate,0,8294400,,"{""timescale"":24000,""value"":1001}",false,false,true,4945f8e1ed2a6ce70e38e9f25e6ee38a7d2a8b0e0901cab474531c8113227e4e,natural,,true,"{""active"":323551232,""cache"":74761360,""peakActive"":398571792}",true,17,1056971607283333,1056971577011916,true,1,measured,0.030271417,1500,"{""timescale"":24000,""value"":1743502}",false,"{""confidenceSHA256"":""7e53933ec6ffad34b19572512b6e4dd79cdf79d53cce1b9679f28641c8345004"",""hasMotion"":true,""reliableFractionBits"":1059399821,""reset"":false,""vectorsSHA256"":""7978f43a3bced6a1c55c28e1bf996272c6bc5d5c543a9ffead43532ef8542ed8"",""warpedLumaErrorBits"":996278982}",1501,1,16588800,false
candidate,0,8294400,,"{""timescale"":24000,""value"":1001}",false,false,true,ad7ed19b2a9ce48b75220fac53032ab41cea9d4eddfe62f09bb1c86e063d6e46,natural,,true,"{""active"":323551232,""cache"":74761360,""peakActive"":398571792}",true,18,1056971656038750,1056971629426500,true,1,measured,0.02661225,1501,"{""timescale"":24000,""value"":1744503}",false,"{""confidenceSHA256"":""a1dc46082a3247c370a0bea80eac8a6a710ea1d6c4447263d927751d18344a45"",""hasMotion"":true,""reliableFractionBits"":1057767602,""reset"":false,""vectorsSHA256"":""e33097e78f0358cea2f0b6c880c8d7430606842815c4dde063dad6f92247d23d"",""warpedLumaErrorBits"":998857116}",1502,1,16588800,false
candidate,0,8294400,,"{""timescale"":24000,""value"":1001}",false,false,true,d0e5c2803d70ef53f24fac74b8d5709c4d6caeb53dcb90684c7e1275fa774a9b,natural,,true,"{""active"":323551232,""cache"":74761360,""peakActive"":398571792}",true,19,1056971705778708,1056971678739250,true,1,measured,0.027039458,1502,"{""timescale"":24000,""value"":1745504}",false,"{""confidenceSHA256"":""258955f94ba510e2de8a6b14dfe07f10e1b6ab8e7d73c54fe6bc36c37eaa3d6d"",""hasMotion"":true,""reliableFractionBits"":1057932308,""reset"":false,""vectorsSHA256"":""78c5f5048602e5bfe730d96301fea06c51773051ba1cc57f91269c205da7c095"",""warpedLumaErrorBits"":1003234174}",1503,1,16588800,false
candidate,0,8294400,,"{""timescale"":24000,""value"":1001}",false,false,true,d841adda17732722059f6de44301e74fecb55acc82790a6183686bebf268ffa9,natural,,true,"{""active"":323551232,""cache"":74761360,""peakActive"":398571792}",true,20,1056971749739833,1056971728239833,true,1,measured,0.0215,1503,"{""timescale"":24000,""value"":1746505}",false,"{""confidenceSHA256"":""19e13139913e3ab371c6400a1c7c2c109d1d6fdfbe6cb24aaa64906f6d77c38d"",""hasMotion"":true,""reliableFractionBits"":1056893975,""reset"":false,""vectorsSHA256"":""24a3e209d060296693c3cbd16489d2a7e2d46cced3ec107c250b5b226a6785b8"",""warpedLumaErrorBits"":1006775909}",1504,1,16588800,false
candidate,0,8294400,,"{""timescale"":24000,""value"":1001}",false,false,true,5e9f8c578fbdaa9a79951a9a0b0db54ad2a6dc573f3248623711260204a2f518,natural,,true,"{""active"":323551232,""cache"":74761360,""peakActive"":398571792}",true,21,1056971799914375,1056971772747125,true,1,measured,0.02716725,1504,"{""timescale"":24000,""value"":1747506}",false,"{""confidenceSHA256"":""def4be0fb3fad44d0bba17f4ec87b34a29779692689a1e34b7c1d14c9890783d"",""hasMotion"":true,""reliableFractionBits"":1057428587,""reset"":false,""vectorsSHA256"":""d25a99836273ea0743af4085c581ad6a8686930de7930c31b2dc4751ddf3138e"",""warpedLumaErrorBits"":1006014090}",1505,1,16588800,false
candidate,0,8294400,,"{""timescale"":24000,""value"":1001}",false,false,true,005b4fbe5a259b3440cdbacb4d77d7d1174f34b0c160e36ea1d31a6d1e17e58c,natural,,true,"{""active"":323551232,""cache"":74761360,""peakActive"":398571792}",true,22,1056971850788000,1056971822543166,true,1,measured,0.028244834,1505,"{""timescale"":24000,""value"":1748507}",false,"{""confidenceSHA256"":""4884d6f9f54612fb41275b8e8d13cddd2192972bfafae0abaa4314560ed442e6"",""hasMotion"":true,""reliableFractionBits"":1054758990,""reset"":false,""vectorsSHA256"":""6535db30047013aff9361867183968d00e14f046061dc1e02eb431fc8c269d36"",""warpedLumaErrorBits"":1006712293}",1506,1,16588800,false
candidate,0,8294400,,"{""timescale"":24000,""value"":1001}",false,false,true,ae848c323367785c4afaf1dce9a980f379438c1285609a99009bbad4ea0dc89b,natural,,true,"{""active"":323551232,""cache"":74761360,""peakActive"":398571792}",true,23,1056971896662041,1056971873294833,true,1,measured,0.023367208,1506,"{""timescale"":24000,""value"":1749508}",false,"{""confidenceSHA256"":""4a85e0bcb8f464c66c75cb11c1eec19ea4773c4d0c27fb17ca25c0938dce94de"",""hasMotion"":true,""reliableFractionBits"":1057566584,""reset"":false,""vectorsSHA256"":""95337bec55e8cd043e66cac3aa222461d766c6318d86d69f2b8bc74569569192"",""warpedLumaErrorBits"":1007816552}",1507,1,16588800,false
candidate,0,8294400,,"{""timescale"":24000,""value"":1001}",true,true,true,2067ac390b0ae7bb329aa2412208bdd5cd343cce076d9e653723773fae4aeb2f,natural,,false,"{""active"":323551232,""cache"":74761360,""peakActive"":398571792}",true,24,1056971946960041,1056971918976666,true,1,traversal-warmup,0.027983375,1507,"{""timescale"":24000,""value"":1738497}",true,"{""confidenceSHA256"":""788ae0147bdf979a6575938ca2d7d4403788588f7be2010f03776c968fd1ab49"",""hasMotion"":true,""reliableFractionBits"":0,""reset"":true,""vectorsSHA256"":""ca954688e08310567d16960ff74c9983fbd4bc77c918b924a37f77d810b0668c"",""warpedLumaErrorBits"":1049003833}",1496,2,16588800,true
candidate,0,8294400,,"{""timescale"":24000,""value"":1001}",true,true,true,26e222bb9f5e7471b646ea2c9aaa390c6d8295fff6a32776e1c662fe80b942af,natural,,false,"{""active"":323551232,""cache"":74761360,""peakActive"":398571792}",true,25,1056971997850416,1056971970329333,true,1,traversal-warmup,0.027521083,1496,"{""timescale"":24000,""value"":1739498}",false,"{""confidenceSHA256"":""ff24d7286b3978166808fccb18ded53d06f8a0687fe03a9af73eba1e698dc25c"",""hasMotion"":true,""reliableFractionBits"":1057945836,""reset"":false,""vectorsSHA256"":""b5af93cbe1cc5d1d7f6ad42630abe65e9ea2748429906730d52b29109c701e87"",""warpedLumaErrorBits"":996707947}",1497,2,16588800,false
candidate,0,8294400,,"{""timescale"":24000,""value"":1001}",true,false,true,e7e2b99a952b73cd3f5f6d84afa8bc6182ca7e151166c9c5dfaa1fbfc557d4b8,natural,,false,"{""active"":323551232,""cache"":74761360,""peakActive"":398571792}",true,26,1056972045331041,1056972021053250,true,1,traversal-warmup,0.024277791,1497,"{""timescale"":24000,""value"":1740499}",true,"{""confidenceSHA256"":""788ae0147bdf979a6575938ca2d7d4403788588f7be2010f03776c968fd1ab49"",""hasMotion"":true,""reliableFractionBits"":0,""reset"":true,""vectorsSHA256"":""1dd7f8a26e56dfba878da177773321a53dca3f2b9d00b46118d4425ec3093903"",""warpedLumaErrorBits"":1049357384}",1498,2,16588800,false
candidate,0,8294400,,"{""timescale"":24000,""value"":1001}",false,true,true,14bb670c4466232e6ab633a2a6fdefd4c99bace2d8b10f6043f30829c0354b17,natural,,true,"{""active"":323551232,""cache"":74761360,""peakActive"":398571792}",true,27,1056972094674791,1056972068001875,true,1,measured,0.026672916,1498,"{""timescale"":24000,""value"":1741500}",false,"{""confidenceSHA256"":""e4d7d9ae97135d7dc185243b19490a1f40bcca651cf2b759538db368bedc01b7"",""hasMotion"":true,""reliableFractionBits"":1058754825,""reset"":false,""vectorsSHA256"":""ee54d44ebac3dca564784630aa7e04eb0e50afdb17521dfa1b05c85b78882a48"",""warpedLumaErrorBits"":994358578}",1499,2,16588800,false
candidate,0,8294400,,"{""timescale"":24000,""value"":1001}",false,false,true,d0803a559d88c0bd6b54e5cfded20c04d64f959e3c5009ee65a67a705aa33ce3,natural,,true,"{""active"":323551232,""cache"":74761360,""peakActive"":398571792}",true,28,1056972145017875,1056972118239291,true,1,measured,0.026778584,1499,"{""timescale"":24000,""value"":1742501}",false,"{""confidenceSHA256"":""ff2eeb16566030b9dd06a8c01bbf967fa94070c40acdbbea6a0d2dc48c7167eb"",""hasMotion"":true,""reliableFractionBits"":1058843080,""reset"":false,""vectorsSHA256"":""26438fbe98f93bb7ea392c433b2bfd232c214d8aa921dac0b16df381e5575aa2"",""warpedLumaErrorBits"":993628541}",1500,2,16588800,false
candidate,0,8294400,,"{""timescale"":24000,""value"":1001}",false,false,true,4945f8e1ed2a6ce70e38e9f25e6ee38a7d2a8b0e0901cab474531c8113227e4e,natural,,true,"{""active"":323551232,""cache"":74761360,""peakActive"":398571792}",true,29,1056972200914083,1056972168000333,true,1,measured,0.03291375,1500,"{""timescale"":24000,""value"":1743502}",false,"{""confidenceSHA256"":""7e53933ec6ffad34b19572512b6e4dd79cdf79d53cce1b9679f28641c8345004"",""hasMotion"":true,""reliableFractionBits"":1059399821,""reset"":false,""vectorsSHA256"":""7978f43a3bced6a1c55c28e1bf996272c6bc5d5c543a9ffead43532ef8542ed8"",""warpedLumaErrorBits"":996278982}",1501,2,16588800,false
candidate,0,8294400,,"{""timescale"":24000,""value"":1001}",false,false,true,ad7ed19b2a9ce48b75220fac53032ab41cea9d4eddfe62f09bb1c86e063d6e46,natural,,true,"{""active"":323551232,""cache"":74761360,""peakActive"":398571792}",true,30,1056972258904000,1056972225864208,true,1,measured,0.033039792,1501,"{""timescale"":24000,""value"":1744503}",false,"{""confidenceSHA256"":""a1dc46082a3247c370a0bea80eac8a6a710ea1d6c4447263d927751d18344a45"",""hasMotion"":true,""reliableFractionBits"":1057767602,""reset"":false,""vectorsSHA256"":""e33097e78f0358cea2f0b6c880c8d7430606842815c4dde063dad6f92247d23d"",""warpedLumaErrorBits"":998857116}",1502,2,16588800,false
candidate,0,8294400,,"{""timescale"":24000,""value"":1001}",false,false,true,d0e5c2803d70ef53f24fac74b8d5709c4d6caeb53dcb90684c7e1275fa774a9b,natural,,true,"{""active"":323551232,""cache"":74761360,""peakActive"":398571792}",true,31,1056972312167125,1056972282268500,true,1,measured,0.029898625,1502,"{""timescale"":24000,""value"":1745504}",false,"{""confidenceSHA256"":""258955f94ba510e2de8a6b14dfe07f10e1b6ab8e7d73c54fe6bc36c37eaa3d6d"",""hasMotion"":true,""reliableFractionBits"":1057932308,""reset"":false,""vectorsSHA256"":""78c5f5048602e5bfe730d96301fea06c51773051ba1cc57f91269c205da7c095"",""warpedLumaErrorBits"":1003234174}",1503,2,16588800,false
candidate,0,8294400,,"{""timescale"":24000,""value"":1001}",false,false,true,d841adda17732722059f6de44301e74fecb55acc82790a6183686bebf268ffa9,natural,,true,"{""active"":323551232,""cache"":74761360,""peakActive"":398571792}",true,32,1056972362859166,1056972335079666,true,1,measured,0.0277795,1503,"{""timescale"":24000,""value"":1746505}",false,"{""confidenceSHA256"":""19e13139913e3ab371c6400a1c7c2c109d1d6fdfbe6cb24aaa64906f6d77c38d"",""hasMotion"":true,""reliableFractionBits"":1056893975,""reset"":false,""vectorsSHA256"":""24a3e209d060296693c3cbd16489d2a7e2d46cced3ec107c250b5b226a6785b8"",""warpedLumaErrorBits"":1006775909}",1504,2,16588800,false
candidate,0,8294400,,"{""timescale"":24000,""value"":1001}",false,false,true,5e9f8c578fbdaa9a79951a9a0b0db54ad2a6dc573f3248623711260204a2f518,natural,,true,"{""active"":323551232,""cache"":74761360,""peakActive"":398571792}",true,33,1056972413540041,1056972385828375,true,1,measured,0.027711666,1504,"{""timescale"":24000,""value"":1747506}",false,"{""confidenceSHA256"":""def4be0fb3fad44d0bba17f4ec87b34a29779692689a1e34b7c1d14c9890783d"",""hasMotion"":true,""reliableFractionBits"":1057428587,""reset"":false,""vectorsSHA256"":""d25a99836273ea0743af4085c581ad6a8686930de7930c31b2dc4751ddf3138e"",""warpedLumaErrorBits"":1006014090}",1505,2,16588800,false
candidate,0,8294400,,"{""timescale"":24000,""value"":1001}",false,false,true,005b4fbe5a259b3440cdbacb4d77d7d1174f34b0c160e36ea1d31a6d1e17e58c,natural,,true,"{""active"":323551232,""cache"":74761360,""peakActive"":398571792}",true,34,1056972464303625,1056972436433000,true,1,measured,0.027870625,1505,"{""timescale"":24000,""value"":1748507}",false,"{""confidenceSHA256"":""4884d6f9f54612fb41275b8e8d13cddd2192972bfafae0abaa4314560ed442e6"",""hasMotion"":true,""reliableFractionBits"":1054758990,""reset"":false,""vectorsSHA256"":""6535db30047013aff9361867183968d00e14f046061dc1e02eb431fc8c269d36"",""warpedLumaErrorBits"":1006712293}",1506,2,16588800,false
candidate,0,8294400,,"{""timescale"":24000,""value"":1001}",false,false,true,ae848c323367785c4afaf1dce9a980f379438c1285609a99009bbad4ea0dc89b,natural,,true,"{""active"":323551232,""cache"":74761360,""peakActive"":398571792}",true,35,1056972514510083,1056972488256541,true,1,measured,0.026253542,1506,"{""timescale"":24000,""value"":1749508}",false,"{""confidenceSHA256"":""4a85e0bcb8f464c66c75cb11c1eec19ea4773c4d0c27fb17ca25c0938dce94de"",""hasMotion"":true,""reliableFractionBits"":1057566584,""reset"":false,""vectorsSHA256"":""95337bec55e8cd043e66cac3aa222461d766c6318d86d69f2b8bc74569569192"",""warpedLumaErrorBits"":1007816552}",1507,2,16588800,false
baseline,1,8294400,,"{""timescale"":24000,""value"":1001}",true,true,true,2067ac390b0ae7bb329aa2412208bdd5cd343cce076d9e653723773fae4aeb2f,natural,true,false,"{""active"":323551232,""cache"":74761360,""peakActive"":398571792}",true,0,1056972561247750,1056972538613916,true,1,traversal-warmup,0.022633834,1507,"{""timescale"":24000,""value"":1738497}",true,"{""confidenceSHA256"":""788ae0147bdf979a6575938ca2d7d4403788588f7be2010f03776c968fd1ab49"",""hasMotion"":true,""reliableFractionBits"":0,""reset"":true,""vectorsSHA256"":""ca954688e08310567d16960ff74c9983fbd4bc77c918b924a37f77d810b0668c"",""warpedLumaErrorBits"":1049003833}",1496,0,16588800,true
baseline,1,8294400,,"{""timescale"":24000,""value"":1001}",true,true,true,26e222bb9f5e7471b646ea2c9aaa390c6d8295fff6a32776e1c662fe80b942af,natural,true,false,"{""active"":323551232,""cache"":74761360,""peakActive"":398571792}",true,1,1056972617568916,1056972585527916,true,1,traversal-warmup,0.032041,1496,"{""timescale"":24000,""value"":1739498}",false,"{""confidenceSHA256"":""ff24d7286b3978166808fccb18ded53d06f8a0687fe03a9af73eba1e698dc25c"",""hasMotion"":true,""reliableFractionBits"":1057945836,""reset"":false,""vectorsSHA256"":""b5af93cbe1cc5d1d7f6ad42630abe65e9ea2748429906730d52b29109c701e87"",""warpedLumaErrorBits"":996707947}",1497,0,16588800,false
baseline,1,8294400,true,"{""timescale"":24000,""value"":1001}",true,false,true,e7e2b99a952b73cd3f5f6d84afa8bc6182ca7e151166c9c5dfaa1fbfc557d4b8,natural,true,false,"{""active"":323551232,""cache"":74761360,""peakActive"":398571792}",true,2,1056972664154083,1056972642690958,true,1,traversal-warmup,0.021463125,1497,"{""timescale"":24000,""value"":1740499}",true,"{""confidenceSHA256"":""788ae0147bdf979a6575938ca2d7d4403788588f7be2010f03776c968fd1ab49"",""hasMotion"":true,""reliableFractionBits"":0,""reset"":true,""vectorsSHA256"":""1dd7f8a26e56dfba878da177773321a53dca3f2b9d00b46118d4425ec3093903"",""warpedLumaErrorBits"":1049357384}",1498,0,16588800,false
baseline,1,8294400,true,"{""timescale"":24000,""value"":1001}",false,true,true,14bb670c4466232e6ab633a2a6fdefd4c99bace2d8b10f6043f30829c0354b17,natural,true,true,"{""active"":323551232,""cache"":74761360,""peakActive"":398571792}",true,3,1056972723528833,1056972691278125,true,1,measured,0.032250708,1498,"{""timescale"":24000,""value"":1741500}",false,"{""confidenceSHA256"":""e4d7d9ae97135d7dc185243b19490a1f40bcca651cf2b759538db368bedc01b7"",""hasMotion"":true,""reliableFractionBits"":1058754825,""reset"":false,""vectorsSHA256"":""ee54d44ebac3dca564784630aa7e04eb0e50afdb17521dfa1b05c85b78882a48"",""warpedLumaErrorBits"":994358578}",1499,0,16588800,false
baseline,1,8294400,,"{""timescale"":24000,""value"":1001}",false,false,true,d0803a559d88c0bd6b54e5cfded20c04d64f959e3c5009ee65a67a705aa33ce3,natural,true,true,"{""active"":323551232,""cache"":74761360,""peakActive"":398571792}",true,4,1056972774517333,1056972750192041,true,1,measured,0.024325292,1499,"{""timescale"":24000,""value"":1742501}",false,"{""confidenceSHA256"":""ff2eeb16566030b9dd06a8c01bbf967fa94070c40acdbbea6a0d2dc48c7167eb"",""hasMotion"":true,""reliableFractionBits"":1058843080,""reset"":false,""vectorsSHA256"":""26438fbe98f93bb7ea392c433b2bfd232c214d8aa921dac0b16df381e5575aa2"",""warpedLumaErrorBits"":993628541}",1500,0,16588800,false
baseline,1,8294400,,"{""timescale"":24000,""value"":1001}",false,false,true,4945f8e1ed2a6ce70e38e9f25e6ee38a7d2a8b0e0901cab474531c8113227e4e,natural,true,true,"{""active"":323551232,""cache"":74761360,""peakActive"":398571792}",true,5,1056972830801333,1056972799261666,true,1,measured,0.031539667,1500,"{""timescale"":24000,""value"":1743502}",false,"{""confidenceSHA256"":""7e53933ec6ffad34b19572512b6e4dd79cdf79d53cce1b9679f28641c8345004"",""hasMotion"":true,""reliableFractionBits"":1059399821,""reset"":false,""vectorsSHA256"":""7978f43a3bced6a1c55c28e1bf996272c6bc5d5c543a9ffead43532ef8542ed8"",""warpedLumaErrorBits"":996278982}",1501,0,16588800,false
baseline,1,8294400,,"{""timescale"":24000,""value"":1001}",false,false,true,ad7ed19b2a9ce48b75220fac53032ab41cea9d4eddfe62f09bb1c86e063d6e46,natural,true,true,"{""active"":323551232,""cache"":74761360,""peakActive"":398571792}",true,6,1056972883529250,1056972855919500,true,1,measured,0.02760975,1501,"{""timescale"":24000,""value"":1744503}",false,"{""confidenceSHA256"":""a1dc46082a3247c370a0bea80eac8a6a710ea1d6c4447263d927751d18344a45"",""hasMotion"":true,""reliableFractionBits"":1057767602,""reset"":false,""vectorsSHA256"":""e33097e78f0358cea2f0b6c880c8d7430606842815c4dde063dad6f92247d23d"",""warpedLumaErrorBits"":998857116}",1502,0,16588800,false
baseline,1,8294400,,"{""timescale"":24000,""value"":1001}",false,false,true,d0e5c2803d70ef53f24fac74b8d5709c4d6caeb53dcb90684c7e1275fa774a9b,natural,true,true,"{""active"":323551232,""cache"":74761360,""peakActive"":398571792}",true,7,1056972934480083,1056972909050583,true,1,measured,0.0254295,1502,"{""timescale"":24000,""value"":1745504}",false,"{""confidenceSHA256"":""258955f94ba510e2de8a6b14dfe07f10e1b6ab8e7d73c54fe6bc36c37eaa3d6d"",""hasMotion"":true,""reliableFractionBits"":1057932308,""reset"":false,""vectorsSHA256"":""78c5f5048602e5bfe730d96301fea06c51773051ba1cc57f91269c205da7c095"",""warpedLumaErrorBits"":1003234174}",1503,0,16588800,false
baseline,1,8294400,,"{""timescale"":24000,""value"":1001}",false,false,true,d841adda17732722059f6de44301e74fecb55acc82790a6183686bebf268ffa9,natural,true,true,"{""active"":323551232,""cache"":74761360,""peakActive"":398571792}",true,8,1056972990552166,1056972959975791,true,1,measured,0.030576375,1503,"{""timescale"":24000,""value"":1746505}",false,"{""confidenceSHA256"":""19e13139913e3ab371c6400a1c7c2c109d1d6fdfbe6cb24aaa64906f6d77c38d"",""hasMotion"":true,""reliableFractionBits"":1056893975,""reset"":false,""vectorsSHA256"":""24a3e209d060296693c3cbd16489d2a7e2d46cced3ec107c250b5b226a6785b8"",""warpedLumaErrorBits"":1006775909}",1504,0,16588800,false
baseline,1,8294400,,"{""timescale"":24000,""value"":1001}",false,false,true,5e9f8c578fbdaa9a79951a9a0b0db54ad2a6dc573f3248623711260204a2f518,natural,true,true,"{""active"":323551232,""cache"":74761360,""peakActive"":398571792}",true,9,1056973041103833,1056973016297208,true,1,measured,0.024806625,1504,"{""timescale"":24000,""value"":1747506}",false,"{""confidenceSHA256"":""def4be0fb3fad44d0bba17f4ec87b34a29779692689a1e34b7c1d14c9890783d"",""hasMotion"":true,""reliableFractionBits"":1057428587,""reset"":false,""vectorsSHA256"":""d25a99836273ea0743af4085c581ad6a8686930de7930c31b2dc4751ddf3138e"",""warpedLumaErrorBits"":1006014090}",1505,0,16588800,false
baseline,1,8294400,,"{""timescale"":24000,""value"":1001}",false,false,true,005b4fbe5a259b3440cdbacb4d77d7d1174f34b0c160e36ea1d31a6d1e17e58c,natural,true,true,"{""active"":323551232,""cache"":74761360,""peakActive"":398571792}",true,10,1056973089560458,1056973066588166,true,1,measured,0.022972292,1505,"{""timescale"":24000,""value"":1748507}",false,"{""confidenceSHA256"":""4884d6f9f54612fb41275b8e8d13cddd2192972bfafae0abaa4314560ed442e6"",""hasMotion"":true,""reliableFractionBits"":1054758990,""reset"":false,""vectorsSHA256"":""6535db30047013aff9361867183968d00e14f046061dc1e02eb431fc8c269d36"",""warpedLumaErrorBits"":1006712293}",1506,0,16588800,false
baseline,1,8294400,,"{""timescale"":24000,""value"":1001}",false,false,true,ae848c323367785c4afaf1dce9a980f379438c1285609a99009bbad4ea0dc89b,natural,true,true,"{""active"":323551232,""cache"":74761360,""peakActive"":398571792}",true,11,1056973141882333,1056973115036875,true,1,measured,0.026845458,1506,"{""timescale"":24000,""value"":1749508}",false,"{""confidenceSHA256"":""4a85e0bcb8f464c66c75cb11c1eec19ea4773c4d0c27fb17ca25c0938dce94de"",""hasMotion"":true,""reliableFractionBits"":1057566584,""reset"":false,""vectorsSHA256"":""95337bec55e8cd043e66cac3aa222461d766c6318d86d69f2b8bc74569569192"",""warpedLumaErrorBits"":1007816552}",1507,0,16588800,false
baseline,1,8294400,,"{""timescale"":24000,""value"":1001}",true,true,true,2067ac390b0ae7bb329aa2412208bdd5cd343cce076d9e653723773fae4aeb2f,natural,true,false,"{""active"":323551232,""cache"":74761360,""peakActive"":398571792}",true,12,1056973197275166,1056973167075500,true,1,traversal-warmup,0.030199666,1507,"{""timescale"":24000,""value"":1738497}",true,"{""confidenceSHA256"":""788ae0147bdf979a6575938ca2d7d4403788588f7be2010f03776c968fd1ab49"",""hasMotion"":true,""reliableFractionBits"":0,""reset"":true,""vectorsSHA256"":""ca954688e08310567d16960ff74c9983fbd4bc77c918b924a37f77d810b0668c"",""warpedLumaErrorBits"":1049003833}",1496,1,16588800,true
baseline,1,8294400,,"{""timescale"":24000,""value"":1001}",true,true,true,26e222bb9f5e7471b646ea2c9aaa390c6d8295fff6a32776e1c662fe80b942af,natural,true,false,"{""active"":323551232,""cache"":74761360,""peakActive"":398571792}",true,13,1056973248478833,1056973221996958,true,1,traversal-warmup,0.026481875,1496,"{""timescale"":24000,""value"":1739498}",false,"{""confidenceSHA256"":""ff24d7286b3978166808fccb18ded53d06f8a0687fe03a9af73eba1e698dc25c"",""hasMotion"":true,""reliableFractionBits"":1057945836,""reset"":false,""vectorsSHA256"":""b5af93cbe1cc5d1d7f6ad42630abe65e9ea2748429906730d52b29109c701e87"",""warpedLumaErrorBits"":996707947}",1497,1,16588800,false
baseline,1,8294400,true,"{""timescale"":24000,""value"":1001}",true,false,true,e7e2b99a952b73cd3f5f6d84afa8bc6182ca7e151166c9c5dfaa1fbfc557d4b8,natural,true,false,"{""active"":323551232,""cache"":74761360,""peakActive"":398571792}",true,14,1056973297279541,1056973273719666,true,1,traversal-warmup,0.023559875,1497,"{""timescale"":24000,""value"":1740499}",true,"{""confidenceSHA256"":""788ae0147bdf979a6575938ca2d7d4403788588f7be2010f03776c968fd1ab49"",""hasMotion"":true,""reliableFractionBits"":0,""reset"":true,""vectorsSHA256"":""1dd7f8a26e56dfba878da177773321a53dca3f2b9d00b46118d4425ec3093903"",""warpedLumaErrorBits"":1049357384}",1498,1,16588800,false
baseline,1,8294400,true,"{""timescale"":24000,""value"":1001}",false,true,true,14bb670c4466232e6ab633a2a6fdefd4c99bace2d8b10f6043f30829c0354b17,natural,true,true,"{""active"":323551232,""cache"":74761360,""peakActive"":398571792}",true,15,1056973357902625,1056973324356958,true,1,measured,0.033545667,1498,"{""timescale"":24000,""value"":1741500}",false,"{""confidenceSHA256"":""e4d7d9ae97135d7dc185243b19490a1f40bcca651cf2b759538db368bedc01b7"",""hasMotion"":true,""reliableFractionBits"":1058754825,""reset"":false,""vectorsSHA256"":""ee54d44ebac3dca564784630aa7e04eb0e50afdb17521dfa1b05c85b78882a48"",""warpedLumaErrorBits"":994358578}",1499,1,16588800,false
baseline,1,8294400,,"{""timescale"":24000,""value"":1001}",false,false,true,d0803a559d88c0bd6b54e5cfded20c04d64f959e3c5009ee65a67a705aa33ce3,natural,true,true,"{""active"":323551232,""cache"":74761360,""peakActive"":398571792}",true,16,1056973404245500,1056973384854083,true,1,measured,0.019391417,1499,"{""timescale"":24000,""value"":1742501}",false,"{""confidenceSHA256"":""ff2eeb16566030b9dd06a8c01bbf967fa94070c40acdbbea6a0d2dc48c7167eb"",""hasMotion"":true,""reliableFractionBits"":1058843080,""reset"":false,""vectorsSHA256"":""26438fbe98f93bb7ea392c433b2bfd232c214d8aa921dac0b16df381e5575aa2"",""warpedLumaErrorBits"":993628541}",1500,1,16588800,false
baseline,1,8294400,,"{""timescale"":24000,""value"":1001}",false,false,true,4945f8e1ed2a6ce70e38e9f25e6ee38a7d2a8b0e0901cab474531c8113227e4e,natural,true,true,"{""active"":323551232,""cache"":74761360,""peakActive"":398571792}",true,17,1056973457330000,1056973428830208,true,1,measured,0.028499792,1500,"{""timescale"":24000,""value"":1743502}",false,"{""confidenceSHA256"":""7e53933ec6ffad34b19572512b6e4dd79cdf79d53cce1b9679f28641c8345004"",""hasMotion"":true,""reliableFractionBits"":1059399821,""reset"":false,""vectorsSHA256"":""7978f43a3bced6a1c55c28e1bf996272c6bc5d5c543a9ffead43532ef8542ed8"",""warpedLumaErrorBits"":996278982}",1501,1,16588800,false
baseline,1,8294400,,"{""timescale"":24000,""value"":1001}",false,false,true,ad7ed19b2a9ce48b75220fac53032ab41cea9d4eddfe62f09bb1c86e063d6e46,natural,true,true,"{""active"":323551232,""cache"":74761360,""peakActive"":398571792}",true,18,1056973517825208,1056973482621250,true,1,measured,0.035203958,1501,"{""timescale"":24000,""value"":1744503}",false,"{""confidenceSHA256"":""a1dc46082a3247c370a0bea80eac8a6a710ea1d6c4447263d927751d18344a45"",""hasMotion"":true,""reliableFractionBits"":1057767602,""reset"":false,""vectorsSHA256"":""e33097e78f0358cea2f0b6c880c8d7430606842815c4dde063dad6f92247d23d"",""warpedLumaErrorBits"":998857116}",1502,1,16588800,false
baseline,1,8294400,,"{""timescale"":24000,""value"":1001}",false,false,true,d0e5c2803d70ef53f24fac74b8d5709c4d6caeb53dcb90684c7e1275fa774a9b,natural,true,true,"{""active"":323551232,""cache"":74761360,""peakActive"":398571792}",true,19,1056973580544541,1056973545264416,true,1,measured,0.035280125,1502,"{""timescale"":24000,""value"":1745504}",false,"{""confidenceSHA256"":""258955f94ba510e2de8a6b14dfe07f10e1b6ab8e7d73c54fe6bc36c37eaa3d6d"",""hasMotion"":true,""reliableFractionBits"":1057932308,""reset"":false,""vectorsSHA256"":""78c5f5048602e5bfe730d96301fea06c51773051ba1cc57f91269c205da7c095"",""warpedLumaErrorBits"":1003234174}",1503,1,16588800,false
baseline,1,8294400,,"{""timescale"":24000,""value"":1001}",false,false,true,d841adda17732722059f6de44301e74fecb55acc82790a6183686bebf268ffa9,natural,true,true,"{""active"":323551232,""cache"":74761360,""peakActive"":398571792}",true,20,1056973637178083,1056973608277500,true,1,measured,0.028900583,1503,"{""timescale"":24000,""value"":1746505}",false,"{""confidenceSHA256"":""19e13139913e3ab371c6400a1c7c2c109d1d6fdfbe6cb24aaa64906f6d77c38d"",""hasMotion"":true,""reliableFractionBits"":1056893975,""reset"":false,""vectorsSHA256"":""24a3e209d060296693c3cbd16489d2a7e2d46cced3ec107c250b5b226a6785b8"",""warpedLumaErrorBits"":1006775909}",1504,1,16588800,false
baseline,1,8294400,,"{""timescale"":24000,""value"":1001}",false,false,true,5e9f8c578fbdaa9a79951a9a0b0db54ad2a6dc573f3248623711260204a2f518,natural,true,true,"{""active"":323551232,""cache"":74761360,""peakActive"":398571792}",true,21,1056973701377666,1056973664616750,true,1,measured,0.036760916,1504,"{""timescale"":24000,""value"":1747506}",false,"{""confidenceSHA256"":""def4be0fb3fad44d0bba17f4ec87b34a29779692689a1e34b7c1d14c9890783d"",""hasMotion"":true,""reliableFractionBits"":1057428587,""reset"":false,""vectorsSHA256"":""d25a99836273ea0743af4085c581ad6a8686930de7930c31b2dc4751ddf3138e"",""warpedLumaErrorBits"":1006014090}",1505,1,16588800,false
baseline,1,8294400,,"{""timescale"":24000,""value"":1001}",false,false,true,005b4fbe5a259b3440cdbacb4d77d7d1174f34b0c160e36ea1d31a6d1e17e58c,natural,true,true,"{""active"":323551232,""cache"":74761360,""peakActive"":398571792}",true,22,1056973763950458,1056973727767458,true,1,measured,0.036183,1505,"{""timescale"":24000,""value"":1748507}",false,"{""confidenceSHA256"":""4884d6f9f54612fb41275b8e8d13cddd2192972bfafae0abaa4314560ed442e6"",""hasMotion"":true,""reliableFractionBits"":1054758990,""reset"":false,""vectorsSHA256"":""6535db30047013aff9361867183968d00e14f046061dc1e02eb431fc8c269d36"",""warpedLumaErrorBits"":1006712293}",1506,1,16588800,false
baseline,1,8294400,,"{""timescale"":24000,""value"":1001}",false,false,true,ae848c323367785c4afaf1dce9a980f379438c1285609a99009bbad4ea0dc89b,natural,true,true,"{""active"":323551232,""cache"":74761360,""peakActive"":398571792}",true,23,1056973825609583,1056973790566958,true,1,measured,0.035042625,1506,"{""timescale"":24000,""value"":1749508}",false,"{""confidenceSHA256"":""4a85e0bcb8f464c66c75cb11c1eec19ea4773c4d0c27fb17ca25c0938dce94de"",""hasMotion"":true,""reliableFractionBits"":1057566584,""reset"":false,""vectorsSHA256"":""95337bec55e8cd043e66cac3aa222461d766c6318d86d69f2b8bc74569569192"",""warpedLumaErrorBits"":1007816552}",1507,1,16588800,false
baseline,1,8294400,,"{""timescale"":24000,""value"":1001}",true,true,true,2067ac390b0ae7bb329aa2412208bdd5cd343cce076d9e653723773fae4aeb2f,natural,true,false,"{""active"":323551232,""cache"":74761360,""peakActive"":398571792}",true,24,1056973883937125,1056973852646500,true,1,traversal-warmup,0.031290625,1507,"{""timescale"":24000,""value"":1738497}",true,"{""confidenceSHA256"":""788ae0147bdf979a6575938ca2d7d4403788588f7be2010f03776c968fd1ab49"",""hasMotion"":true,""reliableFractionBits"":0,""reset"":true,""vectorsSHA256"":""ca954688e08310567d16960ff74c9983fbd4bc77c918b924a37f77d810b0668c"",""warpedLumaErrorBits"":1049003833}",1496,2,16588800,true
baseline,1,8294400,,"{""timescale"":24000,""value"":1001}",true,true,true,26e222bb9f5e7471b646ea2c9aaa390c6d8295fff6a32776e1c662fe80b942af,natural,true,false,"{""active"":323551232,""cache"":74761360,""peakActive"":398571792}",true,25,1056973948765458,1056973909622041,true,1,traversal-warmup,0.039143417,1496,"{""timescale"":24000,""value"":1739498}",false,"{""confidenceSHA256"":""ff24d7286b3978166808fccb18ded53d06f8a0687fe03a9af73eba1e698dc25c"",""hasMotion"":true,""reliableFractionBits"":1057945836,""reset"":false,""vectorsSHA256"":""b5af93cbe1cc5d1d7f6ad42630abe65e9ea2748429906730d52b29109c701e87"",""warpedLumaErrorBits"":996707947}",1497,2,16588800,false
baseline,1,8294400,true,"{""timescale"":24000,""value"":1001}",true,false,true,e7e2b99a952b73cd3f5f6d84afa8bc6182ca7e151166c9c5dfaa1fbfc557d4b8,natural,true,false,"{""active"":323551232,""cache"":74761360,""peakActive"":398571792}",true,26,1056974005673625,1056973975118916,true,1,traversal-warmup,0.030554709,1497,"{""timescale"":24000,""value"":1740499}",true,"{""confidenceSHA256"":""788ae0147bdf979a6575938ca2d7d4403788588f7be2010f03776c968fd1ab49"",""hasMotion"":true,""reliableFractionBits"":0,""reset"":true,""vectorsSHA256"":""1dd7f8a26e56dfba878da177773321a53dca3f2b9d00b46118d4425ec3093903"",""warpedLumaErrorBits"":1049357384}",1498,2,16588800,false
baseline,1,8294400,true,"{""timescale"":24000,""value"":1001}",false,true,true,14bb670c4466232e6ab633a2a6fdefd4c99bace2d8b10f6043f30829c0354b17,natural,true,true,"{""active"":323551232,""cache"":74761360,""peakActive"":398571792}",true,27,1056974060355333,1056974034306791,true,1,measured,0.026048542,1498,"{""timescale"":24000,""value"":1741500}",false,"{""confidenceSHA256"":""e4d7d9ae97135d7dc185243b19490a1f40bcca651cf2b759538db368bedc01b7"",""hasMotion"":true,""reliableFractionBits"":1058754825,""reset"":false,""vectorsSHA256"":""ee54d44ebac3dca564784630aa7e04eb0e50afdb17521dfa1b05c85b78882a48"",""warpedLumaErrorBits"":994358578}",1499,2,16588800,false
baseline,1,8294400,,"{""timescale"":24000,""value"":1001}",false,false,true,d0803a559d88c0bd6b54e5cfded20c04d64f959e3c5009ee65a67a705aa33ce3,natural,true,true,"{""active"":323551232,""cache"":74761360,""peakActive"":398571792}",true,28,1056974116667000,1056974088789708,true,1,measured,0.027877292,1499,"{""timescale"":24000,""value"":1742501}",false,"{""confidenceSHA256"":""ff2eeb16566030b9dd06a8c01bbf967fa94070c40acdbbea6a0d2dc48c7167eb"",""hasMotion"":true,""reliableFractionBits"":1058843080,""reset"":false,""vectorsSHA256"":""26438fbe98f93bb7ea392c433b2bfd232c214d8aa921dac0b16df381e5575aa2"",""warpedLumaErrorBits"":993628541}",1500,2,16588800,false
baseline,1,8294400,,"{""timescale"":24000,""value"":1001}",false,false,true,4945f8e1ed2a6ce70e38e9f25e6ee38a7d2a8b0e0901cab474531c8113227e4e,natural,true,true,"{""active"":323551232,""cache"":74761360,""peakActive"":398571792}",true,29,1056974178720916,1056974142623791,true,1,measured,0.036097125,1500,"{""timescale"":24000,""value"":1743502}",false,"{""confidenceSHA256"":""7e53933ec6ffad34b19572512b6e4dd79cdf79d53cce1b9679f28641c8345004"",""hasMotion"":true,""reliableFractionBits"":1059399821,""reset"":false,""vectorsSHA256"":""7978f43a3bced6a1c55c28e1bf996272c6bc5d5c543a9ffead43532ef8542ed8"",""warpedLumaErrorBits"":996278982}",1501,2,16588800,false
baseline,1,8294400,,"{""timescale"":24000,""value"":1001}",false,false,true,ad7ed19b2a9ce48b75220fac53032ab41cea9d4eddfe62f09bb1c86e063d6e46,natural,true,true,"{""active"":323551232,""cache"":74761360,""peakActive"":398571792}",true,30,1056974238218708,1056974206002375,true,1,measured,0.032216333,1501,"{""timescale"":24000,""value"":1744503}",false,"{""confidenceSHA256"":""a1dc46082a3247c370a0bea80eac8a6a710ea1d6c4447263d927751d18344a45"",""hasMotion"":true,""reliableFractionBits"":1057767602,""reset"":false,""vectorsSHA256"":""e33097e78f0358cea2f0b6c880c8d7430606842815c4dde063dad6f92247d23d"",""warpedLumaErrorBits"":998857116}",1502,2,16588800,false
baseline,1,8294400,,"{""timescale"":24000,""value"":1001}",false,false,true,d0e5c2803d70ef53f24fac74b8d5709c4d6caeb53dcb90684c7e1275fa774a9b,natural,true,true,"{""active"":323551232,""cache"":74761360,""peakActive"":398571792}",true,31,1056974299899750,1056974264651708,true,1,measured,0.035248042,1502,"{""timescale"":24000,""value"":1745504}",false,"{""confidenceSHA256"":""258955f94ba510e2de8a6b14dfe07f10e1b6ab8e7d73c54fe6bc36c37eaa3d6d"",""hasMotion"":true,""reliableFractionBits"":1057932308,""reset"":false,""vectorsSHA256"":""78c5f5048602e5bfe730d96301fea06c51773051ba1cc57f91269c205da7c095"",""warpedLumaErrorBits"":1003234174}",1503,2,16588800,false
baseline,1,8294400,,"{""timescale"":24000,""value"":1001}",false,false,true,d841adda17732722059f6de44301e74fecb55acc82790a6183686bebf268ffa9,natural,true,true,"{""active"":323551232,""cache"":74761360,""peakActive"":398571792}",true,32,1056974352670250,1056974328479333,true,1,measured,0.024190917,1503,"{""timescale"":24000,""value"":1746505}",false,"{""confidenceSHA256"":""19e13139913e3ab371c6400a1c7c2c109d1d6fdfbe6cb24aaa64906f6d77c38d"",""hasMotion"":true,""reliableFractionBits"":1056893975,""reset"":false,""vectorsSHA256"":""24a3e209d060296693c3cbd16489d2a7e2d46cced3ec107c250b5b226a6785b8"",""warpedLumaErrorBits"":1006775909}",1504,2,16588800,false
baseline,1,8294400,,"{""timescale"":24000,""value"":1001}",false,false,true,5e9f8c578fbdaa9a79951a9a0b0db54ad2a6dc573f3248623711260204a2f518,natural,true,true,"{""active"":323551232,""cache"":74761360,""peakActive"":398571792}",true,33,1056974408705375,1056974379508833,true,1,measured,0.029196542,1504,"{""timescale"":24000,""value"":1747506}",false,"{""confidenceSHA256"":""def4be0fb3fad44d0bba17f4ec87b34a29779692689a1e34b7c1d14c9890783d"",""hasMotion"":true,""reliableFractionBits"":1057428587,""reset"":false,""vectorsSHA256"":""d25a99836273ea0743af4085c581ad6a8686930de7930c31b2dc4751ddf3138e"",""warpedLumaErrorBits"":1006014090}",1505,2,16588800,false
baseline,1,8294400,,"{""timescale"":24000,""value"":1001}",false,false,true,005b4fbe5a259b3440cdbacb4d77d7d1174f34b0c160e36ea1d31a6d1e17e58c,natural,true,true,"{""active"":323551232,""cache"":74761360,""peakActive"":398571792}",true,34,1056974459865208,1056974435478708,true,1,measured,0.0243865,1505,"{""timescale"":24000,""value"":1748507}",false,"{""confidenceSHA256"":""4884d6f9f54612fb41275b8e8d13cddd2192972bfafae0abaa4314560ed442e6"",""hasMotion"":true,""reliableFractionBits"":1054758990,""reset"":false,""vectorsSHA256"":""6535db30047013aff9361867183968d00e14f046061dc1e02eb431fc8c269d36"",""warpedLumaErrorBits"":1006712293}",1506,2,16588800,false
baseline,1,8294400,,"{""timescale"":24000,""value"":1001}",false,false,true,ae848c323367785c4afaf1dce9a980f379438c1285609a99009bbad4ea0dc89b,natural,true,true,"{""active"":323551232,""cache"":74761360,""peakActive"":398571792}",true,35,1056974521625375,1056974486536750,true,1,measured,0.035088625,1506,"{""timescale"":24000,""value"":1749508}",false,"{""confidenceSHA256"":""4a85e0bcb8f464c66c75cb11c1eec19ea4773c4d0c27fb17ca25c0938dce94de"",""hasMotion"":true,""reliableFractionBits"":1057566584,""reset"":false,""vectorsSHA256"":""95337bec55e8cd043e66cac3aa222461d766c6318d86d69f2b8bc74569569192"",""warpedLumaErrorBits"":1007816552}",1507,2,16588800,false
baseline,0,8294400,,"{""timescale"":24000,""value"":1001}",true,true,true,2067ac390b0ae7bb329aa2412208bdd5cd343cce076d9e653723773fae4aeb2f,natural,,false,"{""active"":323551232,""cache"":74761360,""peakActive"":398571792}",true,0,1056974572259833,1056974548616583,true,2,traversal-warmup,0.02364325,1507,"{""timescale"":24000,""value"":1738497}",true,"{""confidenceSHA256"":""788ae0147bdf979a6575938ca2d7d4403788588f7be2010f03776c968fd1ab49"",""hasMotion"":true,""reliableFractionBits"":0,""reset"":true,""vectorsSHA256"":""ca954688e08310567d16960ff74c9983fbd4bc77c918b924a37f77d810b0668c"",""warpedLumaErrorBits"":1049003833}",1496,0,16588800,true
baseline,0,8294400,,"{""timescale"":24000,""value"":1001}",true,true,true,26e222bb9f5e7471b646ea2c9aaa390c6d8295fff6a32776e1c662fe80b942af,natural,,false,"{""active"":323551232,""cache"":74761360,""peakActive"":398571792}",true,1,1056974628213041,1056974598398458,true,2,traversal-warmup,0.029814583,1496,"{""timescale"":24000,""value"":1739498}",false,"{""confidenceSHA256"":""ff24d7286b3978166808fccb18ded53d06f8a0687fe03a9af73eba1e698dc25c"",""hasMotion"":true,""reliableFractionBits"":1057945836,""reset"":false,""vectorsSHA256"":""b5af93cbe1cc5d1d7f6ad42630abe65e9ea2748429906730d52b29109c701e87"",""warpedLumaErrorBits"":996707947}",1497,0,16588800,false
baseline,0,8294400,,"{""timescale"":24000,""value"":1001}",true,false,true,e7e2b99a952b73cd3f5f6d84afa8bc6182ca7e151166c9c5dfaa1fbfc557d4b8,natural,,false,"{""active"":323551232,""cache"":74761360,""peakActive"":398571792}",true,2,1056974682567000,1056974654553250,true,2,traversal-warmup,0.02801375,1497,"{""timescale"":24000,""value"":1740499}",true,"{""confidenceSHA256"":""788ae0147bdf979a6575938ca2d7d4403788588f7be2010f03776c968fd1ab49"",""hasMotion"":true,""reliableFractionBits"":0,""reset"":true,""vectorsSHA256"":""1dd7f8a26e56dfba878da177773321a53dca3f2b9d00b46118d4425ec3093903"",""warpedLumaErrorBits"":1049357384}",1498,0,16588800,false
baseline,0,8294400,,"{""timescale"":24000,""value"":1001}",false,true,true,14bb670c4466232e6ab633a2a6fdefd4c99bace2d8b10f6043f30829c0354b17,natural,,true,"{""active"":323551232,""cache"":74761360,""peakActive"":398571792}",true,3,1056974742823041,1056974709443833,true,2,measured,0.033379208,1498,"{""timescale"":24000,""value"":1741500}",false,"{""confidenceSHA256"":""e4d7d9ae97135d7dc185243b19490a1f40bcca651cf2b759538db368bedc01b7"",""hasMotion"":true,""reliableFractionBits"":1058754825,""reset"":false,""vectorsSHA256"":""ee54d44ebac3dca564784630aa7e04eb0e50afdb17521dfa1b05c85b78882a48"",""warpedLumaErrorBits"":994358578}",1499,0,16588800,false
baseline,0,8294400,,"{""timescale"":24000,""value"":1001}",false,false,true,d0803a559d88c0bd6b54e5cfded20c04d64f959e3c5009ee65a67a705aa33ce3,natural,,true,"{""active"":323551232,""cache"":74761360,""peakActive"":398571792}",true,4,1056974799992833,1056974770672750,true,2,measured,0.029320083,1499,"{""timescale"":24000,""value"":1742501}",false,"{""confidenceSHA256"":""ff2eeb16566030b9dd06a8c01bbf967fa94070c40acdbbea6a0d2dc48c7167eb"",""hasMotion"":true,""reliableFractionBits"":1058843080,""reset"":false,""vectorsSHA256"":""26438fbe98f93bb7ea392c433b2bfd232c214d8aa921dac0b16df381e5575aa2"",""warpedLumaErrorBits"":993628541}",1500,0,16588800,false
baseline,0,8294400,,"{""timescale"":24000,""value"":1001}",false,false,true,4945f8e1ed2a6ce70e38e9f25e6ee38a7d2a8b0e0901cab474531c8113227e4e,natural,,true,"{""active"":323551232,""cache"":74761360,""peakActive"":398571792}",true,5,1056974852884708,1056974827308166,true,2,measured,0.025576542,1500,"{""timescale"":24000,""value"":1743502}",false,"{""confidenceSHA256"":""7e53933ec6ffad34b19572512b6e4dd79cdf79d53cce1b9679f28641c8345004"",""hasMotion"":true,""reliableFractionBits"":1059399821,""reset"":false,""vectorsSHA256"":""7978f43a3bced6a1c55c28e1bf996272c6bc5d5c543a9ffead43532ef8542ed8"",""warpedLumaErrorBits"":996278982}",1501,0,16588800,false
baseline,0,8294400,,"{""timescale"":24000,""value"":1001}",false,false,true,ad7ed19b2a9ce48b75220fac53032ab41cea9d4eddfe62f09bb1c86e063d6e46,natural,,true,"{""active"":323551232,""cache"":74761360,""peakActive"":398571792}",true,6,1056974914394291,1056974880785375,true,2,measured,0.033608916,1501,"{""timescale"":24000,""value"":1744503}",false,"{""confidenceSHA256"":""a1dc46082a3247c370a0bea80eac8a6a710ea1d6c4447263d927751d18344a45"",""hasMotion"":true,""reliableFractionBits"":1057767602,""reset"":false,""vectorsSHA256"":""e33097e78f0358cea2f0b6c880c8d7430606842815c4dde063dad6f92247d23d"",""warpedLumaErrorBits"":998857116}",1502,0,16588800,false
baseline,0,8294400,,"{""timescale"":24000,""value"":1001}",false,false,true,d0e5c2803d70ef53f24fac74b8d5709c4d6caeb53dcb90684c7e1275fa774a9b,natural,,true,"{""active"":323551232,""cache"":74761360,""peakActive"":398571792}",true,7,1056974966624916,1056974941557583,true,2,measured,0.025067333,1502,"{""timescale"":24000,""value"":1745504}",false,"{""confidenceSHA256"":""258955f94ba510e2de8a6b14dfe07f10e1b6ab8e7d73c54fe6bc36c37eaa3d6d"",""hasMotion"":true,""reliableFractionBits"":1057932308,""reset"":false,""vectorsSHA256"":""78c5f5048602e5bfe730d96301fea06c51773051ba1cc57f91269c205da7c095"",""warpedLumaErrorBits"":1003234174}",1503,0,16588800,false
baseline,0,8294400,,"{""timescale"":24000,""value"":1001}",false,false,true,d841adda17732722059f6de44301e74fecb55acc82790a6183686bebf268ffa9,natural,,true,"{""active"":323551232,""cache"":74761360,""peakActive"":398571792}",true,8,1056975024519250,1056974995351291,true,2,measured,0.029167959,1503,"{""timescale"":24000,""value"":1746505}",false,"{""confidenceSHA256"":""19e13139913e3ab371c6400a1c7c2c109d1d6fdfbe6cb24aaa64906f6d77c38d"",""hasMotion"":true,""reliableFractionBits"":1056893975,""reset"":false,""vectorsSHA256"":""24a3e209d060296693c3cbd16489d2a7e2d46cced3ec107c250b5b226a6785b8"",""warpedLumaErrorBits"":1006775909}",1504,0,16588800,false
baseline,0,8294400,,"{""timescale"":24000,""value"":1001}",false,false,true,5e9f8c578fbdaa9a79951a9a0b0db54ad2a6dc573f3248623711260204a2f518,natural,,true,"{""active"":323551232,""cache"":74761360,""peakActive"":398571792}",true,9,1056975077751625,1056975053095291,true,2,measured,0.024656334,1504,"{""timescale"":24000,""value"":1747506}",false,"{""confidenceSHA256"":""def4be0fb3fad44d0bba17f4ec87b34a29779692689a1e34b7c1d14c9890783d"",""hasMotion"":true,""reliableFractionBits"":1057428587,""reset"":false,""vectorsSHA256"":""d25a99836273ea0743af4085c581ad6a8686930de7930c31b2dc4751ddf3138e"",""warpedLumaErrorBits"":1006014090}",1505,0,16588800,false
baseline,0,8294400,,"{""timescale"":24000,""value"":1001}",false,false,true,005b4fbe5a259b3440cdbacb4d77d7d1174f34b0c160e36ea1d31a6d1e17e58c,natural,,true,"{""active"":323551232,""cache"":74761360,""peakActive"":398571792}",true,10,1056975132578500,1056975104812708,true,2,measured,0.027765792,1505,"{""timescale"":24000,""value"":1748507}",false,"{""confidenceSHA256"":""4884d6f9f54612fb41275b8e8d13cddd2192972bfafae0abaa4314560ed442e6"",""hasMotion"":true,""reliableFractionBits"":1054758990,""reset"":false,""vectorsSHA256"":""6535db30047013aff9361867183968d00e14f046061dc1e02eb431fc8c269d36"",""warpedLumaErrorBits"":1006712293}",1506,0,16588800,false
baseline,0,8294400,,"{""timescale"":24000,""value"":1001}",false,false,true,ae848c323367785c4afaf1dce9a980f379438c1285609a99009bbad4ea0dc89b,natural,,true,"{""active"":323551232,""cache"":74761360,""peakActive"":398571792}",true,11,1056975197960791,1056975161936916,true,2,measured,0.036023875,1506,"{""timescale"":24000,""value"":1749508}",false,"{""confidenceSHA256"":""4a85e0bcb8f464c66c75cb11c1eec19ea4773c4d0c27fb17ca25c0938dce94de"",""hasMotion"":true,""reliableFractionBits"":1057566584,""reset"":false,""vectorsSHA256"":""95337bec55e8cd043e66cac3aa222461d766c6318d86d69f2b8bc74569569192"",""warpedLumaErrorBits"":1007816552}",1507,0,16588800,false
baseline,0,8294400,,"{""timescale"":24000,""value"":1001}",true,true,true,2067ac390b0ae7bb329aa2412208bdd5cd343cce076d9e653723773fae4aeb2f,natural,,false,"{""active"":323551232,""cache"":74761360,""peakActive"":398571792}",true,12,1056975251154083,1056975226908708,true,2,traversal-warmup,0.024245375,1507,"{""timescale"":24000,""value"":1738497}",true,"{""confidenceSHA256"":""788ae0147bdf979a6575938ca2d7d4403788588f7be2010f03776c968fd1ab49"",""hasMotion"":true,""reliableFractionBits"":0,""reset"":true,""vectorsSHA256"":""ca954688e08310567d16960ff74c9983fbd4bc77c918b924a37f77d810b0668c"",""warpedLumaErrorBits"":1049003833}",1496,1,16588800,true
baseline,0,8294400,,"{""timescale"":24000,""value"":1001}",true,true,true,26e222bb9f5e7471b646ea2c9aaa390c6d8295fff6a32776e1c662fe80b942af,natural,,false,"{""active"":323551232,""cache"":74761360,""peakActive"":398571792}",true,13,1056975304519791,1056975279100083,true,2,traversal-warmup,0.025419708,1496,"{""timescale"":24000,""value"":1739498}",false,"{""confidenceSHA256"":""ff24d7286b3978166808fccb18ded53d06f8a0687fe03a9af73eba1e698dc25c"",""hasMotion"":true,""reliableFractionBits"":1057945836,""reset"":false,""vectorsSHA256"":""b5af93cbe1cc5d1d7f6ad42630abe65e9ea2748429906730d52b29109c701e87"",""warpedLumaErrorBits"":996707947}",1497,1,16588800,false
baseline,0,8294400,,"{""timescale"":24000,""value"":1001}",true,false,true,e7e2b99a952b73cd3f5f6d84afa8bc6182ca7e151166c9c5dfaa1fbfc557d4b8,natural,,false,"{""active"":323551232,""cache"":74761360,""peakActive"":398571792}",true,14,1056975366576208,1056975334833083,true,2,traversal-warmup,0.031743125,1497,"{""timescale"":24000,""value"":1740499}",true,"{""confidenceSHA256"":""788ae0147bdf979a6575938ca2d7d4403788588f7be2010f03776c968fd1ab49"",""hasMotion"":true,""reliableFractionBits"":0,""reset"":true,""vectorsSHA256"":""1dd7f8a26e56dfba878da177773321a53dca3f2b9d00b46118d4425ec3093903"",""warpedLumaErrorBits"":1049357384}",1498,1,16588800,false
baseline,0,8294400,,"{""timescale"":24000,""value"":1001}",false,true,true,14bb670c4466232e6ab633a2a6fdefd4c99bace2d8b10f6043f30829c0354b17,natural,,true,"{""active"":323551232,""cache"":74761360,""peakActive"":398571792}",true,15,1056975422560458,1056975398882916,true,2,measured,0.023677542,1498,"{""timescale"":24000,""value"":1741500}",false,"{""confidenceSHA256"":""e4d7d9ae97135d7dc185243b19490a1f40bcca651cf2b759538db368bedc01b7"",""hasMotion"":true,""reliableFractionBits"":1058754825,""reset"":false,""vectorsSHA256"":""ee54d44ebac3dca564784630aa7e04eb0e50afdb17521dfa1b05c85b78882a48"",""warpedLumaErrorBits"":994358578}",1499,1,16588800,false
baseline,0,8294400,,"{""timescale"":24000,""value"":1001}",false,false,true,d0803a559d88c0bd6b54e5cfded20c04d64f959e3c5009ee65a67a705aa33ce3,natural,,true,"{""active"":323551232,""cache"":74761360,""peakActive"":398571792}",true,16,1056975478095291,1056975450616500,true,2,measured,0.027478791,1499,"{""timescale"":24000,""value"":1742501}",false,"{""confidenceSHA256"":""ff2eeb16566030b9dd06a8c01bbf967fa94070c40acdbbea6a0d2dc48c7167eb"",""hasMotion"":true,""reliableFractionBits"":1058843080,""reset"":false,""vectorsSHA256"":""26438fbe98f93bb7ea392c433b2bfd232c214d8aa921dac0b16df381e5575aa2"",""warpedLumaErrorBits"":993628541}",1500,1,16588800,false
baseline,0,8294400,,"{""timescale"":24000,""value"":1001}",false,false,true,4945f8e1ed2a6ce70e38e9f25e6ee38a7d2a8b0e0901cab474531c8113227e4e,natural,,true,"{""active"":323551232,""cache"":74761360,""peakActive"":398571792}",true,17,1056975534510708,1056975506526666,true,2,measured,0.027984042,1500,"{""timescale"":24000,""value"":1743502}",false,"{""confidenceSHA256"":""7e53933ec6ffad34b19572512b6e4dd79cdf79d53cce1b9679f28641c8345004"",""hasMotion"":true,""reliableFractionBits"":1059399821,""reset"":false,""vectorsSHA256"":""7978f43a3bced6a1c55c28e1bf996272c6bc5d5c543a9ffead43532ef8542ed8"",""warpedLumaErrorBits"":996278982}",1501,1,16588800,false
baseline,0,8294400,,"{""timescale"":24000,""value"":1001}",false,false,true,ad7ed19b2a9ce48b75220fac53032ab41cea9d4eddfe62f09bb1c86e063d6e46,natural,,true,"{""active"":323551232,""cache"":74761360,""peakActive"":398571792}",true,18,1056975593769875,1056975562819041,true,2,measured,0.030950834,1501,"{""timescale"":24000,""value"":1744503}",false,"{""confidenceSHA256"":""a1dc46082a3247c370a0bea80eac8a6a710ea1d6c4447263d927751d18344a45"",""hasMotion"":true,""reliableFractionBits"":1057767602,""reset"":false,""vectorsSHA256"":""e33097e78f0358cea2f0b6c880c8d7430606842815c4dde063dad6f92247d23d"",""warpedLumaErrorBits"":998857116}",1502,1,16588800,false
baseline,0,8294400,,"{""timescale"":24000,""value"":1001}",false,false,true,d0e5c2803d70ef53f24fac74b8d5709c4d6caeb53dcb90684c7e1275fa774a9b,natural,,true,"{""active"":323551232,""cache"":74761360,""peakActive"":398571792}",true,19,1056975648961791,1056975622611666,true,2,measured,0.026350125,1502,"{""timescale"":24000,""value"":1745504}",false,"{""confidenceSHA256"":""258955f94ba510e2de8a6b14dfe07f10e1b6ab8e7d73c54fe6bc36c37eaa3d6d"",""hasMotion"":true,""reliableFractionBits"":1057932308,""reset"":false,""vectorsSHA256"":""78c5f5048602e5bfe730d96301fea06c51773051ba1cc57f91269c205da7c095"",""warpedLumaErrorBits"":1003234174}",1503,1,16588800,false
baseline,0,8294400,,"{""timescale"":24000,""value"":1001}",false,false,true,d841adda17732722059f6de44301e74fecb55acc82790a6183686bebf268ffa9,natural,,true,"{""active"":323551232,""cache"":74761360,""peakActive"":398571792}",true,20,1056975713686666,1056975678038125,true,2,measured,0.035648541,1503,"{""timescale"":24000,""value"":1746505}",false,"{""confidenceSHA256"":""19e13139913e3ab371c6400a1c7c2c109d1d6fdfbe6cb24aaa64906f6d77c38d"",""hasMotion"":true,""reliableFractionBits"":1056893975,""reset"":false,""vectorsSHA256"":""24a3e209d060296693c3cbd16489d2a7e2d46cced3ec107c250b5b226a6785b8"",""warpedLumaErrorBits"":1006775909}",1504,1,16588800,false
baseline,0,8294400,,"{""timescale"":24000,""value"":1001}",false,false,true,5e9f8c578fbdaa9a79951a9a0b0db54ad2a6dc573f3248623711260204a2f518,natural,,true,"{""active"":323551232,""cache"":74761360,""peakActive"":398571792}",true,21,1056975780873041,1056975744082791,true,2,measured,0.03679025,1504,"{""timescale"":24000,""value"":1747506}",false,"{""confidenceSHA256"":""def4be0fb3fad44d0bba17f4ec87b34a29779692689a1e34b7c1d14c9890783d"",""hasMotion"":true,""reliableFractionBits"":1057428587,""reset"":false,""vectorsSHA256"":""d25a99836273ea0743af4085c581ad6a8686930de7930c31b2dc4751ddf3138e"",""warpedLumaErrorBits"":1006014090}",1505,1,16588800,false
baseline,0,8294400,,"{""timescale"":24000,""value"":1001}",false,false,true,005b4fbe5a259b3440cdbacb4d77d7d1174f34b0c160e36ea1d31a6d1e17e58c,natural,,true,"{""active"":323551232,""cache"":74761360,""peakActive"":398571792}",true,22,1056975845097708,1056975813868166,true,2,measured,0.031229542,1505,"{""timescale"":24000,""value"":1748507}",false,"{""confidenceSHA256"":""4884d6f9f54612fb41275b8e8d13cddd2192972bfafae0abaa4314560ed442e6"",""hasMotion"":true,""reliableFractionBits"":1054758990,""reset"":false,""vectorsSHA256"":""6535db30047013aff9361867183968d00e14f046061dc1e02eb431fc8c269d36"",""warpedLumaErrorBits"":1006712293}",1506,1,16588800,false
baseline,0,8294400,,"{""timescale"":24000,""value"":1001}",false,false,true,ae848c323367785c4afaf1dce9a980f379438c1285609a99009bbad4ea0dc89b,natural,,true,"{""active"":323551232,""cache"":74761360,""peakActive"":398571792}",true,23,1056975902550208,1056975876875625,true,2,measured,0.025674583,1506,"{""timescale"":24000,""value"":1749508}",false,"{""confidenceSHA256"":""4a85e0bcb8f464c66c75cb11c1eec19ea4773c4d0c27fb17ca25c0938dce94de"",""hasMotion"":true,""reliableFractionBits"":1057566584,""reset"":false,""vectorsSHA256"":""95337bec55e8cd043e66cac3aa222461d766c6318d86d69f2b8bc74569569192"",""warpedLumaErrorBits"":1007816552}",1507,1,16588800,false
baseline,0,8294400,,"{""timescale"":24000,""value"":1001}",true,true,true,2067ac390b0ae7bb329aa2412208bdd5cd343cce076d9e653723773fae4aeb2f,natural,,false,"{""active"":323551232,""cache"":74761360,""peakActive"":398571792}",true,24,1056975959049458,1056975930163000,true,2,traversal-warmup,0.028886458,1507,"{""timescale"":24000,""value"":1738497}",true,"{""confidenceSHA256"":""788ae0147bdf979a6575938ca2d7d4403788588f7be2010f03776c968fd1ab49"",""hasMotion"":true,""reliableFractionBits"":0,""reset"":true,""vectorsSHA256"":""ca954688e08310567d16960ff74c9983fbd4bc77c918b924a37f77d810b0668c"",""warpedLumaErrorBits"":1049003833}",1496,2,16588800,true
baseline,0,8294400,,"{""timescale"":24000,""value"":1001}",true,true,true,26e222bb9f5e7471b646ea2c9aaa390c6d8295fff6a32776e1c662fe80b942af,natural,,false,"{""active"":323551232,""cache"":74761360,""peakActive"":398571792}",true,25,1056976021695125,1056975987390125,true,2,traversal-warmup,0.034305,1496,"{""timescale"":24000,""value"":1739498}",false,"{""confidenceSHA256"":""ff24d7286b3978166808fccb18ded53d06f8a0687fe03a9af73eba1e698dc25c"",""hasMotion"":true,""reliableFractionBits"":1057945836,""reset"":false,""vectorsSHA256"":""b5af93cbe1cc5d1d7f6ad42630abe65e9ea2748429906730d52b29109c701e87"",""warpedLumaErrorBits"":996707947}",1497,2,16588800,false
baseline,0,8294400,,"{""timescale"":24000,""value"":1001}",true,false,true,e7e2b99a952b73cd3f5f6d84afa8bc6182ca7e151166c9c5dfaa1fbfc557d4b8,natural,,false,"{""active"":323551232,""cache"":74761360,""peakActive"":398571792}",true,26,1056976075653666,1056976049795458,true,2,traversal-warmup,0.025858208,1497,"{""timescale"":24000,""value"":1740499}",true,"{""confidenceSHA256"":""788ae0147bdf979a6575938ca2d7d4403788588f7be2010f03776c968fd1ab49"",""hasMotion"":true,""reliableFractionBits"":0,""reset"":true,""vectorsSHA256"":""1dd7f8a26e56dfba878da177773321a53dca3f2b9d00b46118d4425ec3093903"",""warpedLumaErrorBits"":1049357384}",1498,2,16588800,false
baseline,0,8294400,,"{""timescale"":24000,""value"":1001}",false,true,true,14bb670c4466232e6ab633a2a6fdefd4c99bace2d8b10f6043f30829c0354b17,natural,,true,"{""active"":323551232,""cache"":74761360,""peakActive"":398571792}",true,27,1056976138603416,1056976104692166,true,2,measured,0.03391125,1498,"{""timescale"":24000,""value"":1741500}",false,"{""confidenceSHA256"":""e4d7d9ae97135d7dc185243b19490a1f40bcca651cf2b759538db368bedc01b7"",""hasMotion"":true,""reliableFractionBits"":1058754825,""reset"":false,""vectorsSHA256"":""ee54d44ebac3dca564784630aa7e04eb0e50afdb17521dfa1b05c85b78882a48"",""warpedLumaErrorBits"":994358578}",1499,2,16588800,false
baseline,0,8294400,,"{""timescale"":24000,""value"":1001}",false,false,true,d0803a559d88c0bd6b54e5cfded20c04d64f959e3c5009ee65a67a705aa33ce3,natural,,true,"{""active"":323551232,""cache"":74761360,""peakActive"":398571792}",true,28,1056976190586125,1056976167229791,true,2,measured,0.023356334,1499,"{""timescale"":24000,""value"":1742501}",false,"{""confidenceSHA256"":""ff2eeb16566030b9dd06a8c01bbf967fa94070c40acdbbea6a0d2dc48c7167eb"",""hasMotion"":true,""reliableFractionBits"":1058843080,""reset"":false,""vectorsSHA256"":""26438fbe98f93bb7ea392c433b2bfd232c214d8aa921dac0b16df381e5575aa2"",""warpedLumaErrorBits"":993628541}",1500,2,16588800,false
baseline,0,8294400,,"{""timescale"":24000,""value"":1001}",false,false,true,4945f8e1ed2a6ce70e38e9f25e6ee38a7d2a8b0e0901cab474531c8113227e4e,natural,,true,"{""active"":323551232,""cache"":74761360,""peakActive"":398571792}",true,29,1056976247331375,1056976218132125,true,2,measured,0.02919925,1500,"{""timescale"":24000,""value"":1743502}",false,"{""confidenceSHA256"":""7e53933ec6ffad34b19572512b6e4dd79cdf79d53cce1b9679f28641c8345004"",""hasMotion"":true,""reliableFractionBits"":1059399821,""reset"":false,""vectorsSHA256"":""7978f43a3bced6a1c55c28e1bf996272c6bc5d5c543a9ffead43532ef8542ed8"",""warpedLumaErrorBits"":996278982}",1501,2,16588800,false
baseline,0,8294400,,"{""timescale"":24000,""value"":1001}",false,false,true,ad7ed19b2a9ce48b75220fac53032ab41cea9d4eddfe62f09bb1c86e063d6e46,natural,,true,"{""active"":323551232,""cache"":74761360,""peakActive"":398571792}",true,30,1056976303108250,1056976275962583,true,2,measured,0.027145667,1501,"{""timescale"":24000,""value"":1744503}",false,"{""confidenceSHA256"":""a1dc46082a3247c370a0bea80eac8a6a710ea1d6c4447263d927751d18344a45"",""hasMotion"":true,""reliableFractionBits"":1057767602,""reset"":false,""vectorsSHA256"":""e33097e78f0358cea2f0b6c880c8d7430606842815c4dde063dad6f92247d23d"",""warpedLumaErrorBits"":998857116}",1502,2,16588800,false
baseline,0,8294400,,"{""timescale"":24000,""value"":1001}",false,false,true,d0e5c2803d70ef53f24fac74b8d5709c4d6caeb53dcb90684c7e1275fa774a9b,natural,,true,"{""active"":323551232,""cache"":74761360,""peakActive"":398571792}",true,31,1056976357447541,1056976331061458,true,2,measured,0.026386083,1502,"{""timescale"":24000,""value"":1745504}",false,"{""confidenceSHA256"":""258955f94ba510e2de8a6b14dfe07f10e1b6ab8e7d73c54fe6bc36c37eaa3d6d"",""hasMotion"":true,""reliableFractionBits"":1057932308,""reset"":false,""vectorsSHA256"":""78c5f5048602e5bfe730d96301fea06c51773051ba1cc57f91269c205da7c095"",""warpedLumaErrorBits"":1003234174}",1503,2,16588800,false
baseline,0,8294400,,"{""timescale"":24000,""value"":1001}",false,false,true,d841adda17732722059f6de44301e74fecb55acc82790a6183686bebf268ffa9,natural,,true,"{""active"":323551232,""cache"":74761360,""peakActive"":398571792}",true,32,1056976421188000,1056976387133583,true,2,measured,0.034054417,1503,"{""timescale"":24000,""value"":1746505}",false,"{""confidenceSHA256"":""19e13139913e3ab371c6400a1c7c2c109d1d6fdfbe6cb24aaa64906f6d77c38d"",""hasMotion"":true,""reliableFractionBits"":1056893975,""reset"":false,""vectorsSHA256"":""24a3e209d060296693c3cbd16489d2a7e2d46cced3ec107c250b5b226a6785b8"",""warpedLumaErrorBits"":1006775909}",1504,2,16588800,false
baseline,0,8294400,,"{""timescale"":24000,""value"":1001}",false,false,true,5e9f8c578fbdaa9a79951a9a0b0db54ad2a6dc573f3248623711260204a2f518,natural,,true,"{""active"":323551232,""cache"":74761360,""peakActive"":398571792}",true,33,1056976484205958,1056976450065500,true,2,measured,0.034140458,1504,"{""timescale"":24000,""value"":1747506}",false,"{""confidenceSHA256"":""def4be0fb3fad44d0bba17f4ec87b34a29779692689a1e34b7c1d14c9890783d"",""hasMotion"":true,""reliableFractionBits"":1057428587,""reset"":false,""vectorsSHA256"":""d25a99836273ea0743af4085c581ad6a8686930de7930c31b2dc4751ddf3138e"",""warpedLumaErrorBits"":1006014090}",1505,2,16588800,false
baseline,0,8294400,,"{""timescale"":24000,""value"":1001}",false,false,true,005b4fbe5a259b3440cdbacb4d77d7d1174f34b0c160e36ea1d31a6d1e17e58c,natural,,true,"{""active"":323551232,""cache"":74761360,""peakActive"":398571792}",true,34,1056976538856583,1056976513335500,true,2,measured,0.025521083,1505,"{""timescale"":24000,""value"":1748507}",false,"{""confidenceSHA256"":""4884d6f9f54612fb41275b8e8d13cddd2192972bfafae0abaa4314560ed442e6"",""hasMotion"":true,""reliableFractionBits"":1054758990,""reset"":false,""vectorsSHA256"":""6535db30047013aff9361867183968d00e14f046061dc1e02eb431fc8c269d36"",""warpedLumaErrorBits"":1006712293}",1506,2,16588800,false
baseline,0,8294400,,"{""timescale"":24000,""value"":1001}",false,false,true,ae848c323367785c4afaf1dce9a980f379438c1285609a99009bbad4ea0dc89b,natural,,true,"{""active"":323551232,""cache"":74761360,""peakActive"":398571792}",true,35,1056976598298208,1056976566900208,true,2,measured,0.031398,1506,"{""timescale"":24000,""value"":1749508}",false,"{""confidenceSHA256"":""4a85e0bcb8f464c66c75cb11c1eec19ea4773c4d0c27fb17ca25c0938dce94de"",""hasMotion"":true,""reliableFractionBits"":1057566584,""reset"":false,""vectorsSHA256"":""95337bec55e8cd043e66cac3aa222461d766c6318d86d69f2b8bc74569569192"",""warpedLumaErrorBits"":1007816552}",1507,2,16588800,false
candidate,1,8294400,,"{""timescale"":24000,""value"":1001}",true,true,true,2067ac390b0ae7bb329aa2412208bdd5cd343cce076d9e653723773fae4aeb2f,natural,true,false,"{""active"":323551232,""cache"":74761360,""peakActive"":398571792}",true,0,1056976648042958,1056976627190916,true,2,traversal-warmup,0.020852042,1507,"{""timescale"":24000,""value"":1738497}",true,"{""confidenceSHA256"":""788ae0147bdf979a6575938ca2d7d4403788588f7be2010f03776c968fd1ab49"",""hasMotion"":true,""reliableFractionBits"":0,""reset"":true,""vectorsSHA256"":""ca954688e08310567d16960ff74c9983fbd4bc77c918b924a37f77d810b0668c"",""warpedLumaErrorBits"":1049003833}",1496,0,16588800,true
candidate,1,8294400,,"{""timescale"":24000,""value"":1001}",true,true,true,26e222bb9f5e7471b646ea2c9aaa390c6d8295fff6a32776e1c662fe80b942af,natural,true,false,"{""active"":323551232,""cache"":74761360,""peakActive"":398571792}",true,1,1056976701445750,1056976676313125,true,2,traversal-warmup,0.025132625,1496,"{""timescale"":24000,""value"":1739498}",false,"{""confidenceSHA256"":""ff24d7286b3978166808fccb18ded53d06f8a0687fe03a9af73eba1e698dc25c"",""hasMotion"":true,""reliableFractionBits"":1057945836,""reset"":false,""vectorsSHA256"":""b5af93cbe1cc5d1d7f6ad42630abe65e9ea2748429906730d52b29109c701e87"",""warpedLumaErrorBits"":996707947}",1497,0,16588800,false
candidate,1,8294400,true,"{""timescale"":24000,""value"":1001}",true,false,true,e7e2b99a952b73cd3f5f6d84afa8bc6182ca7e151166c9c5dfaa1fbfc557d4b8,natural,true,false,"{""active"":323551232,""cache"":74761360,""peakActive"":398571792}",true,2,1056976759347416,1056976730990833,true,2,traversal-warmup,0.028356583,1497,"{""timescale"":24000,""value"":1740499}",true,"{""confidenceSHA256"":""788ae0147bdf979a6575938ca2d7d4403788588f7be2010f03776c968fd1ab49"",""hasMotion"":true,""reliableFractionBits"":0,""reset"":true,""vectorsSHA256"":""1dd7f8a26e56dfba878da177773321a53dca3f2b9d00b46118d4425ec3093903"",""warpedLumaErrorBits"":1049357384}",1498,0,16588800,false
candidate,1,8294400,true,"{""timescale"":24000,""value"":1001}",false,true,true,14bb670c4466232e6ab633a2a6fdefd4c99bace2d8b10f6043f30829c0354b17,natural,true,true,"{""active"":323551232,""cache"":74761360,""peakActive"":398571792}",true,3,1056976824005000,1056976792912625,true,2,measured,0.031092375,1498,"{""timescale"":24000,""value"":1741500}",false,"{""confidenceSHA256"":""e4d7d9ae97135d7dc185243b19490a1f40bcca651cf2b759538db368bedc01b7"",""hasMotion"":true,""reliableFractionBits"":1058754825,""reset"":false,""vectorsSHA256"":""ee54d44ebac3dca564784630aa7e04eb0e50afdb17521dfa1b05c85b78882a48"",""warpedLumaErrorBits"":994358578}",1499,0,16588800,false
candidate,1,8294400,,"{""timescale"":24000,""value"":1001}",false,false,true,d0803a559d88c0bd6b54e5cfded20c04d64f959e3c5009ee65a67a705aa33ce3,natural,true,true,"{""active"":323551232,""cache"":74761360,""peakActive"":398571792}",true,4,1056976878715791,1056976855010083,true,2,measured,0.023705708,1499,"{""timescale"":24000,""value"":1742501}",false,"{""confidenceSHA256"":""ff2eeb16566030b9dd06a8c01bbf967fa94070c40acdbbea6a0d2dc48c7167eb"",""hasMotion"":true,""reliableFractionBits"":1058843080,""reset"":false,""vectorsSHA256"":""26438fbe98f93bb7ea392c433b2bfd232c214d8aa921dac0b16df381e5575aa2"",""warpedLumaErrorBits"":993628541}",1500,0,16588800,false
candidate,1,8294400,,"{""timescale"":24000,""value"":1001}",false,false,true,4945f8e1ed2a6ce70e38e9f25e6ee38a7d2a8b0e0901cab474531c8113227e4e,natural,true,true,"{""active"":323551232,""cache"":74761360,""peakActive"":398571792}",true,5,1056976940519416,1056976907662625,true,2,measured,0.032856791,1500,"{""timescale"":24000,""value"":1743502}",false,"{""confidenceSHA256"":""7e53933ec6ffad34b19572512b6e4dd79cdf79d53cce1b9679f28641c8345004"",""hasMotion"":true,""reliableFractionBits"":1059399821,""reset"":false,""vectorsSHA256"":""7978f43a3bced6a1c55c28e1bf996272c6bc5d5c543a9ffead43532ef8542ed8"",""warpedLumaErrorBits"":996278982}",1501,0,16588800,false
candidate,1,8294400,,"{""timescale"":24000,""value"":1001}",false,false,true,ad7ed19b2a9ce48b75220fac53032ab41cea9d4eddfe62f09bb1c86e063d6e46,natural,true,true,"{""active"":323551232,""cache"":74761360,""peakActive"":398571792}",true,6,1056977002610958,1056976970244583,true,2,measured,0.032366375,1501,"{""timescale"":24000,""value"":1744503}",false,"{""confidenceSHA256"":""a1dc46082a3247c370a0bea80eac8a6a710ea1d6c4447263d927751d18344a45"",""hasMotion"":true,""reliableFractionBits"":1057767602,""reset"":false,""vectorsSHA256"":""e33097e78f0358cea2f0b6c880c8d7430606842815c4dde063dad6f92247d23d"",""warpedLumaErrorBits"":998857116}",1502,0,16588800,false
candidate,1,8294400,,"{""timescale"":24000,""value"":1001}",false,false,true,d0e5c2803d70ef53f24fac74b8d5709c4d6caeb53dcb90684c7e1275fa774a9b,natural,true,true,"{""active"":323551232,""cache"":74761360,""peakActive"":398571792}",true,7,1056977063837291,1056977032791833,true,2,measured,0.031045458,1502,"{""timescale"":24000,""value"":1745504}",false,"{""confidenceSHA256"":""258955f94ba510e2de8a6b14dfe07f10e1b6ab8e7d73c54fe6bc36c37eaa3d6d"",""hasMotion"":true,""reliableFractionBits"":1057932308,""reset"":false,""vectorsSHA256"":""78c5f5048602e5bfe730d96301fea06c51773051ba1cc57f91269c205da7c095"",""warpedLumaErrorBits"":1003234174}",1503,0,16588800,false
candidate,1,8294400,,"{""timescale"":24000,""value"":1001}",false,false,true,d841adda17732722059f6de44301e74fecb55acc82790a6183686bebf268ffa9,natural,true,true,"{""active"":323551232,""cache"":74761360,""peakActive"":398571792}",true,8,1056977125926000,1056977093525875,true,2,measured,0.032400125,1503,"{""timescale"":24000,""value"":1746505}",false,"{""confidenceSHA256"":""19e13139913e3ab371c6400a1c7c2c109d1d6fdfbe6cb24aaa64906f6d77c38d"",""hasMotion"":true,""reliableFractionBits"":1056893975,""reset"":false,""vectorsSHA256"":""24a3e209d060296693c3cbd16489d2a7e2d46cced3ec107c250b5b226a6785b8"",""warpedLumaErrorBits"":1006775909}",1504,0,16588800,false
candidate,1,8294400,,"{""timescale"":24000,""value"":1001}",false,false,true,5e9f8c578fbdaa9a79951a9a0b0db54ad2a6dc573f3248623711260204a2f518,natural,true,true,"{""active"":323551232,""cache"":74761360,""peakActive"":398571792}",true,9,1056977179204833,1056977156335666,true,2,measured,0.022869167,1504,"{""timescale"":24000,""value"":1747506}",false,"{""confidenceSHA256"":""def4be0fb3fad44d0bba17f4ec87b34a29779692689a1e34b7c1d14c9890783d"",""hasMotion"":true,""reliableFractionBits"":1057428587,""reset"":false,""vectorsSHA256"":""d25a99836273ea0743af4085c581ad6a8686930de7930c31b2dc4751ddf3138e"",""warpedLumaErrorBits"":1006014090}",1505,0,16588800,false
candidate,1,8294400,,"{""timescale"":24000,""value"":1001}",false,false,true,005b4fbe5a259b3440cdbacb4d77d7d1174f34b0c160e36ea1d31a6d1e17e58c,natural,true,true,"{""active"":323551232,""cache"":74761360,""peakActive"":398571792}",true,10,1056977233561041,1056977208300708,true,2,measured,0.025260333,1505,"{""timescale"":24000,""value"":1748507}",false,"{""confidenceSHA256"":""4884d6f9f54612fb41275b8e8d13cddd2192972bfafae0abaa4314560ed442e6"",""hasMotion"":true,""reliableFractionBits"":1054758990,""reset"":false,""vectorsSHA256"":""6535db30047013aff9361867183968d00e14f046061dc1e02eb431fc8c269d36"",""warpedLumaErrorBits"":1006712293}",1506,0,16588800,false
candidate,1,8294400,,"{""timescale"":24000,""value"":1001}",false,false,true,ae848c323367785c4afaf1dce9a980f379438c1285609a99009bbad4ea0dc89b,natural,true,true,"{""active"":323551232,""cache"":74761360,""peakActive"":398571792}",true,11,1056977295276708,1056977263136833,true,2,measured,0.032139875,1506,"{""timescale"":24000,""value"":1749508}",false,"{""confidenceSHA256"":""4a85e0bcb8f464c66c75cb11c1eec19ea4773c4d0c27fb17ca25c0938dce94de"",""hasMotion"":true,""reliableFractionBits"":1057566584,""reset"":false,""vectorsSHA256"":""95337bec55e8cd043e66cac3aa222461d766c6318d86d69f2b8bc74569569192"",""warpedLumaErrorBits"":1007816552}",1507,0,16588800,false
candidate,1,8294400,,"{""timescale"":24000,""value"":1001}",true,true,true,2067ac390b0ae7bb329aa2412208bdd5cd343cce076d9e653723773fae4aeb2f,natural,true,false,"{""active"":323551232,""cache"":74761360,""peakActive"":398571792}",true,12,1056977353287291,1056977327318083,true,2,traversal-warmup,0.025969208,1507,"{""timescale"":24000,""value"":1738497}",true,"{""confidenceSHA256"":""788ae0147bdf979a6575938ca2d7d4403788588f7be2010f03776c968fd1ab49"",""hasMotion"":true,""reliableFractionBits"":0,""reset"":true,""vectorsSHA256"":""ca954688e08310567d16960ff74c9983fbd4bc77c918b924a37f77d810b0668c"",""warpedLumaErrorBits"":1049003833}",1496,1,16588800,true
candidate,1,8294400,,"{""timescale"":24000,""value"":1001}",true,true,true,26e222bb9f5e7471b646ea2c9aaa390c6d8295fff6a32776e1c662fe80b942af,natural,true,false,"{""active"":323551232,""cache"":74761360,""peakActive"":398571792}",true,13,1056977423247791,1056977384832208,true,2,traversal-warmup,0.038415583,1496,"{""timescale"":24000,""value"":1739498}",false,"{""confidenceSHA256"":""ff24d7286b3978166808fccb18ded53d06f8a0687fe03a9af73eba1e698dc25c"",""hasMotion"":true,""reliableFractionBits"":1057945836,""reset"":false,""vectorsSHA256"":""b5af93cbe1cc5d1d7f6ad42630abe65e9ea2748429906730d52b29109c701e87"",""warpedLumaErrorBits"":996707947}",1497,1,16588800,false
candidate,1,8294400,true,"{""timescale"":24000,""value"":1001}",true,false,true,e7e2b99a952b73cd3f5f6d84afa8bc6182ca7e151166c9c5dfaa1fbfc557d4b8,natural,true,false,"{""active"":323551232,""cache"":74761360,""peakActive"":398571792}",true,14,1056977475459166,1056977453208208,true,2,traversal-warmup,0.022250958,1497,"{""timescale"":24000,""value"":1740499}",true,"{""confidenceSHA256"":""788ae0147bdf979a6575938ca2d7d4403788588f7be2010f03776c968fd1ab49"",""hasMotion"":true,""reliableFractionBits"":0,""reset"":true,""vectorsSHA256"":""1dd7f8a26e56dfba878da177773321a53dca3f2b9d00b46118d4425ec3093903"",""warpedLumaErrorBits"":1049357384}",1498,1,16588800,false
candidate,1,8294400,true,"{""timescale"":24000,""value"":1001}",false,true,true,14bb670c4466232e6ab633a2a6fdefd4c99bace2d8b10f6043f30829c0354b17,natural,true,true,"{""active"":323551232,""cache"":74761360,""peakActive"":398571792}",true,15,1056977535876625,1056977508696291,true,2,measured,0.027180334,1498,"{""timescale"":24000,""value"":1741500}",false,"{""confidenceSHA256"":""e4d7d9ae97135d7dc185243b19490a1f40bcca651cf2b759538db368bedc01b7"",""hasMotion"":true,""reliableFractionBits"":1058754825,""reset"":false,""vectorsSHA256"":""ee54d44ebac3dca564784630aa7e04eb0e50afdb17521dfa1b05c85b78882a48"",""warpedLumaErrorBits"":994358578}",1499,1,16588800,false
candidate,1,8294400,,"{""timescale"":24000,""value"":1001}",false,false,true,d0803a559d88c0bd6b54e5cfded20c04d64f959e3c5009ee65a67a705aa33ce3,natural,true,true,"{""active"":323551232,""cache"":74761360,""peakActive"":398571792}",true,16,1056977603491000,1056977570163750,true,2,measured,0.03332725,1499,"{""timescale"":24000,""value"":1742501}",false,"{""confidenceSHA256"":""ff2eeb16566030b9dd06a8c01bbf967fa94070c40acdbbea6a0d2dc48c7167eb"",""hasMotion"":true,""reliableFractionBits"":1058843080,""reset"":false,""vectorsSHA256"":""26438fbe98f93bb7ea392c433b2bfd232c214d8aa921dac0b16df381e5575aa2"",""warpedLumaErrorBits"":993628541}",1500,1,16588800,false
candidate,1,8294400,,"{""timescale"":24000,""value"":1001}",false,false,true,4945f8e1ed2a6ce70e38e9f25e6ee38a7d2a8b0e0901cab474531c8113227e4e,natural,true,true,"{""active"":323551232,""cache"":74761360,""peakActive"":398571792}",true,17,1056977672178500,1056977640398666,true,2,measured,0.031779834,1500,"{""timescale"":24000,""value"":1743502}",false,"{""confidenceSHA256"":""7e53933ec6ffad34b19572512b6e4dd79cdf79d53cce1b9679f28641c8345004"",""hasMotion"":true,""reliableFractionBits"":1059399821,""reset"":false,""vectorsSHA256"":""7978f43a3bced6a1c55c28e1bf996272c6bc5d5c543a9ffead43532ef8542ed8"",""warpedLumaErrorBits"":996278982}",1501,1,16588800,false
candidate,1,8294400,,"{""timescale"":24000,""value"":1001}",false,false,true,ad7ed19b2a9ce48b75220fac53032ab41cea9d4eddfe62f09bb1c86e063d6e46,natural,true,true,"{""active"":323551232,""cache"":74761360,""peakActive"":398571792}",true,18,1056977740383958,1056977702782375,true,2,measured,0.037601583,1501,"{""timescale"":24000,""value"":1744503}",false,"{""confidenceSHA256"":""a1dc46082a3247c370a0bea80eac8a6a710ea1d6c4447263d927751d18344a45"",""hasMotion"":true,""reliableFractionBits"":1057767602,""reset"":false,""vectorsSHA256"":""e33097e78f0358cea2f0b6c880c8d7430606842815c4dde063dad6f92247d23d"",""warpedLumaErrorBits"":998857116}",1502,1,16588800,false
candidate,1,8294400,,"{""timescale"":24000,""value"":1001}",false,false,true,d0e5c2803d70ef53f24fac74b8d5709c4d6caeb53dcb90684c7e1275fa774a9b,natural,true,true,"{""active"":323551232,""cache"":74761360,""peakActive"":398571792}",true,19,1056977814585166,1056977777766541,true,2,measured,0.036818625,1502,"{""timescale"":24000,""value"":1745504}",false,"{""confidenceSHA256"":""258955f94ba510e2de8a6b14dfe07f10e1b6ab8e7d73c54fe6bc36c37eaa3d6d"",""hasMotion"":true,""reliableFractionBits"":1057932308,""reset"":false,""vectorsSHA256"":""78c5f5048602e5bfe730d96301fea06c51773051ba1cc57f91269c205da7c095"",""warpedLumaErrorBits"":1003234174}",1503,1,16588800,false
candidate,1,8294400,,"{""timescale"":24000,""value"":1001}",false,false,true,d841adda17732722059f6de44301e74fecb55acc82790a6183686bebf268ffa9,natural,true,true,"{""active"":323551232,""cache"":74761360,""peakActive"":398571792}",true,20,1056977878050208,1056977847976208,true,2,measured,0.030074,1503,"{""timescale"":24000,""value"":1746505}",false,"{""confidenceSHA256"":""19e13139913e3ab371c6400a1c7c2c109d1d6fdfbe6cb24aaa64906f6d77c38d"",""hasMotion"":true,""reliableFractionBits"":1056893975,""reset"":false,""vectorsSHA256"":""24a3e209d060296693c3cbd16489d2a7e2d46cced3ec107c250b5b226a6785b8"",""warpedLumaErrorBits"":1006775909}",1504,1,16588800,false
candidate,1,8294400,,"{""timescale"":24000,""value"":1001}",false,false,true,5e9f8c578fbdaa9a79951a9a0b0db54ad2a6dc573f3248623711260204a2f518,natural,true,true,"{""active"":323551232,""cache"":74761360,""peakActive"":398571792}",true,21,1056977942928958,1056977911179750,true,2,measured,0.031749208,1504,"{""timescale"":24000,""value"":1747506}",false,"{""confidenceSHA256"":""def4be0fb3fad44d0bba17f4ec87b34a29779692689a1e34b7c1d14c9890783d"",""hasMotion"":true,""reliableFractionBits"":1057428587,""reset"":false,""vectorsSHA256"":""d25a99836273ea0743af4085c581ad6a8686930de7930c31b2dc4751ddf3138e"",""warpedLumaErrorBits"":1006014090}",1505,1,16588800,false
candidate,1,8294400,,"{""timescale"":24000,""value"":1001}",false,false,true,005b4fbe5a259b3440cdbacb4d77d7d1174f34b0c160e36ea1d31a6d1e17e58c,natural,true,true,"{""active"":323551232,""cache"":74761360,""peakActive"":398571792}",true,22,1056978010507375,1056977976985375,true,2,measured,0.033522,1505,"{""timescale"":24000,""value"":1748507}",false,"{""confidenceSHA256"":""4884d6f9f54612fb41275b8e8d13cddd2192972bfafae0abaa4314560ed442e6"",""hasMotion"":true,""reliableFractionBits"":1054758990,""reset"":false,""vectorsSHA256"":""6535db30047013aff9361867183968d00e14f046061dc1e02eb431fc8c269d36"",""warpedLumaErrorBits"":1006712293}",1506,1,16588800,false
candidate,1,8294400,,"{""timescale"":24000,""value"":1001}",false,false,true,ae848c323367785c4afaf1dce9a980f379438c1285609a99009bbad4ea0dc89b,natural,true,true,"{""active"":323551232,""cache"":74761360,""peakActive"":398571792}",true,23,1056978078137791,1056978043593458,true,2,measured,0.034544333,1506,"{""timescale"":24000,""value"":1749508}",false,"{""confidenceSHA256"":""4a85e0bcb8f464c66c75cb11c1eec19ea4773c4d0c27fb17ca25c0938dce94de"",""hasMotion"":true,""reliableFractionBits"":1057566584,""reset"":false,""vectorsSHA256"":""95337bec55e8cd043e66cac3aa222461d766c6318d86d69f2b8bc74569569192"",""warpedLumaErrorBits"":1007816552}",1507,1,16588800,false
candidate,1,8294400,,"{""timescale"":24000,""value"":1001}",true,true,true,2067ac390b0ae7bb329aa2412208bdd5cd343cce076d9e653723773fae4aeb2f,natural,true,false,"{""active"":323551232,""cache"":74761360,""peakActive"":398571792}",true,24,1056978146781250,1056978111661083,true,2,traversal-warmup,0.035120167,1507,"{""timescale"":24000,""value"":1738497}",true,"{""confidenceSHA256"":""788ae0147bdf979a6575938ca2d7d4403788588f7be2010f03776c968fd1ab49"",""hasMotion"":true,""reliableFractionBits"":0,""reset"":true,""vectorsSHA256"":""ca954688e08310567d16960ff74c9983fbd4bc77c918b924a37f77d810b0668c"",""warpedLumaErrorBits"":1049003833}",1496,2,16588800,true
candidate,1,8294400,,"{""timescale"":24000,""value"":1001}",true,true,true,26e222bb9f5e7471b646ea2c9aaa390c6d8295fff6a32776e1c662fe80b942af,natural,true,false,"{""active"":323551232,""cache"":74761360,""peakActive"":398571792}",true,25,1056978249680500,1056978219003166,true,2,traversal-warmup,0.030677334,1496,"{""timescale"":24000,""value"":1739498}",false,"{""confidenceSHA256"":""ff24d7286b3978166808fccb18ded53d06f8a0687fe03a9af73eba1e698dc25c"",""hasMotion"":true,""reliableFractionBits"":1057945836,""reset"":false,""vectorsSHA256"":""b5af93cbe1cc5d1d7f6ad42630abe65e9ea2748429906730d52b29109c701e87"",""warpedLumaErrorBits"":996707947}",1497,2,16588800,false
candidate,1,8294400,true,"{""timescale"":24000,""value"":1001}",true,false,true,e7e2b99a952b73cd3f5f6d84afa8bc6182ca7e151166c9c5dfaa1fbfc557d4b8,natural,true,false,"{""active"":323551232,""cache"":74761360,""peakActive"":398571792}",true,26,1056978318383875,1056978282529541,true,2,traversal-warmup,0.035854334,1497,"{""timescale"":24000,""value"":1740499}",true,"{""confidenceSHA256"":""788ae0147bdf979a6575938ca2d7d4403788588f7be2010f03776c968fd1ab49"",""hasMotion"":true,""reliableFractionBits"":0,""reset"":true,""vectorsSHA256"":""1dd7f8a26e56dfba878da177773321a53dca3f2b9d00b46118d4425ec3093903"",""warpedLumaErrorBits"":1049357384}",1498,2,16588800,false
candidate,1,8294400,true,"{""timescale"":24000,""value"":1001}",false,true,true,14bb670c4466232e6ab633a2a6fdefd4c99bace2d8b10f6043f30829c0354b17,natural,true,true,"{""active"":323551232,""cache"":74761360,""peakActive"":398571792}",true,27,1056978389396833,1056978354813333,true,2,measured,0.0345835,1498,"{""timescale"":24000,""value"":1741500}",false,"{""confidenceSHA256"":""e4d7d9ae97135d7dc185243b19490a1f40bcca651cf2b759538db368bedc01b7"",""hasMotion"":true,""reliableFractionBits"":1058754825,""reset"":false,""vectorsSHA256"":""ee54d44ebac3dca564784630aa7e04eb0e50afdb17521dfa1b05c85b78882a48"",""warpedLumaErrorBits"":994358578}",1499,2,16588800,false
candidate,1,8294400,,"{""timescale"":24000,""value"":1001}",false,false,true,d0803a559d88c0bd6b54e5cfded20c04d64f959e3c5009ee65a67a705aa33ce3,natural,true,true,"{""active"":323551232,""cache"":74761360,""peakActive"":398571792}",true,28,1056978455869916,1056978425885791,true,2,measured,0.029984125,1499,"{""timescale"":24000,""value"":1742501}",false,"{""confidenceSHA256"":""ff2eeb16566030b9dd06a8c01bbf967fa94070c40acdbbea6a0d2dc48c7167eb"",""hasMotion"":true,""reliableFractionBits"":1058843080,""reset"":false,""vectorsSHA256"":""26438fbe98f93bb7ea392c433b2bfd232c214d8aa921dac0b16df381e5575aa2"",""warpedLumaErrorBits"":993628541}",1500,2,16588800,false
candidate,1,8294400,,"{""timescale"":24000,""value"":1001}",false,false,true,4945f8e1ed2a6ce70e38e9f25e6ee38a7d2a8b0e0901cab474531c8113227e4e,natural,true,true,"{""active"":323551232,""cache"":74761360,""peakActive"":398571792}",true,29,1056978529257666,1056978494246125,true,2,measured,0.035011541,1500,"{""timescale"":24000,""value"":1743502}",false,"{""confidenceSHA256"":""7e53933ec6ffad34b19572512b6e4dd79cdf79d53cce1b9679f28641c8345004"",""hasMotion"":true,""reliableFractionBits"":1059399821,""reset"":false,""vectorsSHA256"":""7978f43a3bced6a1c55c28e1bf996272c6bc5d5c543a9ffead43532ef8542ed8"",""warpedLumaErrorBits"":996278982}",1501,2,16588800,false
candidate,1,8294400,,"{""timescale"":24000,""value"":1001}",false,false,true,ad7ed19b2a9ce48b75220fac53032ab41cea9d4eddfe62f09bb1c86e063d6e46,natural,true,true,"{""active"":323551232,""cache"":74761360,""peakActive"":398571792}",true,30,1056978591920541,1056978563138458,true,2,measured,0.028782083,1501,"{""timescale"":24000,""value"":1744503}",false,"{""confidenceSHA256"":""a1dc46082a3247c370a0bea80eac8a6a710ea1d6c4447263d927751d18344a45"",""hasMotion"":true,""reliableFractionBits"":1057767602,""reset"":false,""vectorsSHA256"":""e33097e78f0358cea2f0b6c880c8d7430606842815c4dde063dad6f92247d23d"",""warpedLumaErrorBits"":998857116}",1502,2,16588800,false
candidate,1,8294400,,"{""timescale"":24000,""value"":1001}",false,false,true,d0e5c2803d70ef53f24fac74b8d5709c4d6caeb53dcb90684c7e1275fa774a9b,natural,true,true,"{""active"":323551232,""cache"":74761360,""peakActive"":398571792}",true,31,1056978656235583,1056978625672833,true,2,measured,0.03056275,1502,"{""timescale"":24000,""value"":1745504}",false,"{""confidenceSHA256"":""258955f94ba510e2de8a6b14dfe07f10e1b6ab8e7d73c54fe6bc36c37eaa3d6d"",""hasMotion"":true,""reliableFractionBits"":1057932308,""reset"":false,""vectorsSHA256"":""78c5f5048602e5bfe730d96301fea06c51773051ba1cc57f91269c205da7c095"",""warpedLumaErrorBits"":1003234174}",1503,2,16588800,false
candidate,1,8294400,,"{""timescale"":24000,""value"":1001}",false,false,true,d841adda17732722059f6de44301e74fecb55acc82790a6183686bebf268ffa9,natural,true,true,"{""active"":323551232,""cache"":74761360,""peakActive"":398571792}",true,32,1056978718285500,1056978688608083,true,2,measured,0.029677417,1503,"{""timescale"":24000,""value"":1746505}",false,"{""confidenceSHA256"":""19e13139913e3ab371c6400a1c7c2c109d1d6fdfbe6cb24aaa64906f6d77c38d"",""hasMotion"":true,""reliableFractionBits"":1056893975,""reset"":false,""vectorsSHA256"":""24a3e209d060296693c3cbd16489d2a7e2d46cced3ec107c250b5b226a6785b8"",""warpedLumaErrorBits"":1006775909}",1504,2,16588800,false
candidate,1,8294400,,"{""timescale"":24000,""value"":1001}",false,false,true,5e9f8c578fbdaa9a79951a9a0b0db54ad2a6dc573f3248623711260204a2f518,natural,true,true,"{""active"":323551232,""cache"":74761360,""peakActive"":398571792}",true,33,1056978781571791,1056978751054916,true,2,measured,0.030516875,1504,"{""timescale"":24000,""value"":1747506}",false,"{""confidenceSHA256"":""def4be0fb3fad44d0bba17f4ec87b34a29779692689a1e34b7c1d14c9890783d"",""hasMotion"":true,""reliableFractionBits"":1057428587,""reset"":false,""vectorsSHA256"":""d25a99836273ea0743af4085c581ad6a8686930de7930c31b2dc4751ddf3138e"",""warpedLumaErrorBits"":1006014090}",1505,2,16588800,false
candidate,1,8294400,,"{""timescale"":24000,""value"":1001}",false,false,true,005b4fbe5a259b3440cdbacb4d77d7d1174f34b0c160e36ea1d31a6d1e17e58c,natural,true,true,"{""active"":323551232,""cache"":74761360,""peakActive"":398571792}",true,34,1056978844107875,1056978814651416,true,2,measured,0.029456459,1505,"{""timescale"":24000,""value"":1748507}",false,"{""confidenceSHA256"":""4884d6f9f54612fb41275b8e8d13cddd2192972bfafae0abaa4314560ed442e6"",""hasMotion"":true,""reliableFractionBits"":1054758990,""reset"":false,""vectorsSHA256"":""6535db30047013aff9361867183968d00e14f046061dc1e02eb431fc8c269d36"",""warpedLumaErrorBits"":1006712293}",1506,2,16588800,false
candidate,1,8294400,,"{""timescale"":24000,""value"":1001}",false,false,true,ae848c323367785c4afaf1dce9a980f379438c1285609a99009bbad4ea0dc89b,natural,true,true,"{""active"":323551232,""cache"":74761360,""peakActive"":398571792}",true,35,1056978910720833,1056978877416958,true,2,measured,0.033303875,1506,"{""timescale"":24000,""value"":1749508}",false,"{""confidenceSHA256"":""4a85e0bcb8f464c66c75cb11c1eec19ea4773c4d0c27fb17ca25c0938dce94de"",""hasMotion"":true,""reliableFractionBits"":1057566584,""reset"":false,""vectorsSHA256"":""95337bec55e8cd043e66cac3aa222461d766c6318d86d69f2b8bc74569569192"",""warpedLumaErrorBits"":1007816552}",1507,2,16588800,false
candidate,0,8294400,,"{""timescale"":24000,""value"":1001}",true,true,true,2067ac390b0ae7bb329aa2412208bdd5cd343cce076d9e653723773fae4aeb2f,natural,,false,"{""active"":323551232,""cache"":74761360,""peakActive"":398571792}",true,0,1056978972418625,1056978943290333,true,3,traversal-warmup,0.029128292,1507,"{""timescale"":24000,""value"":1738497}",true,"{""confidenceSHA256"":""788ae0147bdf979a6575938ca2d7d4403788588f7be2010f03776c968fd1ab49"",""hasMotion"":true,""reliableFractionBits"":0,""reset"":true,""vectorsSHA256"":""ca954688e08310567d16960ff74c9983fbd4bc77c918b924a37f77d810b0668c"",""warpedLumaErrorBits"":1049003833}",1496,0,16588800,true
candidate,0,8294400,,"{""timescale"":24000,""value"":1001}",true,true,true,26e222bb9f5e7471b646ea2c9aaa390c6d8295fff6a32776e1c662fe80b942af,natural,,false,"{""active"":323551232,""cache"":74761360,""peakActive"":398571792}",true,1,1056979037347666,1056979005130875,true,3,traversal-warmup,0.032216791,1496,"{""timescale"":24000,""value"":1739498}",false,"{""confidenceSHA256"":""ff24d7286b3978166808fccb18ded53d06f8a0687fe03a9af73eba1e698dc25c"",""hasMotion"":true,""reliableFractionBits"":1057945836,""reset"":false,""vectorsSHA256"":""b5af93cbe1cc5d1d7f6ad42630abe65e9ea2748429906730d52b29109c701e87"",""warpedLumaErrorBits"":996707947}",1497,0,16588800,false
candidate,0,8294400,,"{""timescale"":24000,""value"":1001}",true,false,true,e7e2b99a952b73cd3f5f6d84afa8bc6182ca7e151166c9c5dfaa1fbfc557d4b8,natural,,false,"{""active"":323551232,""cache"":74761360,""peakActive"":398571792}",true,2,1056979104271125,1056979070494875,true,3,traversal-warmup,0.03377625,1497,"{""timescale"":24000,""value"":1740499}",true,"{""confidenceSHA256"":""788ae0147bdf979a6575938ca2d7d4403788588f7be2010f03776c968fd1ab49"",""hasMotion"":true,""reliableFractionBits"":0,""reset"":true,""vectorsSHA256"":""1dd7f8a26e56dfba878da177773321a53dca3f2b9d00b46118d4425ec3093903"",""warpedLumaErrorBits"":1049357384}",1498,0,16588800,false
candidate,0,8294400,,"{""timescale"":24000,""value"":1001}",false,true,true,14bb670c4466232e6ab633a2a6fdefd4c99bace2d8b10f6043f30829c0354b17,natural,,true,"{""active"":323551232,""cache"":74761360,""peakActive"":398571792}",true,3,1056979171768458,1056979138724208,true,3,measured,0.03304425,1498,"{""timescale"":24000,""value"":1741500}",false,"{""confidenceSHA256"":""e4d7d9ae97135d7dc185243b19490a1f40bcca651cf2b759538db368bedc01b7"",""hasMotion"":true,""reliableFractionBits"":1058754825,""reset"":false,""vectorsSHA256"":""ee54d44ebac3dca564784630aa7e04eb0e50afdb17521dfa1b05c85b78882a48"",""warpedLumaErrorBits"":994358578}",1499,0,16588800,false
candidate,0,8294400,,"{""timescale"":24000,""value"":1001}",false,false,true,d0803a559d88c0bd6b54e5cfded20c04d64f959e3c5009ee65a67a705aa33ce3,natural,,true,"{""active"":323551232,""cache"":74761360,""peakActive"":398571792}",true,4,1056979229055916,1056979203999041,true,3,measured,0.025056875,1499,"{""timescale"":24000,""value"":1742501}",false,"{""confidenceSHA256"":""ff2eeb16566030b9dd06a8c01bbf967fa94070c40acdbbea6a0d2dc48c7167eb"",""hasMotion"":true,""reliableFractionBits"":1058843080,""reset"":false,""vectorsSHA256"":""26438fbe98f93bb7ea392c433b2bfd232c214d8aa921dac0b16df381e5575aa2"",""warpedLumaErrorBits"":993628541}",1500,0,16588800,false
candidate,0,8294400,,"{""timescale"":24000,""value"":1001}",false,false,true,4945f8e1ed2a6ce70e38e9f25e6ee38a7d2a8b0e0901cab474531c8113227e4e,natural,,true,"{""active"":323551232,""cache"":74761360,""peakActive"":398571792}",true,5,1056979284647833,1056979261778333,true,3,measured,0.0228695,1500,"{""timescale"":24000,""value"":1743502}",false,"{""confidenceSHA256"":""7e53933ec6ffad34b19572512b6e4dd79cdf79d53cce1b9679f28641c8345004"",""hasMotion"":true,""reliableFractionBits"":1059399821,""reset"":false,""vectorsSHA256"":""7978f43a3bced6a1c55c28e1bf996272c6bc5d5c543a9ffead43532ef8542ed8"",""warpedLumaErrorBits"":996278982}",1501,0,16588800,false
candidate,0,8294400,,"{""timescale"":24000,""value"":1001}",false,false,true,ad7ed19b2a9ce48b75220fac53032ab41cea9d4eddfe62f09bb1c86e063d6e46,natural,,true,"{""active"":323551232,""cache"":74761360,""peakActive"":398571792}",true,6,1056979348730833,1056979317983625,true,3,measured,0.030747208,1501,"{""timescale"":24000,""value"":1744503}",false,"{""confidenceSHA256"":""a1dc46082a3247c370a0bea80eac8a6a710ea1d6c4447263d927751d18344a45"",""hasMotion"":true,""reliableFractionBits"":1057767602,""reset"":false,""vectorsSHA256"":""e33097e78f0358cea2f0b6c880c8d7430606842815c4dde063dad6f92247d23d"",""warpedLumaErrorBits"":998857116}",1502,0,16588800,false
candidate,0,8294400,,"{""timescale"":24000,""value"":1001}",false,false,true,d0e5c2803d70ef53f24fac74b8d5709c4d6caeb53dcb90684c7e1275fa774a9b,natural,,true,"{""active"":323551232,""cache"":74761360,""peakActive"":398571792}",true,7,1056979411915416,1056979382024583,true,3,measured,0.029890833,1502,"{""timescale"":24000,""value"":1745504}",false,"{""confidenceSHA256"":""258955f94ba510e2de8a6b14dfe07f10e1b6ab8e7d73c54fe6bc36c37eaa3d6d"",""hasMotion"":true,""reliableFractionBits"":1057932308,""reset"":false,""vectorsSHA256"":""78c5f5048602e5bfe730d96301fea06c51773051ba1cc57f91269c205da7c095"",""warpedLumaErrorBits"":1003234174}",1503,0,16588800,false
candidate,0,8294400,,"{""timescale"":24000,""value"":1001}",false,false,true,d841adda17732722059f6de44301e74fecb55acc82790a6183686bebf268ffa9,natural,,true,"{""active"":323551232,""cache"":74761360,""peakActive"":398571792}",true,8,1056979476176208,1056979444818833,true,3,measured,0.031357375,1503,"{""timescale"":24000,""value"":1746505}",false,"{""confidenceSHA256"":""19e13139913e3ab371c6400a1c7c2c109d1d6fdfbe6cb24aaa64906f6d77c38d"",""hasMotion"":true,""reliableFractionBits"":1056893975,""reset"":false,""vectorsSHA256"":""24a3e209d060296693c3cbd16489d2a7e2d46cced3ec107c250b5b226a6785b8"",""warpedLumaErrorBits"":1006775909}",1504,0,16588800,false
candidate,0,8294400,,"{""timescale"":24000,""value"":1001}",false,false,true,5e9f8c578fbdaa9a79951a9a0b0db54ad2a6dc573f3248623711260204a2f518,natural,,true,"{""active"":323551232,""cache"":74761360,""peakActive"":398571792}",true,9,1056979540037125,1056979509195416,true,3,measured,0.030841709,1504,"{""timescale"":24000,""value"":1747506}",false,"{""confidenceSHA256"":""def4be0fb3fad44d0bba17f4ec87b34a29779692689a1e34b7c1d14c9890783d"",""hasMotion"":true,""reliableFractionBits"":1057428587,""reset"":false,""vectorsSHA256"":""d25a99836273ea0743af4085c581ad6a8686930de7930c31b2dc4751ddf3138e"",""warpedLumaErrorBits"":1006014090}",1505,0,16588800,false
candidate,0,8294400,,"{""timescale"":24000,""value"":1001}",false,false,true,005b4fbe5a259b3440cdbacb4d77d7d1174f34b0c160e36ea1d31a6d1e17e58c,natural,,true,"{""active"":323551232,""cache"":74761360,""peakActive"":398571792}",true,10,1056979596993958,1056979573284916,true,3,measured,0.023709042,1505,"{""timescale"":24000,""value"":1748507}",false,"{""confidenceSHA256"":""4884d6f9f54612fb41275b8e8d13cddd2192972bfafae0abaa4314560ed442e6"",""hasMotion"":true,""reliableFractionBits"":1054758990,""reset"":false,""vectorsSHA256"":""6535db30047013aff9361867183968d00e14f046061dc1e02eb431fc8c269d36"",""warpedLumaErrorBits"":1006712293}",1506,0,16588800,false
candidate,0,8294400,,"{""timescale"":24000,""value"":1001}",false,false,true,ae848c323367785c4afaf1dce9a980f379438c1285609a99009bbad4ea0dc89b,natural,,true,"{""active"":323551232,""cache"":74761360,""peakActive"":398571792}",true,11,1056979657559791,1056979630187791,true,3,measured,0.027372,1506,"{""timescale"":24000,""value"":1749508}",false,"{""confidenceSHA256"":""4a85e0bcb8f464c66c75cb11c1eec19ea4773c4d0c27fb17ca25c0938dce94de"",""hasMotion"":true,""reliableFractionBits"":1057566584,""reset"":false,""vectorsSHA256"":""95337bec55e8cd043e66cac3aa222461d766c6318d86d69f2b8bc74569569192"",""warpedLumaErrorBits"":1007816552}",1507,0,16588800,false
candidate,0,8294400,,"{""timescale"":24000,""value"":1001}",true,true,true,2067ac390b0ae7bb329aa2412208bdd5cd343cce076d9e653723773fae4aeb2f,natural,,false,"{""active"":323551232,""cache"":74761360,""peakActive"":398571792}",true,12,1056979716404375,1056979689749000,true,3,traversal-warmup,0.026655375,1507,"{""timescale"":24000,""value"":1738497}",true,"{""confidenceSHA256"":""788ae0147bdf979a6575938ca2d7d4403788588f7be2010f03776c968fd1ab49"",""hasMotion"":true,""reliableFractionBits"":0,""reset"":true,""vectorsSHA256"":""ca954688e08310567d16960ff74c9983fbd4bc77c918b924a37f77d810b0668c"",""warpedLumaErrorBits"":1049003833}",1496,1,16588800,true
candidate,0,8294400,,"{""timescale"":24000,""value"":1001}",true,true,true,26e222bb9f5e7471b646ea2c9aaa390c6d8295fff6a32776e1c662fe80b942af,natural,,false,"{""active"":323551232,""cache"":74761360,""peakActive"":398571792}",true,13,1056979779311666,1056979749532875,true,3,traversal-warmup,0.029778791,1496,"{""timescale"":24000,""value"":1739498}",false,"{""confidenceSHA256"":""ff24d7286b3978166808fccb18ded53d06f8a0687fe03a9af73eba1e698dc25c"",""hasMotion"":true,""reliableFractionBits"":1057945836,""reset"":false,""vectorsSHA256"":""b5af93cbe1cc5d1d7f6ad42630abe65e9ea2748429906730d52b29109c701e87"",""warpedLumaErrorBits"":996707947}",1497,1,16588800,false
candidate,0,8294400,,"{""timescale"":24000,""value"":1001}",true,false,true,e7e2b99a952b73cd3f5f6d84afa8bc6182ca7e151166c9c5dfaa1fbfc557d4b8,natural,,false,"{""active"":323551232,""cache"":74761360,""peakActive"":398571792}",true,14,1056979846138458,1056979812707125,true,3,traversal-warmup,0.033431333,1497,"{""timescale"":24000,""value"":1740499}",true,"{""confidenceSHA256"":""788ae0147bdf979a6575938ca2d7d4403788588f7be2010f03776c968fd1ab49"",""hasMotion"":true,""reliableFractionBits"":0,""reset"":true,""vectorsSHA256"":""1dd7f8a26e56dfba878da177773321a53dca3f2b9d00b46118d4425ec3093903"",""warpedLumaErrorBits"":1049357384}",1498,1,16588800,false
candidate,0,8294400,,"{""timescale"":24000,""value"":1001}",false,true,true,14bb670c4466232e6ab633a2a6fdefd4c99bace2d8b10f6043f30829c0354b17,natural,,true,"{""active"":323551232,""cache"":74761360,""peakActive"":398571792}",true,15,1056979905872041,1056979879049000,true,3,measured,0.026823041,1498,"{""timescale"":24000,""value"":1741500}",false,"{""confidenceSHA256"":""e4d7d9ae97135d7dc185243b19490a1f40bcca651cf2b759538db368bedc01b7"",""hasMotion"":true,""reliableFractionBits"":1058754825,""reset"":false,""vectorsSHA256"":""ee54d44ebac3dca564784630aa7e04eb0e50afdb17521dfa1b05c85b78882a48"",""warpedLumaErrorBits"":994358578}",1499,1,16588800,false
candidate,0,8294400,,"{""timescale"":24000,""value"":1001}",false,false,true,d0803a559d88c0bd6b54e5cfded20c04d64f959e3c5009ee65a67a705aa33ce3,natural,,true,"{""active"":323551232,""cache"":74761360,""peakActive"":398571792}",true,16,1056979971821375,1056979940439416,true,3,measured,0.031381959,1499,"{""timescale"":24000,""value"":1742501}",false,"{""confidenceSHA256"":""ff2eeb16566030b9dd06a8c01bbf967fa94070c40acdbbea6a0d2dc48c7167eb"",""hasMotion"":true,""reliableFractionBits"":1058843080,""reset"":false,""vectorsSHA256"":""26438fbe98f93bb7ea392c433b2bfd232c214d8aa921dac0b16df381e5575aa2"",""warpedLumaErrorBits"":993628541}",1500,1,16588800,false
candidate,0,8294400,,"{""timescale"":24000,""value"":1001}",false,false,true,4945f8e1ed2a6ce70e38e9f25e6ee38a7d2a8b0e0901cab474531c8113227e4e,natural,,true,"{""active"":323551232,""cache"":74761360,""peakActive"":398571792}",true,17,1056980037140125,1056980004864750,true,3,measured,0.032275375,1500,"{""timescale"":24000,""value"":1743502}",false,"{""confidenceSHA256"":""7e53933ec6ffad34b19572512b6e4dd79cdf79d53cce1b9679f28641c8345004"",""hasMotion"":true,""reliableFractionBits"":1059399821,""reset"":false,""vectorsSHA256"":""7978f43a3bced6a1c55c28e1bf996272c6bc5d5c543a9ffead43532ef8542ed8"",""warpedLumaErrorBits"":996278982}",1501,1,16588800,false
candidate,0,8294400,,"{""timescale"":24000,""value"":1001}",false,false,true,ad7ed19b2a9ce48b75220fac53032ab41cea9d4eddfe62f09bb1c86e063d6e46,natural,,true,"{""active"":323551232,""cache"":74761360,""peakActive"":398571792}",true,18,1056980102482333,1056980071298541,true,3,measured,0.031183792,1501,"{""timescale"":24000,""value"":1744503}",false,"{""confidenceSHA256"":""a1dc46082a3247c370a0bea80eac8a6a710ea1d6c4447263d927751d18344a45"",""hasMotion"":true,""reliableFractionBits"":1057767602,""reset"":false,""vectorsSHA256"":""e33097e78f0358cea2f0b6c880c8d7430606842815c4dde063dad6f92247d23d"",""warpedLumaErrorBits"":998857116}",1502,1,16588800,false
candidate,0,8294400,,"{""timescale"":24000,""value"":1001}",false,false,true,d0e5c2803d70ef53f24fac74b8d5709c4d6caeb53dcb90684c7e1275fa774a9b,natural,,true,"{""active"":323551232,""cache"":74761360,""peakActive"":398571792}",true,19,1056980172217666,1056980137606291,true,3,measured,0.034611375,1502,"{""timescale"":24000,""value"":1745504}",false,"{""confidenceSHA256"":""258955f94ba510e2de8a6b14dfe07f10e1b6ab8e7d73c54fe6bc36c37eaa3d6d"",""hasMotion"":true,""reliableFractionBits"":1057932308,""reset"":false,""vectorsSHA256"":""78c5f5048602e5bfe730d96301fea06c51773051ba1cc57f91269c205da7c095"",""warpedLumaErrorBits"":1003234174}",1503,1,16588800,false
candidate,0,8294400,,"{""timescale"":24000,""value"":1001}",false,false,true,d841adda17732722059f6de44301e74fecb55acc82790a6183686bebf268ffa9,natural,,true,"{""active"":323551232,""cache"":74761360,""peakActive"":398571792}",true,20,1056980235903500,1056980206957375,true,3,measured,0.028946125,1503,"{""timescale"":24000,""value"":1746505}",false,"{""confidenceSHA256"":""19e13139913e3ab371c6400a1c7c2c109d1d6fdfbe6cb24aaa64906f6d77c38d"",""hasMotion"":true,""reliableFractionBits"":1056893975,""reset"":false,""vectorsSHA256"":""24a3e209d060296693c3cbd16489d2a7e2d46cced3ec107c250b5b226a6785b8"",""warpedLumaErrorBits"":1006775909}",1504,1,16588800,false
candidate,0,8294400,,"{""timescale"":24000,""value"":1001}",false,false,true,5e9f8c578fbdaa9a79951a9a0b0db54ad2a6dc573f3248623711260204a2f518,natural,,true,"{""active"":323551232,""cache"":74761360,""peakActive"":398571792}",true,21,1056980297487875,1056980270103791,true,3,measured,0.027384084,1504,"{""timescale"":24000,""value"":1747506}",false,"{""confidenceSHA256"":""def4be0fb3fad44d0bba17f4ec87b34a29779692689a1e34b7c1d14c9890783d"",""hasMotion"":true,""reliableFractionBits"":1057428587,""reset"":false,""vectorsSHA256"":""d25a99836273ea0743af4085c581ad6a8686930de7930c31b2dc4751ddf3138e"",""warpedLumaErrorBits"":1006014090}",1505,1,16588800,false
candidate,0,8294400,,"{""timescale"":24000,""value"":1001}",false,false,true,005b4fbe5a259b3440cdbacb4d77d7d1174f34b0c160e36ea1d31a6d1e17e58c,natural,,true,"{""active"":323551232,""cache"":74761360,""peakActive"":398571792}",true,22,1056980363399291,1056980330489125,true,3,measured,0.032910166,1505,"{""timescale"":24000,""value"":1748507}",false,"{""confidenceSHA256"":""4884d6f9f54612fb41275b8e8d13cddd2192972bfafae0abaa4314560ed442e6"",""hasMotion"":true,""reliableFractionBits"":1054758990,""reset"":false,""vectorsSHA256"":""6535db30047013aff9361867183968d00e14f046061dc1e02eb431fc8c269d36"",""warpedLumaErrorBits"":1006712293}",1506,1,16588800,false
candidate,0,8294400,,"{""timescale"":24000,""value"":1001}",false,false,true,ae848c323367785c4afaf1dce9a980f379438c1285609a99009bbad4ea0dc89b,natural,,true,"{""active"":323551232,""cache"":74761360,""peakActive"":398571792}",true,23,1056980421496208,1056980396446916,true,3,measured,0.025049292,1506,"{""timescale"":24000,""value"":1749508}",false,"{""confidenceSHA256"":""4a85e0bcb8f464c66c75cb11c1eec19ea4773c4d0c27fb17ca25c0938dce94de"",""hasMotion"":true,""reliableFractionBits"":1057566584,""reset"":false,""vectorsSHA256"":""95337bec55e8cd043e66cac3aa222461d766c6318d86d69f2b8bc74569569192"",""warpedLumaErrorBits"":1007816552}",1507,1,16588800,false
candidate,0,8294400,,"{""timescale"":24000,""value"":1001}",true,true,true,2067ac390b0ae7bb329aa2412208bdd5cd343cce076d9e653723773fae4aeb2f,natural,,false,"{""active"":323551232,""cache"":74761360,""peakActive"":398571792}",true,24,1056980485502208,1056980454981458,true,3,traversal-warmup,0.03052075,1507,"{""timescale"":24000,""value"":1738497}",true,"{""confidenceSHA256"":""788ae0147bdf979a6575938ca2d7d4403788588f7be2010f03776c968fd1ab49"",""hasMotion"":true,""reliableFractionBits"":0,""reset"":true,""vectorsSHA256"":""ca954688e08310567d16960ff74c9983fbd4bc77c918b924a37f77d810b0668c"",""warpedLumaErrorBits"":1049003833}",1496,2,16588800,true
candidate,0,8294400,,"{""timescale"":24000,""value"":1001}",true,true,true,26e222bb9f5e7471b646ea2c9aaa390c6d8295fff6a32776e1c662fe80b942af,natural,,false,"{""active"":323551232,""cache"":74761360,""peakActive"":398571792}",true,25,1056980546641250,1056980518950958,true,3,traversal-warmup,0.027690292,1496,"{""timescale"":24000,""value"":1739498}",false,"{""confidenceSHA256"":""ff24d7286b3978166808fccb18ded53d06f8a0687fe03a9af73eba1e698dc25c"",""hasMotion"":true,""reliableFractionBits"":1057945836,""reset"":false,""vectorsSHA256"":""b5af93cbe1cc5d1d7f6ad42630abe65e9ea2748429906730d52b29109c701e87"",""warpedLumaErrorBits"":996707947}",1497,2,16588800,false
candidate,0,8294400,,"{""timescale"":24000,""value"":1001}",true,false,true,e7e2b99a952b73cd3f5f6d84afa8bc6182ca7e151166c9c5dfaa1fbfc557d4b8,natural,,false,"{""active"":323551232,""cache"":74761360,""peakActive"":398571792}",true,26,1056980621103791,1056980585862958,true,3,traversal-warmup,0.035240833,1497,"{""timescale"":24000,""value"":1740499}",true,"{""confidenceSHA256"":""788ae0147bdf979a6575938ca2d7d4403788588f7be2010f03776c968fd1ab49"",""hasMotion"":true,""reliableFractionBits"":0,""reset"":true,""vectorsSHA256"":""1dd7f8a26e56dfba878da177773321a53dca3f2b9d00b46118d4425ec3093903"",""warpedLumaErrorBits"":1049357384}",1498,2,16588800,false
candidate,0,8294400,,"{""timescale"":24000,""value"":1001}",false,true,true,14bb670c4466232e6ab633a2a6fdefd4c99bace2d8b10f6043f30829c0354b17,natural,,true,"{""active"":323551232,""cache"":74761360,""peakActive"":398571792}",true,27,1056980687775333,1056980656018166,true,3,measured,0.031757167,1498,"{""timescale"":24000,""value"":1741500}",false,"{""confidenceSHA256"":""e4d7d9ae97135d7dc185243b19490a1f40bcca651cf2b759538db368bedc01b7"",""hasMotion"":true,""reliableFractionBits"":1058754825,""reset"":false,""vectorsSHA256"":""ee54d44ebac3dca564784630aa7e04eb0e50afdb17521dfa1b05c85b78882a48"",""warpedLumaErrorBits"":994358578}",1499,2,16588800,false
candidate,0,8294400,,"{""timescale"":24000,""value"":1001}",false,false,true,d0803a559d88c0bd6b54e5cfded20c04d64f959e3c5009ee65a67a705aa33ce3,natural,,true,"{""active"":323551232,""cache"":74761360,""peakActive"":398571792}",true,28,1056980748879000,1056980722317666,true,3,measured,0.026561334,1499,"{""timescale"":24000,""value"":1742501}",false,"{""confidenceSHA256"":""ff2eeb16566030b9dd06a8c01bbf967fa94070c40acdbbea6a0d2dc48c7167eb"",""hasMotion"":true,""reliableFractionBits"":1058843080,""reset"":false,""vectorsSHA256"":""26438fbe98f93bb7ea392c433b2bfd232c214d8aa921dac0b16df381e5575aa2"",""warpedLumaErrorBits"":993628541}",1500,2,16588800,false
candidate,0,8294400,,"{""timescale"":24000,""value"":1001}",false,false,true,4945f8e1ed2a6ce70e38e9f25e6ee38a7d2a8b0e0901cab474531c8113227e4e,natural,,true,"{""active"":323551232,""cache"":74761360,""peakActive"":398571792}",true,29,1056980809917541,1056980783019583,true,3,measured,0.026897958,1500,"{""timescale"":24000,""value"":1743502}",false,"{""confidenceSHA256"":""7e53933ec6ffad34b19572512b6e4dd79cdf79d53cce1b9679f28641c8345004"",""hasMotion"":true,""reliableFractionBits"":1059399821,""reset"":false,""vectorsSHA256"":""7978f43a3bced6a1c55c28e1bf996272c6bc5d5c543a9ffead43532ef8542ed8"",""warpedLumaErrorBits"":996278982}",1501,2,16588800,false
candidate,0,8294400,,"{""timescale"":24000,""value"":1001}",false,false,true,ad7ed19b2a9ce48b75220fac53032ab41cea9d4eddfe62f09bb1c86e063d6e46,natural,,true,"{""active"":323551232,""cache"":74761360,""peakActive"":398571792}",true,30,1056980867535541,1056980844827750,true,3,measured,0.022707791,1501,"{""timescale"":24000,""value"":1744503}",false,"{""confidenceSHA256"":""a1dc46082a3247c370a0bea80eac8a6a710ea1d6c4447263d927751d18344a45"",""hasMotion"":true,""reliableFractionBits"":1057767602,""reset"":false,""vectorsSHA256"":""e33097e78f0358cea2f0b6c880c8d7430606842815c4dde063dad6f92247d23d"",""warpedLumaErrorBits"":998857116}",1502,2,16588800,false
candidate,0,8294400,,"{""timescale"":24000,""value"":1001}",false,false,true,d0e5c2803d70ef53f24fac74b8d5709c4d6caeb53dcb90684c7e1275fa774a9b,natural,,true,"{""active"":323551232,""cache"":74761360,""peakActive"":398571792}",true,31,1056980935177916,1056980902344333,true,3,measured,0.032833583,1502,"{""timescale"":24000,""value"":1745504}",false,"{""confidenceSHA256"":""258955f94ba510e2de8a6b14dfe07f10e1b6ab8e7d73c54fe6bc36c37eaa3d6d"",""hasMotion"":true,""reliableFractionBits"":1057932308,""reset"":false,""vectorsSHA256"":""78c5f5048602e5bfe730d96301fea06c51773051ba1cc57f91269c205da7c095"",""warpedLumaErrorBits"":1003234174}",1503,2,16588800,false
candidate,0,8294400,,"{""timescale"":24000,""value"":1001}",false,false,true,d841adda17732722059f6de44301e74fecb55acc82790a6183686bebf268ffa9,natural,,true,"{""active"":323551232,""cache"":74761360,""peakActive"":398571792}",true,32,1056981008118416,1056980970308000,true,3,measured,0.037810416,1503,"{""timescale"":24000,""value"":1746505}",false,"{""confidenceSHA256"":""19e13139913e3ab371c6400a1c7c2c109d1d6fdfbe6cb24aaa64906f6d77c38d"",""hasMotion"":true,""reliableFractionBits"":1056893975,""reset"":false,""vectorsSHA256"":""24a3e209d060296693c3cbd16489d2a7e2d46cced3ec107c250b5b226a6785b8"",""warpedLumaErrorBits"":1006775909}",1504,2,16588800,false
candidate,0,8294400,,"{""timescale"":24000,""value"":1001}",false,false,true,5e9f8c578fbdaa9a79951a9a0b0db54ad2a6dc573f3248623711260204a2f518,natural,,true,"{""active"":323551232,""cache"":74761360,""peakActive"":398571792}",true,33,1056981087930625,1056981051631500,true,3,measured,0.036299125,1504,"{""timescale"":24000,""value"":1747506}",false,"{""confidenceSHA256"":""def4be0fb3fad44d0bba17f4ec87b34a29779692689a1e34b7c1d14c9890783d"",""hasMotion"":true,""reliableFractionBits"":1057428587,""reset"":false,""vectorsSHA256"":""d25a99836273ea0743af4085c581ad6a8686930de7930c31b2dc4751ddf3138e"",""warpedLumaErrorBits"":1006014090}",1505,2,16588800,false
candidate,0,8294400,,"{""timescale"":24000,""value"":1001}",false,false,true,005b4fbe5a259b3440cdbacb4d77d7d1174f34b0c160e36ea1d31a6d1e17e58c,natural,,true,"{""active"":323551232,""cache"":74761360,""peakActive"":398571792}",true,34,1056981157318083,1056981124685708,true,3,measured,0.032632375,1505,"{""timescale"":24000,""value"":1748507}",false,"{""confidenceSHA256"":""4884d6f9f54612fb41275b8e8d13cddd2192972bfafae0abaa4314560ed442e6"",""hasMotion"":true,""reliableFractionBits"":1054758990,""reset"":false,""vectorsSHA256"":""6535db30047013aff9361867183968d00e14f046061dc1e02eb431fc8c269d36"",""warpedLumaErrorBits"":1006712293}",1506,2,16588800,false
candidate,0,8294400,,"{""timescale"":24000,""value"":1001}",false,false,true,ae848c323367785c4afaf1dce9a980f379438c1285609a99009bbad4ea0dc89b,natural,,true,"{""active"":323551232,""cache"":74761360,""peakActive"":398571792}",true,35,1056981223319083,1056981192981958,true,3,measured,0.030337125,1506,"{""timescale"":24000,""value"":1749508}",false,"{""confidenceSHA256"":""4a85e0bcb8f464c66c75cb11c1eec19ea4773c4d0c27fb17ca25c0938dce94de"",""hasMotion"":true,""reliableFractionBits"":1057566584,""reset"":false,""vectorsSHA256"":""95337bec55e8cd043e66cac3aa222461d766c6318d86d69f2b8bc74569569192"",""warpedLumaErrorBits"":1007816552}",1507,2,16588800,false
baseline,1,8294400,,"{""timescale"":24000,""value"":1001}",true,true,true,2067ac390b0ae7bb329aa2412208bdd5cd343cce076d9e653723773fae4aeb2f,natural,true,false,"{""active"":323551232,""cache"":74761360,""peakActive"":398571792}",true,0,1056981284356500,1056981258830708,true,3,traversal-warmup,0.025525792,1507,"{""timescale"":24000,""value"":1738497}",true,"{""confidenceSHA256"":""788ae0147bdf979a6575938ca2d7d4403788588f7be2010f03776c968fd1ab49"",""hasMotion"":true,""reliableFractionBits"":0,""reset"":true,""vectorsSHA256"":""ca954688e08310567d16960ff74c9983fbd4bc77c918b924a37f77d810b0668c"",""warpedLumaErrorBits"":1049003833}",1496,0,16588800,true
baseline,1,8294400,,"{""timescale"":24000,""value"":1001}",true,true,true,26e222bb9f5e7471b646ea2c9aaa390c6d8295fff6a32776e1c662fe80b942af,natural,true,false,"{""active"":323551232,""cache"":74761360,""peakActive"":398571792}",true,1,1056981347750583,1056981319934625,true,3,traversal-warmup,0.027815958,1496,"{""timescale"":24000,""value"":1739498}",false,"{""confidenceSHA256"":""ff24d7286b3978166808fccb18ded53d06f8a0687fe03a9af73eba1e698dc25c"",""hasMotion"":true,""reliableFractionBits"":1057945836,""reset"":false,""vectorsSHA256"":""b5af93cbe1cc5d1d7f6ad42630abe65e9ea2748429906730d52b29109c701e87"",""warpedLumaErrorBits"":996707947}",1497,0,16588800,false
baseline,1,8294400,true,"{""timescale"":24000,""value"":1001}",true,false,true,e7e2b99a952b73cd3f5f6d84afa8bc6182ca7e151166c9c5dfaa1fbfc557d4b8,natural,true,false,"{""active"":323551232,""cache"":74761360,""peakActive"":398571792}",true,2,1056981411914000,1056981381830625,true,3,traversal-warmup,0.030083375,1497,"{""timescale"":24000,""value"":1740499}",true,"{""confidenceSHA256"":""788ae0147bdf979a6575938ca2d7d4403788588f7be2010f03776c968fd1ab49"",""hasMotion"":true,""reliableFractionBits"":0,""reset"":true,""vectorsSHA256"":""1dd7f8a26e56dfba878da177773321a53dca3f2b9d00b46118d4425ec3093903"",""warpedLumaErrorBits"":1049357384}",1498,0,16588800,false
baseline,1,8294400,true,"{""timescale"":24000,""value"":1001}",false,true,true,14bb670c4466232e6ab633a2a6fdefd4c99bace2d8b10f6043f30829c0354b17,natural,true,true,"{""active"":323551232,""cache"":74761360,""peakActive"":398571792}",true,3,1056981487647083,1056981448524083,true,3,measured,0.039123,1498,"{""timescale"":24000,""value"":1741500}",false,"{""confidenceSHA256"":""e4d7d9ae97135d7dc185243b19490a1f40bcca651cf2b759538db368bedc01b7"",""hasMotion"":true,""reliableFractionBits"":1058754825,""reset"":false,""vectorsSHA256"":""ee54d44ebac3dca564784630aa7e04eb0e50afdb17521dfa1b05c85b78882a48"",""warpedLumaErrorBits"":994358578}",1499,0,16588800,false
baseline,1,8294400,,"{""timescale"":24000,""value"":1001}",false,false,true,d0803a559d88c0bd6b54e5cfded20c04d64f959e3c5009ee65a67a705aa33ce3,natural,true,true,"{""active"":323551232,""cache"":74761360,""peakActive"":398571792}",true,4,1056981554837333,1056981524501375,true,3,measured,0.030335958,1499,"{""timescale"":24000,""value"":1742501}",false,"{""confidenceSHA256"":""ff2eeb16566030b9dd06a8c01bbf967fa94070c40acdbbea6a0d2dc48c7167eb"",""hasMotion"":true,""reliableFractionBits"":1058843080,""reset"":false,""vectorsSHA256"":""26438fbe98f93bb7ea392c433b2bfd232c214d8aa921dac0b16df381e5575aa2"",""warpedLumaErrorBits"":993628541}",1500,0,16588800,false
baseline,1,8294400,,"{""timescale"":24000,""value"":1001}",false,false,true,4945f8e1ed2a6ce70e38e9f25e6ee38a7d2a8b0e0901cab474531c8113227e4e,natural,true,true,"{""active"":323551232,""cache"":74761360,""peakActive"":398571792}",true,5,1056981616033041,1056981589545333,true,3,measured,0.026487708,1500,"{""timescale"":24000,""value"":1743502}",false,"{""confidenceSHA256"":""7e53933ec6ffad34b19572512b6e4dd79cdf79d53cce1b9679f28641c8345004"",""hasMotion"":true,""reliableFractionBits"":1059399821,""reset"":false,""vectorsSHA256"":""7978f43a3bced6a1c55c28e1bf996272c6bc5d5c543a9ffead43532ef8542ed8"",""warpedLumaErrorBits"":996278982}",1501,0,16588800,false
baseline,1,8294400,,"{""timescale"":24000,""value"":1001}",false,false,true,ad7ed19b2a9ce48b75220fac53032ab41cea9d4eddfe62f09bb1c86e063d6e46,natural,true,true,"{""active"":323551232,""cache"":74761360,""peakActive"":398571792}",true,6,1056981681738708,1056981650838750,true,3,measured,0.030899958,1501,"{""timescale"":24000,""value"":1744503}",false,"{""confidenceSHA256"":""a1dc46082a3247c370a0bea80eac8a6a710ea1d6c4447263d927751d18344a45"",""hasMotion"":true,""reliableFractionBits"":1057767602,""reset"":false,""vectorsSHA256"":""e33097e78f0358cea2f0b6c880c8d7430606842815c4dde063dad6f92247d23d"",""warpedLumaErrorBits"":998857116}",1502,0,16588800,false
baseline,1,8294400,,"{""timescale"":24000,""value"":1001}",false,false,true,d0e5c2803d70ef53f24fac74b8d5709c4d6caeb53dcb90684c7e1275fa774a9b,natural,true,true,"{""active"":323551232,""cache"":74761360,""peakActive"":398571792}",true,7,1056981748504541,1056981718707541,true,3,measured,0.029797,1502,"{""timescale"":24000,""value"":1745504}",false,"{""confidenceSHA256"":""258955f94ba510e2de8a6b14dfe07f10e1b6ab8e7d73c54fe6bc36c37eaa3d6d"",""hasMotion"":true,""reliableFractionBits"":1057932308,""reset"":false,""vectorsSHA256"":""78c5f5048602e5bfe730d96301fea06c51773051ba1cc57f91269c205da7c095"",""warpedLumaErrorBits"":1003234174}",1503,0,16588800,false
baseline,1,8294400,,"{""timescale"":24000,""value"":1001}",false,false,true,d841adda17732722059f6de44301e74fecb55acc82790a6183686bebf268ffa9,natural,true,true,"{""active"":323551232,""cache"":74761360,""peakActive"":398571792}",true,8,1056981808442291,1056981784085916,true,3,measured,0.024356375,1503,"{""timescale"":24000,""value"":1746505}",false,"{""confidenceSHA256"":""19e13139913e3ab371c6400a1c7c2c109d1d6fdfbe6cb24aaa64906f6d77c38d"",""hasMotion"":true,""reliableFractionBits"":1056893975,""reset"":false,""vectorsSHA256"":""24a3e209d060296693c3cbd16489d2a7e2d46cced3ec107c250b5b226a6785b8"",""warpedLumaErrorBits"":1006775909}",1504,0,16588800,false
baseline,1,8294400,,"{""timescale"":24000,""value"":1001}",false,false,true,5e9f8c578fbdaa9a79951a9a0b0db54ad2a6dc573f3248623711260204a2f518,natural,true,true,"{""active"":323551232,""cache"":74761360,""peakActive"":398571792}",true,9,1056981875328583,1056981843173000,true,3,measured,0.032155583,1504,"{""timescale"":24000,""value"":1747506}",false,"{""confidenceSHA256"":""def4be0fb3fad44d0bba17f4ec87b34a29779692689a1e34b7c1d14c9890783d"",""hasMotion"":true,""reliableFractionBits"":1057428587,""reset"":false,""vectorsSHA256"":""d25a99836273ea0743af4085c581ad6a8686930de7930c31b2dc4751ddf3138e"",""warpedLumaErrorBits"":1006014090}",1505,0,16588800,false
baseline,1,8294400,,"{""timescale"":24000,""value"":1001}",false,false,true,005b4fbe5a259b3440cdbacb4d77d7d1174f34b0c160e36ea1d31a6d1e17e58c,natural,true,true,"{""active"":323551232,""cache"":74761360,""peakActive"":398571792}",true,10,1056981942362958,1056981909969583,true,3,measured,0.032393375,1505,"{""timescale"":24000,""value"":1748507}",false,"{""confidenceSHA256"":""4884d6f9f54612fb41275b8e8d13cddd2192972bfafae0abaa4314560ed442e6"",""hasMotion"":true,""reliableFractionBits"":1054758990,""reset"":false,""vectorsSHA256"":""6535db30047013aff9361867183968d00e14f046061dc1e02eb431fc8c269d36"",""warpedLumaErrorBits"":1006712293}",1506,0,16588800,false
baseline,1,8294400,,"{""timescale"":24000,""value"":1001}",false,false,true,ae848c323367785c4afaf1dce9a980f379438c1285609a99009bbad4ea0dc89b,natural,true,true,"{""active"":323551232,""cache"":74761360,""peakActive"":398571792}",true,11,1056982007915208,1056981977005666,true,3,measured,0.030909542,1506,"{""timescale"":24000,""value"":1749508}",false,"{""confidenceSHA256"":""4a85e0bcb8f464c66c75cb11c1eec19ea4773c4d0c27fb17ca25c0938dce94de"",""hasMotion"":true,""reliableFractionBits"":1057566584,""reset"":false,""vectorsSHA256"":""95337bec55e8cd043e66cac3aa222461d766c6318d86d69f2b8bc74569569192"",""warpedLumaErrorBits"":1007816552}",1507,0,16588800,false
baseline,1,8294400,,"{""timescale"":24000,""value"":1001}",true,true,true,2067ac390b0ae7bb329aa2412208bdd5cd343cce076d9e653723773fae4aeb2f,natural,true,false,"{""active"":323551232,""cache"":74761360,""peakActive"":398571792}",true,12,1056982072820000,1056982045087666,true,3,traversal-warmup,0.027732334,1507,"{""timescale"":24000,""value"":1738497}",true,"{""confidenceSHA256"":""788ae0147bdf979a6575938ca2d7d4403788588f7be2010f03776c968fd1ab49"",""hasMotion"":true,""reliableFractionBits"":0,""reset"":true,""vectorsSHA256"":""ca954688e08310567d16960ff74c9983fbd4bc77c918b924a37f77d810b0668c"",""warpedLumaErrorBits"":1049003833}",1496,1,16588800,true
baseline,1,8294400,,"{""timescale"":24000,""value"":1001}",true,true,true,26e222bb9f5e7471b646ea2c9aaa390c6d8295fff6a32776e1c662fe80b942af,natural,true,false,"{""active"":323551232,""cache"":74761360,""peakActive"":398571792}",true,13,1056982134440791,1056982107589458,true,3,traversal-warmup,0.026851333,1496,"{""timescale"":24000,""value"":1739498}",false,"{""confidenceSHA256"":""ff24d7286b3978166808fccb18ded53d06f8a0687fe03a9af73eba1e698dc25c"",""hasMotion"":true,""reliableFractionBits"":1057945836,""reset"":false,""vectorsSHA256"":""b5af93cbe1cc5d1d7f6ad42630abe65e9ea2748429906730d52b29109c701e87"",""warpedLumaErrorBits"":996707947}",1497,1,16588800,false
baseline,1,8294400,true,"{""timescale"":24000,""value"":1001}",true,false,true,e7e2b99a952b73cd3f5f6d84afa8bc6182ca7e151166c9c5dfaa1fbfc557d4b8,natural,true,false,"{""active"":323551232,""cache"":74761360,""peakActive"":398571792}",true,14,1056982199136333,1056982169804166,true,3,traversal-warmup,0.029332167,1497,"{""timescale"":24000,""value"":1740499}",true,"{""confidenceSHA256"":""788ae0147bdf979a6575938ca2d7d4403788588f7be2010f03776c968fd1ab49"",""hasMotion"":true,""reliableFractionBits"":0,""reset"":true,""vectorsSHA256"":""1dd7f8a26e56dfba878da177773321a53dca3f2b9d00b46118d4425ec3093903"",""warpedLumaErrorBits"":1049357384}",1498,1,16588800,false
baseline,1,8294400,true,"{""timescale"":24000,""value"":1001}",false,true,true,14bb670c4466232e6ab633a2a6fdefd4c99bace2d8b10f6043f30829c0354b17,natural,true,true,"{""active"":323551232,""cache"":74761360,""peakActive"":398571792}",true,15,1056982265913666,1056982238351125,true,3,measured,0.027562541,1498,"{""timescale"":24000,""value"":1741500}",false,"{""confidenceSHA256"":""e4d7d9ae97135d7dc185243b19490a1f40bcca651cf2b759538db368bedc01b7"",""hasMotion"":true,""reliableFractionBits"":1058754825,""reset"":false,""vectorsSHA256"":""ee54d44ebac3dca564784630aa7e04eb0e50afdb17521dfa1b05c85b78882a48"",""warpedLumaErrorBits"":994358578}",1499,1,16588800,false
baseline,1,8294400,,"{""timescale"":24000,""value"":1001}",false,false,true,d0803a559d88c0bd6b54e5cfded20c04d64f959e3c5009ee65a67a705aa33ce3,natural,true,true,"{""active"":323551232,""cache"":74761360,""peakActive"":398571792}",true,16,1056982335790916,1056982305165500,true,3,measured,0.030625416,1499,"{""timescale"":24000,""value"":1742501}",false,"{""confidenceSHA256"":""ff2eeb16566030b9dd06a8c01bbf967fa94070c40acdbbea6a0d2dc48c7167eb"",""hasMotion"":true,""reliableFractionBits"":1058843080,""reset"":false,""vectorsSHA256"":""26438fbe98f93bb7ea392c433b2bfd232c214d8aa921dac0b16df381e5575aa2"",""warpedLumaErrorBits"":993628541}",1500,1,16588800,false
baseline,1,8294400,,"{""timescale"":24000,""value"":1001}",false,false,true,4945f8e1ed2a6ce70e38e9f25e6ee38a7d2a8b0e0901cab474531c8113227e4e,natural,true,true,"{""active"":323551232,""cache"":74761360,""peakActive"":398571792}",true,17,1056982406218666,1056982373079791,true,3,measured,0.033138875,1500,"{""timescale"":24000,""value"":1743502}",false,"{""confidenceSHA256"":""7e53933ec6ffad34b19572512b6e4dd79cdf79d53cce1b9679f28641c8345004"",""hasMotion"":true,""reliableFractionBits"":1059399821,""reset"":false,""vectorsSHA256"":""7978f43a3bced6a1c55c28e1bf996272c6bc5d5c543a9ffead43532ef8542ed8"",""warpedLumaErrorBits"":996278982}",1501,1,16588800,false
baseline,1,8294400,,"{""timescale"":24000,""value"":1001}",false,false,true,ad7ed19b2a9ce48b75220fac53032ab41cea9d4eddfe62f09bb1c86e063d6e46,natural,true,true,"{""active"":323551232,""cache"":74761360,""peakActive"":398571792}",true,18,1056982477389375,1056982443749541,true,3,measured,0.033639834,1501,"{""timescale"":24000,""value"":1744503}",false,"{""confidenceSHA256"":""a1dc46082a3247c370a0bea80eac8a6a710ea1d6c4447263d927751d18344a45"",""hasMotion"":true,""reliableFractionBits"":1057767602,""reset"":false,""vectorsSHA256"":""e33097e78f0358cea2f0b6c880c8d7430606842815c4dde063dad6f92247d23d"",""warpedLumaErrorBits"":998857116}",1502,1,16588800,false
baseline,1,8294400,,"{""timescale"":24000,""value"":1001}",false,false,true,d0e5c2803d70ef53f24fac74b8d5709c4d6caeb53dcb90684c7e1275fa774a9b,natural,true,true,"{""active"":323551232,""cache"":74761360,""peakActive"":398571792}",true,19,1056982546825083,1056982512703041,true,3,measured,0.034122042,1502,"{""timescale"":24000,""value"":1745504}",false,"{""confidenceSHA256"":""258955f94ba510e2de8a6b14dfe07f10e1b6ab8e7d73c54fe6bc36c37eaa3d6d"",""hasMotion"":true,""reliableFractionBits"":1057932308,""reset"":false,""vectorsSHA256"":""78c5f5048602e5bfe730d96301fea06c51773051ba1cc57f91269c205da7c095"",""warpedLumaErrorBits"":1003234174}",1503,1,16588800,false
baseline,1,8294400,,"{""timescale"":24000,""value"":1001}",false,false,true,d841adda17732722059f6de44301e74fecb55acc82790a6183686bebf268ffa9,natural,true,true,"{""active"":323551232,""cache"":74761360,""peakActive"":398571792}",true,20,1056982612015125,1056982582491000,true,3,measured,0.029524125,1503,"{""timescale"":24000,""value"":1746505}",false,"{""confidenceSHA256"":""19e13139913e3ab371c6400a1c7c2c109d1d6fdfbe6cb24aaa64906f6d77c38d"",""hasMotion"":true,""reliableFractionBits"":1056893975,""reset"":false,""vectorsSHA256"":""24a3e209d060296693c3cbd16489d2a7e2d46cced3ec107c250b5b226a6785b8"",""warpedLumaErrorBits"":1006775909}",1504,1,16588800,false
baseline,1,8294400,,"{""timescale"":24000,""value"":1001}",false,false,true,5e9f8c578fbdaa9a79951a9a0b0db54ad2a6dc573f3248623711260204a2f518,natural,true,true,"{""active"":323551232,""cache"":74761360,""peakActive"":398571792}",true,21,1056982683053125,1056982649405125,true,3,measured,0.033648,1504,"{""timescale"":24000,""value"":1747506}",false,"{""confidenceSHA256"":""def4be0fb3fad44d0bba17f4ec87b34a29779692689a1e34b7c1d14c9890783d"",""hasMotion"":true,""reliableFractionBits"":1057428587,""reset"":false,""vectorsSHA256"":""d25a99836273ea0743af4085c581ad6a8686930de7930c31b2dc4751ddf3138e"",""warpedLumaErrorBits"":1006014090}",1505,1,16588800,false
baseline,1,8294400,,"{""timescale"":24000,""value"":1001}",false,false,true,005b4fbe5a259b3440cdbacb4d77d7d1174f34b0c160e36ea1d31a6d1e17e58c,natural,true,true,"{""active"":323551232,""cache"":74761360,""peakActive"":398571792}",true,22,1056982747540458,1056982718899500,true,3,measured,0.028640958,1505,"{""timescale"":24000,""value"":1748507}",false,"{""confidenceSHA256"":""4884d6f9f54612fb41275b8e8d13cddd2192972bfafae0abaa4314560ed442e6"",""hasMotion"":true,""reliableFractionBits"":1054758990,""reset"":false,""vectorsSHA256"":""6535db30047013aff9361867183968d00e14f046061dc1e02eb431fc8c269d36"",""warpedLumaErrorBits"":1006712293}",1506,1,16588800,false
baseline,1,8294400,,"{""timescale"":24000,""value"":1001}",false,false,true,ae848c323367785c4afaf1dce9a980f379438c1285609a99009bbad4ea0dc89b,natural,true,true,"{""active"":323551232,""cache"":74761360,""peakActive"":398571792}",true,23,1056982814649333,1056982783398291,true,3,measured,0.031251042,1506,"{""timescale"":24000,""value"":1749508}",false,"{""confidenceSHA256"":""4a85e0bcb8f464c66c75cb11c1eec19ea4773c4d0c27fb17ca25c0938dce94de"",""hasMotion"":true,""reliableFractionBits"":1057566584,""reset"":false,""vectorsSHA256"":""95337bec55e8cd043e66cac3aa222461d766c6318d86d69f2b8bc74569569192"",""warpedLumaErrorBits"":1007816552}",1507,1,16588800,false
baseline,1,8294400,,"{""timescale"":24000,""value"":1001}",true,true,true,2067ac390b0ae7bb329aa2412208bdd5cd343cce076d9e653723773fae4aeb2f,natural,true,false,"{""active"":323551232,""cache"":74761360,""peakActive"":398571792}",true,24,1056982878583125,1056982850856291,true,3,traversal-warmup,0.027726834,1507,"{""timescale"":24000,""value"":1738497}",true,"{""confidenceSHA256"":""788ae0147bdf979a6575938ca2d7d4403788588f7be2010f03776c968fd1ab49"",""hasMotion"":true,""reliableFractionBits"":0,""reset"":true,""vectorsSHA256"":""ca954688e08310567d16960ff74c9983fbd4bc77c918b924a37f77d810b0668c"",""warpedLumaErrorBits"":1049003833}",1496,2,16588800,true
baseline,1,8294400,,"{""timescale"":24000,""value"":1001}",true,true,true,26e222bb9f5e7471b646ea2c9aaa390c6d8295fff6a32776e1c662fe80b942af,natural,true,false,"{""active"":323551232,""cache"":74761360,""peakActive"":398571792}",true,25,1056982942384916,1056982914954833,true,3,traversal-warmup,0.027430083,1496,"{""timescale"":24000,""value"":1739498}",false,"{""confidenceSHA256"":""ff24d7286b3978166808fccb18ded53d06f8a0687fe03a9af73eba1e698dc25c"",""hasMotion"":true,""reliableFractionBits"":1057945836,""reset"":false,""vectorsSHA256"":""b5af93cbe1cc5d1d7f6ad42630abe65e9ea2748429906730d52b29109c701e87"",""warpedLumaErrorBits"":996707947}",1497,2,16588800,false
baseline,1,8294400,true,"{""timescale"":24000,""value"":1001}",true,false,true,e7e2b99a952b73cd3f5f6d84afa8bc6182ca7e151166c9c5dfaa1fbfc557d4b8,natural,true,false,"{""active"":323551232,""cache"":74761360,""peakActive"":398571792}",true,26,1056983013729750,1056982978500125,true,3,traversal-warmup,0.035229625,1497,"{""timescale"":24000,""value"":1740499}",true,"{""confidenceSHA256"":""788ae0147bdf979a6575938ca2d7d4403788588f7be2010f03776c968fd1ab49"",""hasMotion"":true,""reliableFractionBits"":0,""reset"":true,""vectorsSHA256"":""1dd7f8a26e56dfba878da177773321a53dca3f2b9d00b46118d4425ec3093903"",""warpedLumaErrorBits"":1049357384}",1498,2,16588800,false
baseline,1,8294400,true,"{""timescale"":24000,""value"":1001}",false,true,true,14bb670c4466232e6ab633a2a6fdefd4c99bace2d8b10f6043f30829c0354b17,natural,true,true,"{""active"":323551232,""cache"":74761360,""peakActive"":398571792}",true,27,1056983077692708,1056983052655250,true,3,measured,0.025037458,1498,"{""timescale"":24000,""value"":1741500}",false,"{""confidenceSHA256"":""e4d7d9ae97135d7dc185243b19490a1f40bcca651cf2b759538db368bedc01b7"",""hasMotion"":true,""reliableFractionBits"":1058754825,""reset"":false,""vectorsSHA256"":""ee54d44ebac3dca564784630aa7e04eb0e50afdb17521dfa1b05c85b78882a48"",""warpedLumaErrorBits"":994358578}",1499,2,16588800,false
baseline,1,8294400,,"{""timescale"":24000,""value"":1001}",false,false,true,d0803a559d88c0bd6b54e5cfded20c04d64f959e3c5009ee65a67a705aa33ce3,natural,true,true,"{""active"":323551232,""cache"":74761360,""peakActive"":398571792}",true,28,1056983149183791,1056983116629916,true,3,measured,0.032553875,1499,"{""timescale"":24000,""value"":1742501}",false,"{""confidenceSHA256"":""ff2eeb16566030b9dd06a8c01bbf967fa94070c40acdbbea6a0d2dc48c7167eb"",""hasMotion"":true,""reliableFractionBits"":1058843080,""reset"":false,""vectorsSHA256"":""26438fbe98f93bb7ea392c433b2bfd232c214d8aa921dac0b16df381e5575aa2"",""warpedLumaErrorBits"":993628541}",1500,2,16588800,false
baseline,1,8294400,,"{""timescale"":24000,""value"":1001}",false,false,true,4945f8e1ed2a6ce70e38e9f25e6ee38a7d2a8b0e0901cab474531c8113227e4e,natural,true,true,"{""active"":323551232,""cache"":74761360,""peakActive"":398571792}",true,29,1056983215393541,1056983186740666,true,3,measured,0.028652875,1500,"{""timescale"":24000,""value"":1743502}",false,"{""confidenceSHA256"":""7e53933ec6ffad34b19572512b6e4dd79cdf79d53cce1b9679f28641c8345004"",""hasMotion"":true,""reliableFractionBits"":1059399821,""reset"":false,""vectorsSHA256"":""7978f43a3bced6a1c55c28e1bf996272c6bc5d5c543a9ffead43532ef8542ed8"",""warpedLumaErrorBits"":996278982}",1501,2,16588800,false
baseline,1,8294400,,"{""timescale"":24000,""value"":1001}",false,false,true,ad7ed19b2a9ce48b75220fac53032ab41cea9d4eddfe62f09bb1c86e063d6e46,natural,true,true,"{""active"":323551232,""cache"":74761360,""peakActive"":398571792}",true,30,1056983288509083,1056983252000708,true,3,measured,0.036508375,1501,"{""timescale"":24000,""value"":1744503}",false,"{""confidenceSHA256"":""a1dc46082a3247c370a0bea80eac8a6a710ea1d6c4447263d927751d18344a45"",""hasMotion"":true,""reliableFractionBits"":1057767602,""reset"":false,""vectorsSHA256"":""e33097e78f0358cea2f0b6c880c8d7430606842815c4dde063dad6f92247d23d"",""warpedLumaErrorBits"":998857116}",1502,2,16588800,false
baseline,1,8294400,,"{""timescale"":24000,""value"":1001}",false,false,true,d0e5c2803d70ef53f24fac74b8d5709c4d6caeb53dcb90684c7e1275fa774a9b,natural,true,true,"{""active"":323551232,""cache"":74761360,""peakActive"":398571792}",true,31,1056983356404000,1056983325829250,true,3,measured,0.03057475,1502,"{""timescale"":24000,""value"":1745504}",false,"{""confidenceSHA256"":""258955f94ba510e2de8a6b14dfe07f10e1b6ab8e7d73c54fe6bc36c37eaa3d6d"",""hasMotion"":true,""reliableFractionBits"":1057932308,""reset"":false,""vectorsSHA256"":""78c5f5048602e5bfe730d96301fea06c51773051ba1cc57f91269c205da7c095"",""warpedLumaErrorBits"":1003234174}",1503,2,16588800,false
baseline,1,8294400,,"{""timescale"":24000,""value"":1001}",false,false,true,d841adda17732722059f6de44301e74fecb55acc82790a6183686bebf268ffa9,natural,true,true,"{""active"":323551232,""cache"":74761360,""peakActive"":398571792}",true,32,1056983423183458,1056983395150541,true,3,measured,0.028032917,1503,"{""timescale"":24000,""value"":1746505}",false,"{""confidenceSHA256"":""19e13139913e3ab371c6400a1c7c2c109d1d6fdfbe6cb24aaa64906f6d77c38d"",""hasMotion"":true,""reliableFractionBits"":1056893975,""reset"":false,""vectorsSHA256"":""24a3e209d060296693c3cbd16489d2a7e2d46cced3ec107c250b5b226a6785b8"",""warpedLumaErrorBits"":1006775909}",1504,2,16588800,false
baseline,1,8294400,,"{""timescale"":24000,""value"":1001}",false,false,true,5e9f8c578fbdaa9a79951a9a0b0db54ad2a6dc573f3248623711260204a2f518,natural,true,true,"{""active"":323551232,""cache"":74761360,""peakActive"":398571792}",true,33,1056983490605041,1056983461653875,true,3,measured,0.028951166,1504,"{""timescale"":24000,""value"":1747506}",false,"{""confidenceSHA256"":""def4be0fb3fad44d0bba17f4ec87b34a29779692689a1e34b7c1d14c9890783d"",""hasMotion"":true,""reliableFractionBits"":1057428587,""reset"":false,""vectorsSHA256"":""d25a99836273ea0743af4085c581ad6a8686930de7930c31b2dc4751ddf3138e"",""warpedLumaErrorBits"":1006014090}",1505,2,16588800,false
baseline,1,8294400,,"{""timescale"":24000,""value"":1001}",false,false,true,005b4fbe5a259b3440cdbacb4d77d7d1174f34b0c160e36ea1d31a6d1e17e58c,natural,true,true,"{""active"":323551232,""cache"":74761360,""peakActive"":398571792}",true,34,1056983558324833,1056983530821458,true,3,measured,0.027503375,1505,"{""timescale"":24000,""value"":1748507}",false,"{""confidenceSHA256"":""4884d6f9f54612fb41275b8e8d13cddd2192972bfafae0abaa4314560ed442e6"",""hasMotion"":true,""reliableFractionBits"":1054758990,""reset"":false,""vectorsSHA256"":""6535db30047013aff9361867183968d00e14f046061dc1e02eb431fc8c269d36"",""warpedLumaErrorBits"":1006712293}",1506,2,16588800,false
baseline,1,8294400,,"{""timescale"":24000,""value"":1001}",false,false,true,ae848c323367785c4afaf1dce9a980f379438c1285609a99009bbad4ea0dc89b,natural,true,true,"{""active"":323551232,""cache"":74761360,""peakActive"":398571792}",true,35,1056983631702791,1056983598964666,true,3,measured,0.032738125,1506,"{""timescale"":24000,""value"":1749508}",false,"{""confidenceSHA256"":""4a85e0bcb8f464c66c75cb11c1eec19ea4773c4d0c27fb17ca25c0938dce94de"",""hasMotion"":true,""reliableFractionBits"":1057566584,""reset"":false,""vectorsSHA256"":""95337bec55e8cd043e66cac3aa222461d766c6318d86d69f2b8bc74569569192"",""warpedLumaErrorBits"":1007816552}",1507,2,16588800,false
