workload,completedWallSeconds,arm,armIndex,confidence,endUptimeNanoseconds,erosionCompletedWallSeconds,expectedByteEqual,expectedSHA256,historicalProductionExact,inputSHA256,maskIndex,maskName,maskProvenance,measured,mlxBytes,motionCompletedWallSeconds,orderIndex,outputBytes,outputNonfiniteScalars,outputSHA256,pairIndex,pass,phase,previousSourceFrameIndex,reliableFractionBits,reset,scalarValuesFinite,sourceFrameIndex,sourcePairIndex,startUptimeNanoseconds,vectors,warpedLumaErrorBits
isolated,0.00325425,baseline,0,,1055743039786000,0.00325425,true,ff24d7286b3978166808fccb18ded53d06f8a0687fe03a9af73eba1e698dc25c,,7389257eb62b35d1311f9027f2cc088363fdef9f52406398a05024e96ca7634f,0,natural-1497,natural,false,"{""active"":124600352,""cache"":10393010,""peakActive"":134987808}",,0,8294400,0,ff24d7286b3978166808fccb18ded53d06f8a0687fe03a9af73eba1e698dc25c,0,0,first-isolated,,,,,1497,,1055743036531750,,
isolated,0.002791333,candidate,1,,1055743049956458,0.002791333,true,ff24d7286b3978166808fccb18ded53d06f8a0687fe03a9af73eba1e698dc25c,,7389257eb62b35d1311f9027f2cc088363fdef9f52406398a05024e96ca7634f,0,natural-1497,natural,false,"{""active"":126681120,""cache"":8312242,""peakActive"":134987808}",,0,8294400,0,ff24d7286b3978166808fccb18ded53d06f8a0687fe03a9af73eba1e698dc25c,0,0,first-isolated,,,,,1497,,1055743047165125,,
isolated,0.001103625,candidate,0,,1055743067058250,0.001103625,true,788ae0147bdf979a6575938ca2d7d4403788588f7be2010f03776c968fd1ab49,,788ae0147bdf979a6575938ca2d7d4403788588f7be2010f03776c968fd1ab49,1,natural-1498,natural,false,"{""active"":126681120,""cache"":8312242,""peakActive"":134987808}",,1,8294400,0,788ae0147bdf979a6575938ca2d7d4403788588f7be2010f03776c968fd1ab49,1,0,first-isolated,,,,,1498,,1055743065954625,,
isolated,0.001127833,baseline,1,,1055743075462458,0.001127833,true,788ae0147bdf979a6575938ca2d7d4403788588f7be2010f03776c968fd1ab49,,788ae0147bdf979a6575938ca2d7d4403788588f7be2010f03776c968fd1ab49,1,natural-1498,natural,false,"{""active"":124600352,""cache"":10393010,""peakActive"":134987808}",,1,8294400,0,788ae0147bdf979a6575938ca2d7d4403788588f7be2010f03776c968fd1ab49,1,0,first-isolated,,,,,1498,,1055743074334625,,
isolated,0.003583958,baseline,0,,1055743095266541,0.003583958,true,e4d7d9ae97135d7dc185243b19490a1f40bcca651cf2b759538db368bedc01b7,,189292e00661ef089f37c248b608e927d6ac2828d78ec57b3b8a070aee243ef1,2,natural-1499,natural,false,"{""active"":124600352,""cache"":10393010,""peakActive"":134987808}",,2,8294400,0,e4d7d9ae97135d7dc185243b19490a1f40bcca651cf2b759538db368bedc01b7,2,0,first-isolated,,,,,1499,,1055743091682583,,
isolated,0.002828208,candidate,1,,1055743105614583,0.002828208,true,e4d7d9ae97135d7dc185243b19490a1f40bcca651cf2b759538db368bedc01b7,,189292e00661ef089f37c248b608e927d6ac2828d78ec57b3b8a070aee243ef1,2,natural-1499,natural,false,"{""active"":126681120,""cache"":8312242,""peakActive"":134987808}",,2,8294400,0,e4d7d9ae97135d7dc185243b19490a1f40bcca651cf2b759538db368bedc01b7,2,0,first-isolated,,,,,1499,,1055743102786375,,
isolated,0.001683084,candidate,0,,1055743124899125,0.001683084,true,ff2eeb16566030b9dd06a8c01bbf967fa94070c40acdbbea6a0d2dc48c7167eb,,a1831330a8b322484403fd9244f7cff12dcec82bc068b0215790e84a55edb66c,3,natural-1500,natural,false,"{""active"":126681120,""cache"":8312242,""peakActive"":134987808}",,3,8294400,0,ff2eeb16566030b9dd06a8c01bbf967fa94070c40acdbbea6a0d2dc48c7167eb,3,0,first-isolated,,,,,1500,,1055743123216041,,
isolated,0.003511958,baseline,1,,1055743135859333,0.003511958,true,ff2eeb16566030b9dd06a8c01bbf967fa94070c40acdbbea6a0d2dc48c7167eb,,a1831330a8b322484403fd9244f7cff12dcec82bc068b0215790e84a55edb66c,3,natural-1500,natural,false,"{""active"":124600352,""cache"":10393010,""peakActive"":134987808}",,3,8294400,0,ff2eeb16566030b9dd06a8c01bbf967fa94070c40acdbbea6a0d2dc48c7167eb,3,0,first-isolated,,,,,1500,,1055743132347375,,
isolated,0.00550425,baseline,0,,1055743159211083,0.00550425,true,7e53933ec6ffad34b19572512b6e4dd79cdf79d53cce1b9679f28641c8345004,,10a50f2709cccd846b33cda5498a15b41ad61332e2284bd7c8a188f4134d4c12,4,natural-1501,natural,false,"{""active"":124600352,""cache"":10393010,""peakActive"":134987808}",,4,8294400,0,7e53933ec6ffad34b19572512b6e4dd79cdf79d53cce1b9679f28641c8345004,4,0,first-isolated,,,,,1501,,1055743153706833,,
isolated,0.003162667,candidate,1,,1055743170401750,0.003162667,true,7e53933ec6ffad34b19572512b6e4dd79cdf79d53cce1b9679f28641c8345004,,10a50f2709cccd846b33cda5498a15b41ad61332e2284bd7c8a188f4134d4c12,4,natural-1501,natural,false,"{""active"":126681120,""cache"":8312242,""peakActive"":134987808}",,4,8294400,0,7e53933ec6ffad34b19572512b6e4dd79cdf79d53cce1b9679f28641c8345004,4,0,first-isolated,,,,,1501,,1055743167239083,,
isolated,0.002704042,candidate,0,,1055743189558000,0.002704042,true,a1dc46082a3247c370a0bea80eac8a6a710ea1d6c4447263d927751d18344a45,,80fb7b59839bc3ef553ea700cca4948213992df8929b065322b349df5c2b9974,5,natural-1502,natural,false,"{""active"":126681120,""cache"":8312242,""peakActive"":134987808}",,5,8294400,0,a1dc46082a3247c370a0bea80eac8a6a710ea1d6c4447263d927751d18344a45,5,0,first-isolated,,,,,1502,,1055743186853958,,
isolated,0.003419333,baseline,1,,1055743200701541,0.003419333,true,a1dc46082a3247c370a0bea80eac8a6a710ea1d6c4447263d927751d18344a45,,80fb7b59839bc3ef553ea700cca4948213992df8929b065322b349df5c2b9974,5,natural-1502,natural,false,"{""active"":124600352,""cache"":10393010,""peakActive"":134987808}",,5,8294400,0,a1dc46082a3247c370a0bea80eac8a6a710ea1d6c4447263d927751d18344a45,5,0,first-isolated,,,,,1502,,1055743197282208,,
isolated,0.006183833,baseline,0,,1055743223420083,0.006183833,true,258955f94ba510e2de8a6b14dfe07f10e1b6ab8e7d73c54fe6bc36c37eaa3d6d,,cb432adf0baf47a4e0ed095cc7d823427738c5aa006135d016d6ae9ddee87899,6,natural-1503,natural,false,"{""active"":124600352,""cache"":10393010,""peakActive"":134987808}",,6,8294400,0,258955f94ba510e2de8a6b14dfe07f10e1b6ab8e7d73c54fe6bc36c37eaa3d6d,6,0,first-isolated,,,,,1503,,1055743217236250,,
isolated,0.002849583,candidate,1,,1055743233997458,0.002849583,true,258955f94ba510e2de8a6b14dfe07f10e1b6ab8e7d73c54fe6bc36c37eaa3d6d,,cb432adf0baf47a4e0ed095cc7d823427738c5aa006135d016d6ae9ddee87899,6,natural-1503,natural,false,"{""active"":126681120,""cache"":8312242,""peakActive"":134987808}",,6,8294400,0,258955f94ba510e2de8a6b14dfe07f10e1b6ab8e7d73c54fe6bc36c37eaa3d6d,6,0,first-isolated,,,,,1503,,1055743231147875,,
isolated,0.000880459,candidate,0,,1055743251281125,0.000880459,true,19e13139913e3ab371c6400a1c7c2c109d1d6fdfbe6cb24aaa64906f6d77c38d,,bc1efaeb0a94427015bf1b360a9ed5013c1959c7be0f97eacee15e97fa4d5345,7,natural-1504,natural,false,"{""active"":126681120,""cache"":8312242,""peakActive"":134987808}",,7,8294400,0,19e13139913e3ab371c6400a1c7c2c109d1d6fdfbe6cb24aaa64906f6d77c38d,7,0,first-isolated,,,,,1504,,1055743250400666,,
isolated,0.003233458,baseline,1,,1055743262376833,0.003233458,true,19e13139913e3ab371c6400a1c7c2c109d1d6fdfbe6cb24aaa64906f6d77c38d,,bc1efaeb0a94427015bf1b360a9ed5013c1959c7be0f97eacee15e97fa4d5345,7,natural-1504,natural,false,"{""active"":124600352,""cache"":10393010,""peakActive"":134987808}",,7,8294400,0,19e13139913e3ab371c6400a1c7c2c109d1d6fdfbe6cb24aaa64906f6d77c38d,7,0,first-isolated,,,,,1504,,1055743259143375,,
isolated,0.003326834,baseline,0,,1055743282577500,0.003326834,true,def4be0fb3fad44d0bba17f4ec87b34a29779692689a1e34b7c1d14c9890783d,,3cd48e5b732947674c4a6e32824115b3e41ae92049a89938af339726f6f4ede5,8,natural-1505,natural,false,"{""active"":124600352,""cache"":10393010,""peakActive"":134987808}",,8,8294400,0,def4be0fb3fad44d0bba17f4ec87b34a29779692689a1e34b7c1d14c9890783d,8,0,first-isolated,,,,,1505,,1055743279250666,,
isolated,0.002735209,candidate,1,,1055743293347000,0.002735209,true,def4be0fb3fad44d0bba17f4ec87b34a29779692689a1e34b7c1d14c9890783d,,3cd48e5b732947674c4a6e32824115b3e41ae92049a89938af339726f6f4ede5,8,natural-1505,natural,false,"{""active"":126681120,""cache"":8312242,""peakActive"":134987808}",,8,8294400,0,def4be0fb3fad44d0bba17f4ec87b34a29779692689a1e34b7c1d14c9890783d,8,0,first-isolated,,,,,1505,,1055743290611791,,
isolated,0.00157625,candidate,0,,1055743311608375,0.00157625,true,4884d6f9f54612fb41275b8e8d13cddd2192972bfafae0abaa4314560ed442e6,,6c5f8a443a7b5b54701f1a7774dac18df1a092494a23d814bdd77e6c6bbe710b,9,natural-1506,natural,false,"{""active"":126681120,""cache"":8312242,""peakActive"":134987808}",,9,8294400,0,4884d6f9f54612fb41275b8e8d13cddd2192972bfafae0abaa4314560ed442e6,9,0,first-isolated,,,,,1506,,1055743310032125,,
isolated,0.005172083,baseline,1,,1055743324864291,0.005172083,true,4884d6f9f54612fb41275b8e8d13cddd2192972bfafae0abaa4314560ed442e6,,6c5f8a443a7b5b54701f1a7774dac18df1a092494a23d814bdd77e6c6bbe710b,9,natural-1506,natural,false,"{""active"":124600352,""cache"":10393010,""peakActive"":134987808}",,9,8294400,0,4884d6f9f54612fb41275b8e8d13cddd2192972bfafae0abaa4314560ed442e6,9,0,first-isolated,,,,,1506,,1055743319692208,,
isolated,0.006136417,baseline,0,,1055743347945500,0.006136417,true,4a85e0bcb8f464c66c75cb11c1eec19ea4773c4d0c27fb17ca25c0938dce94de,,8c68fdeba1e149eae0336bbc5b4aecca6822250c7a21a8bcb8a057ee93d8da2f,10,natural-1507,natural,false,"{""active"":124600352,""cache"":10393010,""peakActive"":134987808}",,10,8294400,0,4a85e0bcb8f464c66c75cb11c1eec19ea4773c4d0c27fb17ca25c0938dce94de,10,0,first-isolated,,,,,1507,,1055743341809083,,
isolated,0.002786375,candidate,1,,1055743359355541,0.002786375,true,4a85e0bcb8f464c66c75cb11c1eec19ea4773c4d0c27fb17ca25c0938dce94de,,8c68fdeba1e149eae0336bbc5b4aecca6822250c7a21a8bcb8a057ee93d8da2f,10,natural-1507,natural,false,"{""active"":126681120,""cache"":8312242,""peakActive"":134987808}",,10,8294400,0,4a85e0bcb8f464c66c75cb11c1eec19ea4773c4d0c27fb17ca25c0938dce94de,10,0,first-isolated,,,,,1507,,1055743356569166,,
isolated,0.0018375,candidate,0,,1055743379675083,0.0018375,true,8a51d9d7f9968563b7dd371f289fda22b1230b08f8f427295bd9f3c4250275e5,,8a51d9d7f9968563b7dd371f289fda22b1230b08f8f427295bd9f3c4250275e5,11,all-positive,synthetic,false,"{""active"":126681120,""cache"":8312242,""peakActive"":134987808}",,11,8294400,0,8a51d9d7f9968563b7dd371f289fda22b1230b08f8f427295bd9f3c4250275e5,11,0,first-isolated,,,,,null,,1055743377837583,,
isolated,0.007275459,baseline,1,,1055743395851125,0.007275459,true,8a51d9d7f9968563b7dd371f289fda22b1230b08f8f427295bd9f3c4250275e5,,8a51d9d7f9968563b7dd371f289fda22b1230b08f8f427295bd9f3c4250275e5,11,all-positive,synthetic,false,"{""active"":124600352,""cache"":10393010,""peakActive"":134987808}",,11,8294400,0,8a51d9d7f9968563b7dd371f289fda22b1230b08f8f427295bd9f3c4250275e5,11,0,first-isolated,,,,,null,,1055743388575666,,
isolated,0.005515666,baseline,0,,1055743418982791,0.005515666,true,2925f3cdc8173bf2ceb5c91d1bc8f9ad294f4b952c68c3bcada8b61c29b404ed,,80a6d83d82542a5c2fca9e35e10a611b62695ff07a8d290907159ff9876b37e8,12,sparse-invalid,synthetic,false,"{""active"":124600352,""cache"":10393010,""peakActive"":134987808}",,12,8294400,0,2925f3cdc8173bf2ceb5c91d1bc8f9ad294f4b952c68c3bcada8b61c29b404ed,12,0,first-isolated,,,,,null,,1055743413467125,,
isolated,0.003545125,candidate,1,,1055743430858125,0.003545125,true,2925f3cdc8173bf2ceb5c91d1bc8f9ad294f4b952c68c3bcada8b61c29b404ed,,80a6d83d82542a5c2fca9e35e10a611b62695ff07a8d290907159ff9876b37e8,12,sparse-invalid,synthetic,false,"{""active"":126681120,""cache"":8312242,""peakActive"":134987808}",,12,8294400,0,2925f3cdc8173bf2ceb5c91d1bc8f9ad294f4b952c68c3bcada8b61c29b404ed,12,0,first-isolated,,,,,null,,1055743427313000,,
isolated,0.00120275,candidate,0,,1055743449343666,0.00120275,true,788ae0147bdf979a6575938ca2d7d4403788588f7be2010f03776c968fd1ab49,,863b06634ceb4d3448bd4b50416825b3de7c01f07ab7f5f7272101def693195b,13,dense-invalid,synthetic,false,"{""active"":126681120,""cache"":8312242,""peakActive"":134987808}",,13,8294400,0,788ae0147bdf979a6575938ca2d7d4403788588f7be2010f03776c968fd1ab49,13,0,first-isolated,,,,,null,,1055743448140916,,
isolated,0.001169417,baseline,1,,1055743458918333,0.001169417,true,788ae0147bdf979a6575938ca2d7d4403788588f7be2010f03776c968fd1ab49,,863b06634ceb4d3448bd4b50416825b3de7c01f07ab7f5f7272101def693195b,13,dense-invalid,synthetic,false,"{""active"":124600352,""cache"":10393010,""peakActive"":134987808}",,13,8294400,0,788ae0147bdf979a6575938ca2d7d4403788588f7be2010f03776c968fd1ab49,13,0,first-isolated,,,,,null,,1055743457748916,,
isolated,0.002104209,baseline,0,,1055743478465375,0.002104209,true,788ae0147bdf979a6575938ca2d7d4403788588f7be2010f03776c968fd1ab49,,863b06634ceb4d3448bd4b50416825b3de7c01f07ab7f5f7272101def693195b,13,dense-invalid,synthetic,false,"{""active"":124600352,""cache"":10393010,""peakActive"":134987808}",,0,8294400,0,788ae0147bdf979a6575938ca2d7d4403788588f7be2010f03776c968fd1ab49,14,1,warmup,,,,,null,,1055743476361166,,
isolated,0.000948917,candidate,1,,1055743487798750,0.000948917,true,788ae0147bdf979a6575938ca2d7d4403788588f7be2010f03776c968fd1ab49,,863b06634ceb4d3448bd4b50416825b3de7c01f07ab7f5f7272101def693195b,13,dense-invalid,synthetic,false,"{""active"":126681120,""cache"":8312242,""peakActive"":134987808}",,0,8294400,0,788ae0147bdf979a6575938ca2d7d4403788588f7be2010f03776c968fd1ab49,14,1,warmup,,,,,null,,1055743486849833,,
isolated,0.00181425,candidate,0,,1055743508056625,0.00181425,true,2925f3cdc8173bf2ceb5c91d1bc8f9ad294f4b952c68c3bcada8b61c29b404ed,,80a6d83d82542a5c2fca9e35e10a611b62695ff07a8d290907159ff9876b37e8,12,sparse-invalid,synthetic,false,"{""active"":126681120,""cache"":8312242,""peakActive"":134987808}",,1,8294400,0,2925f3cdc8173bf2ceb5c91d1bc8f9ad294f4b952c68c3bcada8b61c29b404ed,15,1,warmup,,,,,null,,1055743506242375,,
isolated,0.004215458,baseline,1,,1055743520798166,0.004215458,true,2925f3cdc8173bf2ceb5c91d1bc8f9ad294f4b952c68c3bcada8b61c29b404ed,,80a6d83d82542a5c2fca9e35e10a611b62695ff07a8d290907159ff9876b37e8,12,sparse-invalid,synthetic,false,"{""active"":124600352,""cache"":10393010,""peakActive"":134987808}",,1,8294400,0,2925f3cdc8173bf2ceb5c91d1bc8f9ad294f4b952c68c3bcada8b61c29b404ed,15,1,warmup,,,,,null,,1055743516582708,,
isolated,0.004176542,baseline,0,,1055743542596333,0.004176542,true,8a51d9d7f9968563b7dd371f289fda22b1230b08f8f427295bd9f3c4250275e5,,8a51d9d7f9968563b7dd371f289fda22b1230b08f8f427295bd9f3c4250275e5,11,all-positive,synthetic,false,"{""active"":124600352,""cache"":10393010,""peakActive"":134987808}",,2,8294400,0,8a51d9d7f9968563b7dd371f289fda22b1230b08f8f427295bd9f3c4250275e5,16,1,warmup,,,,,null,,1055743538419791,,
isolated,0.003218209,candidate,1,,1055743554342500,0.003218209,true,8a51d9d7f9968563b7dd371f289fda22b1230b08f8f427295bd9f3c4250275e5,,8a51d9d7f9968563b7dd371f289fda22b1230b08f8f427295bd9f3c4250275e5,11,all-positive,synthetic,false,"{""active"":126681120,""cache"":8312242,""peakActive"":134987808}",,2,8294400,0,8a51d9d7f9968563b7dd371f289fda22b1230b08f8f427295bd9f3c4250275e5,16,1,warmup,,,,,null,,1055743551124291,,
isolated,0.002660792,candidate,0,,1055743575191208,0.002660792,true,4a85e0bcb8f464c66c75cb11c1eec19ea4773c4d0c27fb17ca25c0938dce94de,,8c68fdeba1e149eae0336bbc5b4aecca6822250c7a21a8bcb8a057ee93d8da2f,10,natural-1507,natural,false,"{""active"":126681120,""cache"":8312242,""peakActive"":134987808}",,3,8294400,0,4a85e0bcb8f464c66c75cb11c1eec19ea4773c4d0c27fb17ca25c0938dce94de,17,1,warmup,,,,,1507,,1055743572530416,,
isolated,0.003276375,baseline,1,,1055743587386083,0.003276375,true,4a85e0bcb8f464c66c75cb11c1eec19ea4773c4d0c27fb17ca25c0938dce94de,,8c68fdeba1e149eae0336bbc5b4aecca6822250c7a21a8bcb8a057ee93d8da2f,10,natural-1507,natural,false,"{""active"":124600352,""cache"":10393010,""peakActive"":134987808}",,3,8294400,0,4a85e0bcb8f464c66c75cb11c1eec19ea4773c4d0c27fb17ca25c0938dce94de,17,1,warmup,,,,,1507,,1055743584109708,,
isolated,0.00293325,baseline,0,,1055743609772708,0.00293325,true,4884d6f9f54612fb41275b8e8d13cddd2192972bfafae0abaa4314560ed442e6,,6c5f8a443a7b5b54701f1a7774dac18df1a092494a23d814bdd77e6c6bbe710b,9,natural-1506,natural,false,"{""active"":124600352,""cache"":10393010,""peakActive"":134987808}",,4,8294400,0,4884d6f9f54612fb41275b8e8d13cddd2192972bfafae0abaa4314560ed442e6,18,1,warmup,,,,,1506,,1055743606839458,,
isolated,0.002645875,candidate,1,,1055743622219291,0.002645875,true,4884d6f9f54612fb41275b8e8d13cddd2192972bfafae0abaa4314560ed442e6,,6c5f8a443a7b5b54701f1a7774dac18df1a092494a23d814bdd77e6c6bbe710b,9,natural-1506,natural,false,"{""active"":126681120,""cache"":8312242,""peakActive"":134987808}",,4,8294400,0,4884d6f9f54612fb41275b8e8d13cddd2192972bfafae0abaa4314560ed442e6,18,1,warmup,,,,,1506,,1055743619573416,,
isolated,0.002632167,candidate,0,,1055743645093333,0.002632167,true,def4be0fb3fad44d0bba17f4ec87b34a29779692689a1e34b7c1d14c9890783d,,3cd48e5b732947674c4a6e32824115b3e41ae92049a89938af339726f6f4ede5,8,natural-1505,natural,false,"{""active"":126681120,""cache"":8312242,""peakActive"":134987808}",,5,8294400,0,def4be0fb3fad44d0bba17f4ec87b34a29779692689a1e34b7c1d14c9890783d,19,1,warmup,,,,,1505,,1055743642461166,,
isolated,0.005655875,baseline,1,,1055743660032708,0.005655875,true,def4be0fb3fad44d0bba17f4ec87b34a29779692689a1e34b7c1d14c9890783d,,3cd48e5b732947674c4a6e32824115b3e41ae92049a89938af339726f6f4ede5,8,natural-1505,natural,false,"{""active"":124600352,""cache"":10393010,""peakActive"":134987808}",,5,8294400,0,def4be0fb3fad44d0bba17f4ec87b34a29779692689a1e34b7c1d14c9890783d,19,1,warmup,,,,,1505,,1055743654376833,,
isolated,0.003531166,baseline,0,,1055743682375541,0.003531166,true,19e13139913e3ab371c6400a1c7c2c109d1d6fdfbe6cb24aaa64906f6d77c38d,,bc1efaeb0a94427015bf1b360a9ed5013c1959c7be0f97eacee15e97fa4d5345,7,natural-1504,natural,false,"{""active"":124600352,""cache"":10393010,""peakActive"":134987808}",,6,8294400,0,19e13139913e3ab371c6400a1c7c2c109d1d6fdfbe6cb24aaa64906f6d77c38d,20,1,warmup,,,,,1504,,1055743678844375,,
isolated,0.002680709,candidate,1,,1055743695217625,0.002680709,true,19e13139913e3ab371c6400a1c7c2c109d1d6fdfbe6cb24aaa64906f6d77c38d,,bc1efaeb0a94427015bf1b360a9ed5013c1959c7be0f97eacee15e97fa4d5345,7,natural-1504,natural,false,"{""active"":126681120,""cache"":8312242,""peakActive"":134987808}",,6,8294400,0,19e13139913e3ab371c6400a1c7c2c109d1d6fdfbe6cb24aaa64906f6d77c38d,20,1,warmup,,,,,1504,,1055743692536916,,
isolated,0.001633333,candidate,0,,1055743716122916,0.001633333,true,258955f94ba510e2de8a6b14dfe07f10e1b6ab8e7d73c54fe6bc36c37eaa3d6d,,cb432adf0baf47a4e0ed095cc7d823427738c5aa006135d016d6ae9ddee87899,6,natural-1503,natural,false,"{""active"":126681120,""cache"":8312242,""peakActive"":134987808}",,7,8294400,0,258955f94ba510e2de8a6b14dfe07f10e1b6ab8e7d73c54fe6bc36c37eaa3d6d,21,1,warmup,,,,,1503,,1055743714489583,,
isolated,0.006348375,baseline,1,,1055743731915041,0.006348375,true,258955f94ba510e2de8a6b14dfe07f10e1b6ab8e7d73c54fe6bc36c37eaa3d6d,,cb432adf0baf47a4e0ed095cc7d823427738c5aa006135d016d6ae9ddee87899,6,natural-1503,natural,false,"{""active"":124600352,""cache"":10393010,""peakActive"":134987808}",,7,8294400,0,258955f94ba510e2de8a6b14dfe07f10e1b6ab8e7d73c54fe6bc36c37eaa3d6d,21,1,warmup,,,,,1503,,1055743725566666,,
isolated,0.003420833,baseline,0,,1055743754226833,0.003420833,true,a1dc46082a3247c370a0bea80eac8a6a710ea1d6c4447263d927751d18344a45,,80fb7b59839bc3ef553ea700cca4948213992df8929b065322b349df5c2b9974,5,natural-1502,natural,false,"{""active"":124600352,""cache"":10393010,""peakActive"":134987808}",,8,8294400,0,a1dc46082a3247c370a0bea80eac8a6a710ea1d6c4447263d927751d18344a45,22,1,warmup,,,,,1502,,1055743750806000,,
isolated,0.001666792,candidate,1,,1055743765162125,0.001666792,true,a1dc46082a3247c370a0bea80eac8a6a710ea1d6c4447263d927751d18344a45,,80fb7b59839bc3ef553ea700cca4948213992df8929b065322b349df5c2b9974,5,natural-1502,natural,false,"{""active"":126681120,""cache"":8312242,""peakActive"":134987808}",,8,8294400,0,a1dc46082a3247c370a0bea80eac8a6a710ea1d6c4447263d927751d18344a45,22,1,warmup,,,,,1502,,1055743763495333,,
isolated,0.002679083,candidate,0,,1055743787223208,0.002679083,true,7e53933ec6ffad34b19572512b6e4dd79cdf79d53cce1b9679f28641c8345004,,10a50f2709cccd846b33cda5498a15b41ad61332e2284bd7c8a188f4134d4c12,4,natural-1501,natural,false,"{""active"":126681120,""cache"":8312242,""peakActive"":134987808}",,9,8294400,0,7e53933ec6ffad34b19572512b6e4dd79cdf79d53cce1b9679f28641c8345004,23,1,warmup,,,,,1501,,1055743784544125,,
isolated,0.006823208,baseline,1,,1055743803448208,0.006823208,true,7e53933ec6ffad34b19572512b6e4dd79cdf79d53cce1b9679f28641c8345004,,10a50f2709cccd846b33cda5498a15b41ad61332e2284bd7c8a188f4134d4c12,4,natural-1501,natural,false,"{""active"":124600352,""cache"":10393010,""peakActive"":134987808}",,9,8294400,0,7e53933ec6ffad34b19572512b6e4dd79cdf79d53cce1b9679f28641c8345004,23,1,warmup,,,,,1501,,1055743796625000,,
isolated,0.0035345,baseline,0,,1055743826068250,0.0035345,true,ff2eeb16566030b9dd06a8c01bbf967fa94070c40acdbbea6a0d2dc48c7167eb,,a1831330a8b322484403fd9244f7cff12dcec82bc068b0215790e84a55edb66c,3,natural-1500,natural,false,"{""active"":124600352,""cache"":10393010,""peakActive"":134987808}",,10,8294400,0,ff2eeb16566030b9dd06a8c01bbf967fa94070c40acdbbea6a0d2dc48c7167eb,24,1,warmup,,,,,1500,,1055743822533750,,
isolated,0.001675084,candidate,1,,1055743837264500,0.001675084,true,ff2eeb16566030b9dd06a8c01bbf967fa94070c40acdbbea6a0d2dc48c7167eb,,a1831330a8b322484403fd9244f7cff12dcec82bc068b0215790e84a55edb66c,3,natural-1500,natural,false,"{""active"":126681120,""cache"":8312242,""peakActive"":134987808}",,10,8294400,0,ff2eeb16566030b9dd06a8c01bbf967fa94070c40acdbbea6a0d2dc48c7167eb,24,1,warmup,,,,,1500,,1055743835589416,,
isolated,0.001657209,candidate,0,,1055743857755750,0.001657209,true,e4d7d9ae97135d7dc185243b19490a1f40bcca651cf2b759538db368bedc01b7,,189292e00661ef089f37c248b608e927d6ac2828d78ec57b3b8a070aee243ef1,2,natural-1499,natural,false,"{""active"":126681120,""cache"":8312242,""peakActive"":134987808}",,11,8294400,0,e4d7d9ae97135d7dc185243b19490a1f40bcca651cf2b759538db368bedc01b7,25,1,warmup,,,,,1499,,1055743856098541,,
isolated,0.006388083,baseline,1,,1055743873636416,0.006388083,true,e4d7d9ae97135d7dc185243b19490a1f40bcca651cf2b759538db368bedc01b7,,189292e00661ef089f37c248b608e927d6ac2828d78ec57b3b8a070aee243ef1,2,natural-1499,natural,false,"{""active"":124600352,""cache"":10393010,""peakActive"":134987808}",,11,8294400,0,e4d7d9ae97135d7dc185243b19490a1f40bcca651cf2b759538db368bedc01b7,25,1,warmup,,,,,1499,,1055743867248333,,
isolated,0.001439125,baseline,0,,1055743894787666,0.001439125,true,788ae0147bdf979a6575938ca2d7d4403788588f7be2010f03776c968fd1ab49,,788ae0147bdf979a6575938ca2d7d4403788588f7be2010f03776c968fd1ab49,1,natural-1498,natural,false,"{""active"":124600352,""cache"":10393010,""peakActive"":134987808}",,12,8294400,0,788ae0147bdf979a6575938ca2d7d4403788588f7be2010f03776c968fd1ab49,26,1,warmup,,,,,1498,,1055743893348541,,
isolated,0.001063167,candidate,1,,1055743905781500,0.001063167,true,788ae0147bdf979a6575938ca2d7d4403788588f7be2010f03776c968fd1ab49,,788ae0147bdf979a6575938ca2d7d4403788588f7be2010f03776c968fd1ab49,1,natural-1498,natural,false,"{""active"":126681120,""cache"":8312242,""peakActive"":134987808}",,12,8294400,0,788ae0147bdf979a6575938ca2d7d4403788588f7be2010f03776c968fd1ab49,26,1,warmup,,,,,1498,,1055743904718333,,
isolated,0.002810625,candidate,0,,1055743930159041,0.002810625,true,ff24d7286b3978166808fccb18ded53d06f8a0687fe03a9af73eba1e698dc25c,,7389257eb62b35d1311f9027f2cc088363fdef9f52406398a05024e96ca7634f,0,natural-1497,natural,false,"{""active"":126681120,""cache"":8312242,""peakActive"":134987808}",,13,8294400,0,ff24d7286b3978166808fccb18ded53d06f8a0687fe03a9af73eba1e698dc25c,27,1,warmup,,,,,1497,,1055743927348416,,
isolated,0.005945333,baseline,1,,1055743951723291,0.005945333,true,ff24d7286b3978166808fccb18ded53d06f8a0687fe03a9af73eba1e698dc25c,,7389257eb62b35d1311f9027f2cc088363fdef9f52406398a05024e96ca7634f,0,natural-1497,natural,false,"{""active"":124600352,""cache"":10393010,""peakActive"":134987808}",,13,8294400,0,ff24d7286b3978166808fccb18ded53d06f8a0687fe03a9af73eba1e698dc25c,27,1,warmup,,,,,1497,,1055743945777958,,
isolated,0.006223416,baseline,0,,1055743984120416,0.006223416,true,ff24d7286b3978166808fccb18ded53d06f8a0687fe03a9af73eba1e698dc25c,,7389257eb62b35d1311f9027f2cc088363fdef9f52406398a05024e96ca7634f,0,natural-1497,natural,false,"{""active"":124600352,""cache"":10393010,""peakActive"":134987808}",,0,8294400,0,ff24d7286b3978166808fccb18ded53d06f8a0687fe03a9af73eba1e698dc25c,28,2,warmup,,,,,1497,,1055743977897000,,
isolated,0.002918042,candidate,1,,1055744000259083,0.002918042,true,ff24d7286b3978166808fccb18ded53d06f8a0687fe03a9af73eba1e698dc25c,,7389257eb62b35d1311f9027f2cc088363fdef9f52406398a05024e96ca7634f,0,natural-1497,natural,false,"{""active"":126681120,""cache"":8312242,""peakActive"":134987808}",,0,8294400,0,ff24d7286b3978166808fccb18ded53d06f8a0687fe03a9af73eba1e698dc25c,28,2,warmup,,,,,1497,,1055743997341041,,
isolated,0.001128625,candidate,0,,1055744028978791,0.001128625,true,788ae0147bdf979a6575938ca2d7d4403788588f7be2010f03776c968fd1ab49,,788ae0147bdf979a6575938ca2d7d4403788588f7be2010f03776c968fd1ab49,1,natural-1498,natural,false,"{""active"":126681120,""cache"":8312242,""peakActive"":134987808}",,1,8294400,0,788ae0147bdf979a6575938ca2d7d4403788588f7be2010f03776c968fd1ab49,29,2,warmup,,,,,1498,,1055744027850166,,
isolated,0.001190083,baseline,1,,1055744040816208,0.001190083,true,788ae0147bdf979a6575938ca2d7d4403788588f7be2010f03776c968fd1ab49,,788ae0147bdf979a6575938ca2d7d4403788588f7be2010f03776c968fd1ab49,1,natural-1498,natural,false,"{""active"":124600352,""cache"":10393010,""peakActive"":134987808}",,1,8294400,0,788ae0147bdf979a6575938ca2d7d4403788588f7be2010f03776c968fd1ab49,29,2,warmup,,,,,1498,,1055744039626125,,
isolated,0.006353542,baseline,0,,1055744068929458,0.006353542,true,e4d7d9ae97135d7dc185243b19490a1f40bcca651cf2b759538db368bedc01b7,,189292e00661ef089f37c248b608e927d6ac2828d78ec57b3b8a070aee243ef1,2,natural-1499,natural,false,"{""active"":124600352,""cache"":10393010,""peakActive"":134987808}",,2,8294400,0,e4d7d9ae97135d7dc185243b19490a1f40bcca651cf2b759538db368bedc01b7,30,2,warmup,,,,,1499,,1055744062575916,,
isolated,0.001695583,candidate,1,,1055744081509916,0.001695583,true,e4d7d9ae97135d7dc185243b19490a1f40bcca651cf2b759538db368bedc01b7,,189292e00661ef089f37c248b608e927d6ac2828d78ec57b3b8a070aee243ef1,2,natural-1499,natural,false,"{""active"":126681120,""cache"":8312242,""peakActive"":134987808}",,2,8294400,0,e4d7d9ae97135d7dc185243b19490a1f40bcca651cf2b759538db368bedc01b7,30,2,warmup,,,,,1499,,1055744079814333,,
isolated,0.002560625,candidate,0,,1055744105586958,0.002560625,true,ff2eeb16566030b9dd06a8c01bbf967fa94070c40acdbbea6a0d2dc48c7167eb,,a1831330a8b322484403fd9244f7cff12dcec82bc068b0215790e84a55edb66c,3,natural-1500,natural,false,"{""active"":126681120,""cache"":8312242,""peakActive"":134987808}",,3,8294400,0,ff2eeb16566030b9dd06a8c01bbf967fa94070c40acdbbea6a0d2dc48c7167eb,31,2,warmup,,,,,1500,,1055744103026333,,
isolated,0.003484666,baseline,1,,1055744119494916,0.003484666,true,ff2eeb16566030b9dd06a8c01bbf967fa94070c40acdbbea6a0d2dc48c7167eb,,a1831330a8b322484403fd9244f7cff12dcec82bc068b0215790e84a55edb66c,3,natural-1500,natural,false,"{""active"":124600352,""cache"":10393010,""peakActive"":134987808}",,3,8294400,0,ff2eeb16566030b9dd06a8c01bbf967fa94070c40acdbbea6a0d2dc48c7167eb,31,2,warmup,,,,,1500,,1055744116010250,,
isolated,0.003701083,baseline,0,,1055744143605208,0.003701083,true,7e53933ec6ffad34b19572512b6e4dd79cdf79d53cce1b9679f28641c8345004,,10a50f2709cccd846b33cda5498a15b41ad61332e2284bd7c8a188f4134d4c12,4,natural-1501,natural,false,"{""active"":124600352,""cache"":10393010,""peakActive"":134987808}",,4,8294400,0,7e53933ec6ffad34b19572512b6e4dd79cdf79d53cce1b9679f28641c8345004,32,2,warmup,,,,,1501,,1055744139904125,,
isolated,0.003058458,candidate,1,,1055744157197708,0.003058458,true,7e53933ec6ffad34b19572512b6e4dd79cdf79d53cce1b9679f28641c8345004,,10a50f2709cccd846b33cda5498a15b41ad61332e2284bd7c8a188f4134d4c12,4,natural-1501,natural,false,"{""active"":126681120,""cache"":8312242,""peakActive"":134987808}",,4,8294400,0,7e53933ec6ffad34b19572512b6e4dd79cdf79d53cce1b9679f28641c8345004,32,2,warmup,,,,,1501,,1055744154139250,,
isolated,0.002747667,candidate,0,,1055744180614750,0.002747667,true,a1dc46082a3247c370a0bea80eac8a6a710ea1d6c4447263d927751d18344a45,,80fb7b59839bc3ef553ea700cca4948213992df8929b065322b349df5c2b9974,5,natural-1502,natural,false,"{""active"":126681120,""cache"":8312242,""peakActive"":134987808}",,5,8294400,0,a1dc46082a3247c370a0bea80eac8a6a710ea1d6c4447263d927751d18344a45,33,2,warmup,,,,,1502,,1055744177867083,,
isolated,0.00607675,baseline,1,,1055744197352000,0.00607675,true,a1dc46082a3247c370a0bea80eac8a6a710ea1d6c4447263d927751d18344a45,,80fb7b59839bc3ef553ea700cca4948213992df8929b065322b349df5c2b9974,5,natural-1502,natural,false,"{""active"":124600352,""cache"":10393010,""peakActive"":134987808}",,5,8294400,0,a1dc46082a3247c370a0bea80eac8a6a710ea1d6c4447263d927751d18344a45,33,2,warmup,,,,,1502,,1055744191275250,,
isolated,0.003434208,baseline,0,,1055744221669333,0.003434208,true,258955f94ba510e2de8a6b14dfe07f10e1b6ab8e7d73c54fe6bc36c37eaa3d6d,,cb432adf0baf47a4e0ed095cc7d823427738c5aa006135d016d6ae9ddee87899,6,natural-1503,natural,false,"{""active"":124600352,""cache"":10393010,""peakActive"":134987808}",,6,8294400,0,258955f94ba510e2de8a6b14dfe07f10e1b6ab8e7d73c54fe6bc36c37eaa3d6d,34,2,warmup,,,,,1503,,1055744218235125,,
isolated,0.001609208,candidate,1,,1055744233914666,0.001609208,true,258955f94ba510e2de8a6b14dfe07f10e1b6ab8e7d73c54fe6bc36c37eaa3d6d,,cb432adf0baf47a4e0ed095cc7d823427738c5aa006135d016d6ae9ddee87899,6,natural-1503,natural,false,"{""active"":126681120,""cache"":8312242,""peakActive"":134987808}",,6,8294400,0,258955f94ba510e2de8a6b14dfe07f10e1b6ab8e7d73c54fe6bc36c37eaa3d6d,34,2,warmup,,,,,1503,,1055744232305458,,
isolated,0.001601084,candidate,0,,1055744256429750,0.001601084,true,19e13139913e3ab371c6400a1c7c2c109d1d6fdfbe6cb24aaa64906f6d77c38d,,bc1efaeb0a94427015bf1b360a9ed5013c1959c7be0f97eacee15e97fa4d5345,7,natural-1504,natural,false,"{""active"":126681120,""cache"":8312242,""peakActive"":134987808}",,7,8294400,0,19e13139913e3ab371c6400a1c7c2c109d1d6fdfbe6cb24aaa64906f6d77c38d,35,2,warmup,,,,,1504,,1055744254828666,,
isolated,0.006007958,baseline,1,,1055744273074708,0.006007958,true,19e13139913e3ab371c6400a1c7c2c109d1d6fdfbe6cb24aaa64906f6d77c38d,,bc1efaeb0a94427015bf1b360a9ed5013c1959c7be0f97eacee15e97fa4d5345,7,natural-1504,natural,false,"{""active"":124600352,""cache"":10393010,""peakActive"":134987808}",,7,8294400,0,19e13139913e3ab371c6400a1c7c2c109d1d6fdfbe6cb24aaa64906f6d77c38d,35,2,warmup,,,,,1504,,1055744267066750,,
isolated,0.006343875,baseline,0,,1055744301019041,0.006343875,true,def4be0fb3fad44d0bba17f4ec87b34a29779692689a1e34b7c1d14c9890783d,,3cd48e5b732947674c4a6e32824115b3e41ae92049a89938af339726f6f4ede5,8,natural-1505,natural,false,"{""active"":124600352,""cache"":10393010,""peakActive"":134987808}",,8,8294400,0,def4be0fb3fad44d0bba17f4ec87b34a29779692689a1e34b7c1d14c9890783d,36,2,warmup,,,,,1505,,1055744294675166,,
isolated,0.000890958,candidate,1,,1055744312424958,0.000890958,true,def4be0fb3fad44d0bba17f4ec87b34a29779692689a1e34b7c1d14c9890783d,,3cd48e5b732947674c4a6e32824115b3e41ae92049a89938af339726f6f4ede5,8,natural-1505,natural,false,"{""active"":126681120,""cache"":8312242,""peakActive"":134987808}",,8,8294400,0,def4be0fb3fad44d0bba17f4ec87b34a29779692689a1e34b7c1d14c9890783d,36,2,warmup,,,,,1505,,1055744311534000,,
isolated,0.002640667,candidate,0,,1055744335914375,0.002640667,true,4884d6f9f54612fb41275b8e8d13cddd2192972bfafae0abaa4314560ed442e6,,6c5f8a443a7b5b54701f1a7774dac18df1a092494a23d814bdd77e6c6bbe710b,9,natural-1506,natural,false,"{""active"":126681120,""cache"":8312242,""peakActive"":134987808}",,9,8294400,0,4884d6f9f54612fb41275b8e8d13cddd2192972bfafae0abaa4314560ed442e6,37,2,warmup,,,,,1506,,1055744333273708,,
isolated,0.003068209,baseline,1,,1055744349663000,0.003068209,true,4884d6f9f54612fb41275b8e8d13cddd2192972bfafae0abaa4314560ed442e6,,6c5f8a443a7b5b54701f1a7774dac18df1a092494a23d814bdd77e6c6bbe710b,9,natural-1506,natural,false,"{""active"":124600352,""cache"":10393010,""peakActive"":134987808}",,9,8294400,0,4884d6f9f54612fb41275b8e8d13cddd2192972bfafae0abaa4314560ed442e6,37,2,warmup,,,,,1506,,1055744346594791,,
isolated,0.004752375,baseline,0,,1055744375490333,0.004752375,true,4a85e0bcb8f464c66c75cb11c1eec19ea4773c4d0c27fb17ca25c0938dce94de,,8c68fdeba1e149eae0336bbc5b4aecca6822250c7a21a8bcb8a057ee93d8da2f,10,natural-1507,natural,false,"{""active"":124600352,""cache"":10393010,""peakActive"":134987808}",,10,8294400,0,4a85e0bcb8f464c66c75cb11c1eec19ea4773c4d0c27fb17ca25c0938dce94de,38,2,warmup,,,,,1507,,1055744370737958,,
isolated,0.002659166,candidate,1,,1055744388991541,0.002659166,true,4a85e0bcb8f464c66c75cb11c1eec19ea4773c4d0c27fb17ca25c0938dce94de,,8c68fdeba1e149eae0336bbc5b4aecca6822250c7a21a8bcb8a057ee93d8da2f,10,natural-1507,natural,false,"{""active"":126681120,""cache"":8312242,""peakActive"":134987808}",,10,8294400,0,4a85e0bcb8f464c66c75cb11c1eec19ea4773c4d0c27fb17ca25c0938dce94de,38,2,warmup,,,,,1507,,1055744386332375,,
isolated,0.00177675,candidate,0,,1055744411827916,0.00177675,true,8a51d9d7f9968563b7dd371f289fda22b1230b08f8f427295bd9f3c4250275e5,,8a51d9d7f9968563b7dd371f289fda22b1230b08f8f427295bd9f3c4250275e5,11,all-positive,synthetic,false,"{""active"":126681120,""cache"":8312242,""peakActive"":134987808}",,11,8294400,0,8a51d9d7f9968563b7dd371f289fda22b1230b08f8f427295bd9f3c4250275e5,39,2,warmup,,,,,null,,1055744410051166,,
isolated,0.004216917,baseline,1,,1055744427124833,0.004216917,true,8a51d9d7f9968563b7dd371f289fda22b1230b08f8f427295bd9f3c4250275e5,,8a51d9d7f9968563b7dd371f289fda22b1230b08f8f427295bd9f3c4250275e5,11,all-positive,synthetic,false,"{""active"":124600352,""cache"":10393010,""peakActive"":134987808}",,11,8294400,0,8a51d9d7f9968563b7dd371f289fda22b1230b08f8f427295bd9f3c4250275e5,39,2,warmup,,,,,null,,1055744422907916,,
isolated,0.008007875,baseline,0,,1055744456443833,0.008007875,true,2925f3cdc8173bf2ceb5c91d1bc8f9ad294f4b952c68c3bcada8b61c29b404ed,,80a6d83d82542a5c2fca9e35e10a611b62695ff07a8d290907159ff9876b37e8,12,sparse-invalid,synthetic,false,"{""active"":124600352,""cache"":10393010,""peakActive"":134987808}",,12,8294400,0,2925f3cdc8173bf2ceb5c91d1bc8f9ad294f4b952c68c3bcada8b61c29b404ed,40,2,warmup,,,,,null,,1055744448435958,,
isolated,0.000717,candidate,1,,1055744468382375,0.000717,true,2925f3cdc8173bf2ceb5c91d1bc8f9ad294f4b952c68c3bcada8b61c29b404ed,,80a6d83d82542a5c2fca9e35e10a611b62695ff07a8d290907159ff9876b37e8,12,sparse-invalid,synthetic,false,"{""active"":126681120,""cache"":8312242,""peakActive"":134987808}",,12,8294400,0,2925f3cdc8173bf2ceb5c91d1bc8f9ad294f4b952c68c3bcada8b61c29b404ed,40,2,warmup,,,,,null,,1055744467665375,,
isolated,0.001200417,candidate,0,,1055744491514250,0.001200417,true,788ae0147bdf979a6575938ca2d7d4403788588f7be2010f03776c968fd1ab49,,863b06634ceb4d3448bd4b50416825b3de7c01f07ab7f5f7272101def693195b,13,dense-invalid,synthetic,false,"{""active"":126681120,""cache"":8312242,""peakActive"":134987808}",,13,8294400,0,788ae0147bdf979a6575938ca2d7d4403788588f7be2010f03776c968fd1ab49,41,2,warmup,,,,,null,,1055744490313833,,
isolated,0.001723875,baseline,1,,1055744504406666,0.001723875,true,788ae0147bdf979a6575938ca2d7d4403788588f7be2010f03776c968fd1ab49,,863b06634ceb4d3448bd4b50416825b3de7c01f07ab7f5f7272101def693195b,13,dense-invalid,synthetic,false,"{""active"":124600352,""cache"":10393010,""peakActive"":134987808}",,13,8294400,0,788ae0147bdf979a6575938ca2d7d4403788588f7be2010f03776c968fd1ab49,41,2,warmup,,,,,null,,1055744502682791,,
isolated,0.001538292,baseline,0,,1055744527383333,0.001538292,true,788ae0147bdf979a6575938ca2d7d4403788588f7be2010f03776c968fd1ab49,,863b06634ceb4d3448bd4b50416825b3de7c01f07ab7f5f7272101def693195b,13,dense-invalid,synthetic,false,"{""active"":124600352,""cache"":10393010,""peakActive"":134987808}",,0,8294400,0,788ae0147bdf979a6575938ca2d7d4403788588f7be2010f03776c968fd1ab49,42,3,warmup,,,,,null,,1055744525845041,,
isolated,0.0015085,candidate,1,,1055744539937291,0.0015085,true,788ae0147bdf979a6575938ca2d7d4403788588f7be2010f03776c968fd1ab49,,863b06634ceb4d3448bd4b50416825b3de7c01f07ab7f5f7272101def693195b,13,dense-invalid,synthetic,false,"{""active"":126681120,""cache"":8312242,""peakActive"":134987808}",,0,8294400,0,788ae0147bdf979a6575938ca2d7d4403788588f7be2010f03776c968fd1ab49,42,3,warmup,,,,,null,,1055744538428791,,
isolated,0.001894375,candidate,0,,1055744564400083,0.001894375,true,2925f3cdc8173bf2ceb5c91d1bc8f9ad294f4b952c68c3bcada8b61c29b404ed,,80a6d83d82542a5c2fca9e35e10a611b62695ff07a8d290907159ff9876b37e8,12,sparse-invalid,synthetic,false,"{""active"":126681120,""cache"":8312242,""peakActive"":134987808}",,1,8294400,0,2925f3cdc8173bf2ceb5c91d1bc8f9ad294f4b952c68c3bcada8b61c29b404ed,43,3,warmup,,,,,null,,1055744562505708,,
isolated,0.007750667,baseline,1,,1055744583513125,0.007750667,true,2925f3cdc8173bf2ceb5c91d1bc8f9ad294f4b952c68c3bcada8b61c29b404ed,,80a6d83d82542a5c2fca9e35e10a611b62695ff07a8d290907159ff9876b37e8,12,sparse-invalid,synthetic,false,"{""active"":124600352,""cache"":10393010,""peakActive"":134987808}",,1,8294400,0,2925f3cdc8173bf2ceb5c91d1bc8f9ad294f4b952c68c3bcada8b61c29b404ed,43,3,warmup,,,,,null,,1055744575762458,,
isolated,0.007927125,baseline,0,,1055744615726041,0.007927125,true,8a51d9d7f9968563b7dd371f289fda22b1230b08f8f427295bd9f3c4250275e5,,8a51d9d7f9968563b7dd371f289fda22b1230b08f8f427295bd9f3c4250275e5,11,all-positive,synthetic,false,"{""active"":124600352,""cache"":10393010,""peakActive"":134987808}",,2,8294400,0,8a51d9d7f9968563b7dd371f289fda22b1230b08f8f427295bd9f3c4250275e5,44,3,warmup,,,,,null,,1055744607798916,,
isolated,0.002179042,candidate,1,,1055744629592833,0.002179042,true,8a51d9d7f9968563b7dd371f289fda22b1230b08f8f427295bd9f3c4250275e5,,8a51d9d7f9968563b7dd371f289fda22b1230b08f8f427295bd9f3c4250275e5,11,all-positive,synthetic,false,"{""active"":126681120,""cache"":8312242,""peakActive"":134987808}",,2,8294400,0,8a51d9d7f9968563b7dd371f289fda22b1230b08f8f427295bd9f3c4250275e5,44,3,warmup,,,,,null,,1055744627413791,,
isolated,0.002665417,candidate,0,,1055744656438458,0.002665417,true,4a85e0bcb8f464c66c75cb11c1eec19ea4773c4d0c27fb17ca25c0938dce94de,,8c68fdeba1e149eae0336bbc5b4aecca6822250c7a21a8bcb8a057ee93d8da2f,10,natural-1507,natural,false,"{""active"":126681120,""cache"":8312242,""peakActive"":134987808}",,3,8294400,0,4a85e0bcb8f464c66c75cb11c1eec19ea4773c4d0c27fb17ca25c0938dce94de,45,3,warmup,,,,,1507,,1055744653773041,,
isolated,0.00646475,baseline,1,,1055744677278916,0.00646475,true,4a85e0bcb8f464c66c75cb11c1eec19ea4773c4d0c27fb17ca25c0938dce94de,,8c68fdeba1e149eae0336bbc5b4aecca6822250c7a21a8bcb8a057ee93d8da2f,10,natural-1507,natural,false,"{""active"":124600352,""cache"":10393010,""peakActive"":134987808}",,3,8294400,0,4a85e0bcb8f464c66c75cb11c1eec19ea4773c4d0c27fb17ca25c0938dce94de,45,3,warmup,,,,,1507,,1055744670814166,,
isolated,0.00315875,baseline,0,,1055744707402500,0.00315875,true,4884d6f9f54612fb41275b8e8d13cddd2192972bfafae0abaa4314560ed442e6,,6c5f8a443a7b5b54701f1a7774dac18df1a092494a23d814bdd77e6c6bbe710b,9,natural-1506,natural,false,"{""active"":124600352,""cache"":10393010,""peakActive"":134987808}",,4,8294400,0,4884d6f9f54612fb41275b8e8d13cddd2192972bfafae0abaa4314560ed442e6,46,3,warmup,,,,,1506,,1055744704243750,,
isolated,0.00171125,candidate,1,,1055744728191958,0.00171125,true,4884d6f9f54612fb41275b8e8d13cddd2192972bfafae0abaa4314560ed442e6,,6c5f8a443a7b5b54701f1a7774dac18df1a092494a23d814bdd77e6c6bbe710b,9,natural-1506,natural,false,"{""active"":126681120,""cache"":8312242,""peakActive"":134987808}",,4,8294400,0,4884d6f9f54612fb41275b8e8d13cddd2192972bfafae0abaa4314560ed442e6,46,3,warmup,,,,,1506,,1055744726480708,,
isolated,0.0018015,candidate,0,,1055744756932666,0.0018015,true,def4be0fb3fad44d0bba17f4ec87b34a29779692689a1e34b7c1d14c9890783d,,3cd48e5b732947674c4a6e32824115b3e41ae92049a89938af339726f6f4ede5,8,natural-1505,natural,false,"{""active"":124600352,""cache"":10393010,""peakActive"":134987808}",,5,8294400,0,def4be0fb3fad44d0bba17f4ec87b34a29779692689a1e34b7c1d14c9890783d,47,3,warmup,,,,,1505,,1055744755131166,,
isolated,0.005966042,baseline,1,,1055744789706708,0.005966042,true,def4be0fb3fad44d0bba17f4ec87b34a29779692689a1e34b7c1d14c9890783d,,3cd48e5b732947674c4a6e32824115b3e41ae92049a89938af339726f6f4ede5,8,natural-1505,natural,false,"{""active"":124600352,""cache"":10393010,""peakActive"":134987808}",,5,8294400,0,def4be0fb3fad44d0bba17f4ec87b34a29779692689a1e34b7c1d14c9890783d,47,3,warmup,,,,,1505,,1055744783740666,,
isolated,0.003373292,baseline,0,,1055744848161833,0.003373292,true,19e13139913e3ab371c6400a1c7c2c109d1d6fdfbe6cb24aaa64906f6d77c38d,,bc1efaeb0a94427015bf1b360a9ed5013c1959c7be0f97eacee15e97fa4d5345,7,natural-1504,natural,false,"{""active"":124600352,""cache"":10393010,""peakActive"":134987808}",,6,8294400,0,19e13139913e3ab371c6400a1c7c2c109d1d6fdfbe6cb24aaa64906f6d77c38d,48,3,warmup,,,,,1504,,1055744844788541,,
isolated,0.001845542,candidate,1,,1055744870216125,0.001845542,true,19e13139913e3ab371c6400a1c7c2c109d1d6fdfbe6cb24aaa64906f6d77c38d,,bc1efaeb0a94427015bf1b360a9ed5013c1959c7be0f97eacee15e97fa4d5345,7,natural-1504,natural,false,"{""active"":124600352,""cache"":10393010,""peakActive"":134987808}",,6,8294400,0,19e13139913e3ab371c6400a1c7c2c109d1d6fdfbe6cb24aaa64906f6d77c38d,48,3,warmup,,,,,1504,,1055744868370583,,
isolated,0.002674458,candidate,0,,1055744919975541,0.002674458,true,258955f94ba510e2de8a6b14dfe07f10e1b6ab8e7d73c54fe6bc36c37eaa3d6d,,cb432adf0baf47a4e0ed095cc7d823427738c5aa006135d016d6ae9ddee87899,6,natural-1503,natural,false,"{""active"":126681120,""cache"":8312242,""peakActive"":134987808}",,7,8294400,0,258955f94ba510e2de8a6b14dfe07f10e1b6ab8e7d73c54fe6bc36c37eaa3d6d,49,3,warmup,,,,,1503,,1055744917301083,,
isolated,0.003558125,baseline,1,,1055744940241291,0.003558125,true,258955f94ba510e2de8a6b14dfe07f10e1b6ab8e7d73c54fe6bc36c37eaa3d6d,,cb432adf0baf47a4e0ed095cc7d823427738c5aa006135d016d6ae9ddee87899,6,natural-1503,natural,false,"{""active"":124600352,""cache"":10393010,""peakActive"":134987808}",,7,8294400,0,258955f94ba510e2de8a6b14dfe07f10e1b6ab8e7d73c54fe6bc36c37eaa3d6d,49,3,warmup,,,,,1503,,1055744936683166,,
isolated,0.006288458,baseline,0,,1055744981631416,0.006288458,true,a1dc46082a3247c370a0bea80eac8a6a710ea1d6c4447263d927751d18344a45,,80fb7b59839bc3ef553ea700cca4948213992df8929b065322b349df5c2b9974,5,natural-1502,natural,false,"{""active"":124600352,""cache"":10393010,""peakActive"":134987808}",,8,8294400,0,a1dc46082a3247c370a0bea80eac8a6a710ea1d6c4447263d927751d18344a45,50,3,warmup,,,,,1502,,1055744975342958,,
isolated,0.003056208,candidate,1,,1055745004280041,0.003056208,true,a1dc46082a3247c370a0bea80eac8a6a710ea1d6c4447263d927751d18344a45,,80fb7b59839bc3ef553ea700cca4948213992df8929b065322b349df5c2b9974,5,natural-1502,natural,false,"{""active"":124600352,""cache"":10393010,""peakActive"":134987808}",,8,8294400,0,a1dc46082a3247c370a0bea80eac8a6a710ea1d6c4447263d927751d18344a45,50,3,warmup,,,,,1502,,1055745001223833,,
isolated,0.003013291,candidate,0,,1055745058875791,0.003013291,true,7e53933ec6ffad34b19572512b6e4dd79cdf79d53cce1b9679f28641c8345004,,10a50f2709cccd846b33cda5498a15b41ad61332e2284bd7c8a188f4134d4c12,4,natural-1501,natural,false,"{""active"":126681120,""cache"":8312242,""peakActive"":134987808}",,9,8294400,0,7e53933ec6ffad34b19572512b6e4dd79cdf79d53cce1b9679f28641c8345004,51,3,warmup,,,,,1501,,1055745055862500,,
isolated,0.003606042,baseline,1,,1055745078569875,0.003606042,true,7e53933ec6ffad34b19572512b6e4dd79cdf79d53cce1b9679f28641c8345004,,10a50f2709cccd846b33cda5498a15b41ad61332e2284bd7c8a188f4134d4c12,4,natural-1501,natural,false,"{""active"":124600352,""cache"":10393010,""peakActive"":134987808}",,9,8294400,0,7e53933ec6ffad34b19572512b6e4dd79cdf79d53cce1b9679f28641c8345004,51,3,warmup,,,,,1501,,1055745074963833,,
isolated,0.004151625,baseline,0,,1055745136088375,0.004151625,true,ff2eeb16566030b9dd06a8c01bbf967fa94070c40acdbbea6a0d2dc48c7167eb,,a1831330a8b322484403fd9244f7cff12dcec82bc068b0215790e84a55edb66c,3,natural-1500,natural,false,"{""active"":124600352,""cache"":10393010,""peakActive"":134987808}",,10,8294400,0,ff2eeb16566030b9dd06a8c01bbf967fa94070c40acdbbea6a0d2dc48c7167eb,52,3,warmup,,,,,1500,,1055745131936750,,
isolated,0.002300958,candidate,1,,1055745160564583,0.002300958,true,ff2eeb16566030b9dd06a8c01bbf967fa94070c40acdbbea6a0d2dc48c7167eb,,a1831330a8b322484403fd9244f7cff12dcec82bc068b0215790e84a55edb66c,3,natural-1500,natural,false,"{""active"":126681120,""cache"":8312242,""peakActive"":134987808}",,10,8294400,0,ff2eeb16566030b9dd06a8c01bbf967fa94070c40acdbbea6a0d2dc48c7167eb,52,3,warmup,,,,,1500,,1055745158263625,,
isolated,0.007772583,candidate,0,,1055745271881208,0.007772583,true,e4d7d9ae97135d7dc185243b19490a1f40bcca651cf2b759538db368bedc01b7,,189292e00661ef089f37c248b608e927d6ac2828d78ec57b3b8a070aee243ef1,2,natural-1499,natural,false,"{""active"":126681120,""cache"":8312242,""peakActive"":134987808}",,11,8294400,0,e4d7d9ae97135d7dc185243b19490a1f40bcca651cf2b759538db368bedc01b7,53,3,warmup,,,,,1499,,1055745264108625,,
isolated,0.006593208,baseline,1,,1055745298439958,0.006593208,true,e4d7d9ae97135d7dc185243b19490a1f40bcca651cf2b759538db368bedc01b7,,189292e00661ef089f37c248b608e927d6ac2828d78ec57b3b8a070aee243ef1,2,natural-1499,natural,false,"{""active"":124600352,""cache"":10393010,""peakActive"":134987808}",,11,8294400,0,e4d7d9ae97135d7dc185243b19490a1f40bcca651cf2b759538db368bedc01b7,53,3,warmup,,,,,1499,,1055745291846750,,
isolated,0.001778709,baseline,0,,1055745382917875,0.001778709,true,788ae0147bdf979a6575938ca2d7d4403788588f7be2010f03776c968fd1ab49,,788ae0147bdf979a6575938ca2d7d4403788588f7be2010f03776c968fd1ab49,1,natural-1498,natural,false,"{""active"":124600352,""cache"":10393010,""peakActive"":134987808}",,12,8294400,0,788ae0147bdf979a6575938ca2d7d4403788588f7be2010f03776c968fd1ab49,54,3,warmup,,,,,1498,,1055745381139166,,
isolated,0.001441166,candidate,1,,1055745403077166,0.001441166,true,788ae0147bdf979a6575938ca2d7d4403788588f7be2010f03776c968fd1ab49,,788ae0147bdf979a6575938ca2d7d4403788588f7be2010f03776c968fd1ab49,1,natural-1498,natural,false,"{""active"":126681120,""cache"":8312242,""peakActive"":134987808}",,12,8294400,0,788ae0147bdf979a6575938ca2d7d4403788588f7be2010f03776c968fd1ab49,54,3,warmup,,,,,1498,,1055745401636000,,
isolated,0.001945708,candidate,0,,1055745436018958,0.001945708,true,ff24d7286b3978166808fccb18ded53d06f8a0687fe03a9af73eba1e698dc25c,,7389257eb62b35d1311f9027f2cc088363fdef9f52406398a05024e96ca7634f,0,natural-1497,natural,false,"{""active"":126681120,""cache"":8312242,""peakActive"":134987808}",,13,8294400,0,ff24d7286b3978166808fccb18ded53d06f8a0687fe03a9af73eba1e698dc25c,55,3,warmup,,,,,1497,,1055745434073250,,
isolated,0.004736041,baseline,1,,1055745475267416,0.004736041,true,ff24d7286b3978166808fccb18ded53d06f8a0687fe03a9af73eba1e698dc25c,,7389257eb62b35d1311f9027f2cc088363fdef9f52406398a05024e96ca7634f,0,natural-1497,natural,false,"{""active"":124600352,""cache"":10393010,""peakActive"":134987808}",,13,8294400,0,ff24d7286b3978166808fccb18ded53d06f8a0687fe03a9af73eba1e698dc25c,55,3,warmup,,,,,1497,,1055745470531375,,
isolated,0.003255959,baseline,0,,1055745542282375,0.003255959,true,ff24d7286b3978166808fccb18ded53d06f8a0687fe03a9af73eba1e698dc25c,,7389257eb62b35d1311f9027f2cc088363fdef9f52406398a05024e96ca7634f,0,natural-1497,natural,true,"{""active"":124600352,""cache"":10393010,""peakActive"":134987808}",,0,8294400,0,ff24d7286b3978166808fccb18ded53d06f8a0687fe03a9af73eba1e698dc25c,56,4,measured,,,,,1497,,1055745539026416,,
isolated,0.010069166,candidate,1,,1055745577923666,0.010069166,true,ff24d7286b3978166808fccb18ded53d06f8a0687fe03a9af73eba1e698dc25c,,7389257eb62b35d1311f9027f2cc088363fdef9f52406398a05024e96ca7634f,0,natural-1497,natural,true,"{""active"":126681120,""cache"":8312242,""peakActive"":134987808}",,0,8294400,0,ff24d7286b3978166808fccb18ded53d06f8a0687fe03a9af73eba1e698dc25c,56,4,measured,,,,,1497,,1055745567854500,,
isolated,0.001244542,candidate,0,,1055745614040208,0.001244542,true,788ae0147bdf979a6575938ca2d7d4403788588f7be2010f03776c968fd1ab49,,788ae0147bdf979a6575938ca2d7d4403788588f7be2010f03776c968fd1ab49,1,natural-1498,natural,true,"{""active"":124600352,""cache"":10393010,""peakActive"":134987808}",,1,8294400,0,788ae0147bdf979a6575938ca2d7d4403788588f7be2010f03776c968fd1ab49,57,4,measured,,,,,1498,,1055745612795666,,
isolated,0.001354708,baseline,1,,1055745632505791,0.001354708,true,788ae0147bdf979a6575938ca2d7d4403788588f7be2010f03776c968fd1ab49,,788ae0147bdf979a6575938ca2d7d4403788588f7be2010f03776c968fd1ab49,1,natural-1498,natural,true,"{""active"":124600352,""cache"":10393010,""peakActive"":134987808}",,1,8294400,0,788ae0147bdf979a6575938ca2d7d4403788588f7be2010f03776c968fd1ab49,57,4,measured,,,,,1498,,1055745631151083,,
isolated,0.003677375,baseline,0,,1055745682435416,0.003677375,true,e4d7d9ae97135d7dc185243b19490a1f40bcca651cf2b759538db368bedc01b7,,189292e00661ef089f37c248b608e927d6ac2828d78ec57b3b8a070aee243ef1,2,natural-1499,natural,true,"{""active"":124600352,""cache"":10393010,""peakActive"":134987808}",,2,8294400,0,e4d7d9ae97135d7dc185243b19490a1f40bcca651cf2b759538db368bedc01b7,58,4,measured,,,,,1499,,1055745678758041,,
isolated,0.001756583,candidate,1,,1055745698712208,0.001756583,true,e4d7d9ae97135d7dc185243b19490a1f40bcca651cf2b759538db368bedc01b7,,189292e00661ef089f37c248b608e927d6ac2828d78ec57b3b8a070aee243ef1,2,natural-1499,natural,true,"{""active"":126681120,""cache"":8312242,""peakActive"":134987808}",,2,8294400,0,e4d7d9ae97135d7dc185243b19490a1f40bcca651cf2b759538db368bedc01b7,58,4,measured,,,,,1499,,1055745696955625,,
isolated,0.0029575,candidate,0,,1055745729357125,0.0029575,true,ff2eeb16566030b9dd06a8c01bbf967fa94070c40acdbbea6a0d2dc48c7167eb,,a1831330a8b322484403fd9244f7cff12dcec82bc068b0215790e84a55edb66c,3,natural-1500,natural,true,"{""active"":126681120,""cache"":8312242,""peakActive"":134987808}",,3,8294400,0,ff2eeb16566030b9dd06a8c01bbf967fa94070c40acdbbea6a0d2dc48c7167eb,59,4,measured,,,,,1500,,1055745726399625,,
isolated,0.003581166,baseline,1,,1055745746977791,0.003581166,true,ff2eeb16566030b9dd06a8c01bbf967fa94070c40acdbbea6a0d2dc48c7167eb,,a1831330a8b322484403fd9244f7cff12dcec82bc068b0215790e84a55edb66c,3,natural-1500,natural,true,"{""active"":124600352,""cache"":10393010,""peakActive"":134987808}",,3,8294400,0,ff2eeb16566030b9dd06a8c01bbf967fa94070c40acdbbea6a0d2dc48c7167eb,59,4,measured,,,,,1500,,1055745743396625,,
isolated,0.00705225,baseline,0,,1055745783118250,0.00705225,true,7e53933ec6ffad34b19572512b6e4dd79cdf79d53cce1b9679f28641c8345004,,10a50f2709cccd846b33cda5498a15b41ad61332e2284bd7c8a188f4134d4c12,4,natural-1501,natural,true,"{""active"":124600352,""cache"":10393010,""peakActive"":134987808}",,4,8294400,0,7e53933ec6ffad34b19572512b6e4dd79cdf79d53cce1b9679f28641c8345004,60,4,measured,,,,,1501,,1055745776066000,,
isolated,0.0029905,candidate,1,,1055745800026333,0.0029905,true,7e53933ec6ffad34b19572512b6e4dd79cdf79d53cce1b9679f28641c8345004,,10a50f2709cccd846b33cda5498a15b41ad61332e2284bd7c8a188f4134d4c12,4,natural-1501,natural,true,"{""active"":126681120,""cache"":8312242,""peakActive"":134987808}",,4,8294400,0,7e53933ec6ffad34b19572512b6e4dd79cdf79d53cce1b9679f28641c8345004,60,4,measured,,,,,1501,,1055745797035833,,
isolated,0.0027165,candidate,0,,1055745829194708,0.0027165,true,a1dc46082a3247c370a0bea80eac8a6a710ea1d6c4447263d927751d18344a45,,80fb7b59839bc3ef553ea700cca4948213992df8929b065322b349df5c2b9974,5,natural-1502,natural,true,"{""active"":126681120,""cache"":8312242,""peakActive"":134987808}",,5,8294400,0,a1dc46082a3247c370a0bea80eac8a6a710ea1d6c4447263d927751d18344a45,61,4,measured,,,,,1502,,1055745826478208,,
isolated,0.006245458,baseline,1,,1055745849440583,0.006245458,true,a1dc46082a3247c370a0bea80eac8a6a710ea1d6c4447263d927751d18344a45,,80fb7b59839bc3ef553ea700cca4948213992df8929b065322b349df5c2b9974,5,natural-1502,natural,true,"{""active"":124600352,""cache"":10393010,""peakActive"":134987808}",,5,8294400,0,a1dc46082a3247c370a0bea80eac8a6a710ea1d6c4447263d927751d18344a45,61,4,measured,,,,,1502,,1055745843195125,,
isolated,0.006118833,baseline,0,,1055745882395958,0.006118833,true,258955f94ba510e2de8a6b14dfe07f10e1b6ab8e7d73c54fe6bc36c37eaa3d6d,,cb432adf0baf47a4e0ed095cc7d823427738c5aa006135d016d6ae9ddee87899,6,natural-1503,natural,true,"{""active"":124600352,""cache"":10393010,""peakActive"":134987808}",,6,8294400,0,258955f94ba510e2de8a6b14dfe07f10e1b6ab8e7d73c54fe6bc36c37eaa3d6d,62,4,measured,,,,,1503,,1055745876277125,,
isolated,0.002712916,candidate,1,,1055745899340916,0.002712916,true,258955f94ba510e2de8a6b14dfe07f10e1b6ab8e7d73c54fe6bc36c37eaa3d6d,,cb432adf0baf47a4e0ed095cc7d823427738c5aa006135d016d6ae9ddee87899,6,natural-1503,natural,true,"{""active"":126681120,""cache"":8312242,""peakActive"":134987808}",,6,8294400,0,258955f94ba510e2de8a6b14dfe07f10e1b6ab8e7d73c54fe6bc36c37eaa3d6d,62,4,measured,,,,,1503,,1055745896628000,,
isolated,0.002764791,candidate,0,,1055745929830666,0.002764791,true,19e13139913e3ab371c6400a1c7c2c109d1d6fdfbe6cb24aaa64906f6d77c38d,,bc1efaeb0a94427015bf1b360a9ed5013c1959c7be0f97eacee15e97fa4d5345,7,natural-1504,natural,true,"{""active"":126681120,""cache"":8312242,""peakActive"":134987808}",,7,8294400,0,19e13139913e3ab371c6400a1c7c2c109d1d6fdfbe6cb24aaa64906f6d77c38d,63,4,measured,,,,,1504,,1055745927065875,,
isolated,0.005972084,baseline,1,,1055745949888250,0.005972084,true,19e13139913e3ab371c6400a1c7c2c109d1d6fdfbe6cb24aaa64906f6d77c38d,,bc1efaeb0a94427015bf1b360a9ed5013c1959c7be0f97eacee15e97fa4d5345,7,natural-1504,natural,true,"{""active"":124600352,""cache"":10393010,""peakActive"":134987808}",,7,8294400,0,19e13139913e3ab371c6400a1c7c2c109d1d6fdfbe6cb24aaa64906f6d77c38d,63,4,measured,,,,,1504,,1055745943916166,,
isolated,0.00371875,baseline,0,,1055745981006416,0.00371875,true,def4be0fb3fad44d0bba17f4ec87b34a29779692689a1e34b7c1d14c9890783d,,3cd48e5b732947674c4a6e32824115b3e41ae92049a89938af339726f6f4ede5,8,natural-1505,natural,true,"{""active"":124600352,""cache"":10393010,""peakActive"":134987808}",,8,8294400,0,def4be0fb3fad44d0bba17f4ec87b34a29779692689a1e34b7c1d14c9890783d,64,4,measured,,,,,1505,,1055745977287666,,
isolated,0.003431458,candidate,1,,1055745999530958,0.003431458,true,def4be0fb3fad44d0bba17f4ec87b34a29779692689a1e34b7c1d14c9890783d,,3cd48e5b732947674c4a6e32824115b3e41ae92049a89938af339726f6f4ede5,8,natural-1505,natural,true,"{""active"":126681120,""cache"":8312242,""peakActive"":134987808}",,8,8294400,0,def4be0fb3fad44d0bba17f4ec87b34a29779692689a1e34b7c1d14c9890783d,64,4,measured,,,,,1505,,1055745996099500,,
isolated,0.002785084,candidate,0,,1055746067401375,0.002785084,true,4884d6f9f54612fb41275b8e8d13cddd2192972bfafae0abaa4314560ed442e6,,6c5f8a443a7b5b54701f1a7774dac18df1a092494a23d814bdd77e6c6bbe710b,9,natural-1506,natural,true,"{""active"":126681120,""cache"":8312242,""peakActive"":134987808}",,9,8294400,0,4884d6f9f54612fb41275b8e8d13cddd2192972bfafae0abaa4314560ed442e6,65,4,measured,,,,,1506,,1055746064616291,,
isolated,0.004479542,baseline,1,,1055746092175958,0.004479542,true,4884d6f9f54612fb41275b8e8d13cddd2192972bfafae0abaa4314560ed442e6,,6c5f8a443a7b5b54701f1a7774dac18df1a092494a23d814bdd77e6c6bbe710b,9,natural-1506,natural,true,"{""active"":124600352,""cache"":10393010,""peakActive"":134987808}",,9,8294400,0,4884d6f9f54612fb41275b8e8d13cddd2192972bfafae0abaa4314560ed442e6,65,4,measured,,,,,1506,,1055746087696416,,
isolated,0.005561708,baseline,0,,1055746137433333,0.005561708,true,4a85e0bcb8f464c66c75cb11c1eec19ea4773c4d0c27fb17ca25c0938dce94de,,8c68fdeba1e149eae0336bbc5b4aecca6822250c7a21a8bcb8a057ee93d8da2f,10,natural-1507,natural,true,"{""active"":124600352,""cache"":10393010,""peakActive"":134987808}",,10,8294400,0,4a85e0bcb8f464c66c75cb11c1eec19ea4773c4d0c27fb17ca25c0938dce94de,66,4,measured,,,,,1507,,1055746131871625,,
isolated,0.00293075,candidate,1,,1055746161867916,0.00293075,true,4a85e0bcb8f464c66c75cb11c1eec19ea4773c4d0c27fb17ca25c0938dce94de,,8c68fdeba1e149eae0336bbc5b4aecca6822250c7a21a8bcb8a057ee93d8da2f,10,natural-1507,natural,true,"{""active"":126681120,""cache"":8312242,""peakActive"":134987808}",,10,8294400,0,4a85e0bcb8f464c66c75cb11c1eec19ea4773c4d0c27fb17ca25c0938dce94de,66,4,measured,,,,,1507,,1055746158937166,,
isolated,0.002723542,candidate,0,,1055746208619958,0.002723542,true,8a51d9d7f9968563b7dd371f289fda22b1230b08f8f427295bd9f3c4250275e5,,8a51d9d7f9968563b7dd371f289fda22b1230b08f8f427295bd9f3c4250275e5,11,all-positive,synthetic,true,"{""active"":124600352,""cache"":10393010,""peakActive"":134987808}",,11,8294400,0,8a51d9d7f9968563b7dd371f289fda22b1230b08f8f427295bd9f3c4250275e5,67,4,measured,,,,,null,,1055746205896416,,
isolated,0.006927042,baseline,1,,1055746233162125,0.006927042,true,8a51d9d7f9968563b7dd371f289fda22b1230b08f8f427295bd9f3c4250275e5,,8a51d9d7f9968563b7dd371f289fda22b1230b08f8f427295bd9f3c4250275e5,11,all-positive,synthetic,true,"{""active"":124600352,""cache"":10393010,""peakActive"":134987808}",,11,8294400,0,8a51d9d7f9968563b7dd371f289fda22b1230b08f8f427295bd9f3c4250275e5,67,4,measured,,,,,null,,1055746226235083,,
isolated,0.0045315,baseline,0,,1055746265693500,0.0045315,true,2925f3cdc8173bf2ceb5c91d1bc8f9ad294f4b952c68c3bcada8b61c29b404ed,,80a6d83d82542a5c2fca9e35e10a611b62695ff07a8d290907159ff9876b37e8,12,sparse-invalid,synthetic,true,"{""active"":124600352,""cache"":10393010,""peakActive"":134987808}",,12,8294400,0,2925f3cdc8173bf2ceb5c91d1bc8f9ad294f4b952c68c3bcada8b61c29b404ed,68,4,measured,,,,,null,,1055746261162000,,
isolated,0.001953375,candidate,1,,1055746285360583,0.001953375,true,2925f3cdc8173bf2ceb5c91d1bc8f9ad294f4b952c68c3bcada8b61c29b404ed,,80a6d83d82542a5c2fca9e35e10a611b62695ff07a8d290907159ff9876b37e8,12,sparse-invalid,synthetic,true,"{""active"":126681120,""cache"":8312242,""peakActive"":134987808}",,12,8294400,0,2925f3cdc8173bf2ceb5c91d1bc8f9ad294f4b952c68c3bcada8b61c29b404ed,68,4,measured,,,,,null,,1055746283407208,,
isolated,0.001698375,candidate,0,,1055746319123416,0.001698375,true,788ae0147bdf979a6575938ca2d7d4403788588f7be2010f03776c968fd1ab49,,863b06634ceb4d3448bd4b50416825b3de7c01f07ab7f5f7272101def693195b,13,dense-invalid,synthetic,true,"{""active"":126681120,""cache"":8312242,""peakActive"":134987808}",,13,8294400,0,788ae0147bdf979a6575938ca2d7d4403788588f7be2010f03776c968fd1ab49,69,4,measured,,,,,null,,1055746317425041,,
isolated,0.00131775,baseline,1,,1055746338058875,0.00131775,true,788ae0147bdf979a6575938ca2d7d4403788588f7be2010f03776c968fd1ab49,,863b06634ceb4d3448bd4b50416825b3de7c01f07ab7f5f7272101def693195b,13,dense-invalid,synthetic,true,"{""active"":124600352,""cache"":10393010,""peakActive"":134987808}",,13,8294400,0,788ae0147bdf979a6575938ca2d7d4403788588f7be2010f03776c968fd1ab49,69,4,measured,,,,,null,,1055746336741125,,
isolated,0.001305042,baseline,0,,1055746374110500,0.001305042,true,788ae0147bdf979a6575938ca2d7d4403788588f7be2010f03776c968fd1ab49,,863b06634ceb4d3448bd4b50416825b3de7c01f07ab7f5f7272101def693195b,13,dense-invalid,synthetic,true,"{""active"":124600352,""cache"":10393010,""peakActive"":134987808}",,0,8294400,0,788ae0147bdf979a6575938ca2d7d4403788588f7be2010f03776c968fd1ab49,70,5,measured,,,,,null,,1055746372805458,,
isolated,0.001815667,candidate,1,,1055746391008125,0.001815667,true,788ae0147bdf979a6575938ca2d7d4403788588f7be2010f03776c968fd1ab49,,863b06634ceb4d3448bd4b50416825b3de7c01f07ab7f5f7272101def693195b,13,dense-invalid,synthetic,true,"{""active"":126681120,""cache"":8312242,""peakActive"":134987808}",,0,8294400,0,788ae0147bdf979a6575938ca2d7d4403788588f7be2010f03776c968fd1ab49,70,5,measured,,,,,null,,1055746389192458,,
isolated,0.003408791,candidate,0,,1055746421098916,0.003408791,true,2925f3cdc8173bf2ceb5c91d1bc8f9ad294f4b952c68c3bcada8b61c29b404ed,,80a6d83d82542a5c2fca9e35e10a611b62695ff07a8d290907159ff9876b37e8,12,sparse-invalid,synthetic,true,"{""active"":126681120,""cache"":8312242,""peakActive"":134987808}",,1,8294400,0,2925f3cdc8173bf2ceb5c91d1bc8f9ad294f4b952c68c3bcada8b61c29b404ed,71,5,measured,,,,,null,,1055746417690125,,
isolated,0.005328209,baseline,1,,1055746440766625,0.005328209,true,2925f3cdc8173bf2ceb5c91d1bc8f9ad294f4b952c68c3bcada8b61c29b404ed,,80a6d83d82542a5c2fca9e35e10a611b62695ff07a8d290907159ff9876b37e8,12,sparse-invalid,synthetic,true,"{""active"":124600352,""cache"":10393010,""peakActive"":134987808}",,1,8294400,0,2925f3cdc8173bf2ceb5c91d1bc8f9ad294f4b952c68c3bcada8b61c29b404ed,71,5,measured,,,,,null,,1055746435438416,,
isolated,0.007655334,baseline,0,,1055746475166375,0.007655334,true,8a51d9d7f9968563b7dd371f289fda22b1230b08f8f427295bd9f3c4250275e5,,8a51d9d7f9968563b7dd371f289fda22b1230b08f8f427295bd9f3c4250275e5,11,all-positive,synthetic,true,"{""active"":124600352,""cache"":10393010,""peakActive"":134987808}",,2,8294400,0,8a51d9d7f9968563b7dd371f289fda22b1230b08f8f427295bd9f3c4250275e5,72,5,measured,,,,,null,,1055746467511041,,
isolated,0.003141167,candidate,1,,1055746492559875,0.003141167,true,8a51d9d7f9968563b7dd371f289fda22b1230b08f8f427295bd9f3c4250275e5,,8a51d9d7f9968563b7dd371f289fda22b1230b08f8f427295bd9f3c4250275e5,11,all-positive,synthetic,true,"{""active"":126681120,""cache"":8312242,""peakActive"":134987808}",,2,8294400,0,8a51d9d7f9968563b7dd371f289fda22b1230b08f8f427295bd9f3c4250275e5,72,5,measured,,,,,null,,1055746489418708,,
isolated,0.002806375,candidate,0,,1055746521784416,0.002806375,true,4a85e0bcb8f464c66c75cb11c1eec19ea4773c4d0c27fb17ca25c0938dce94de,,8c68fdeba1e149eae0336bbc5b4aecca6822250c7a21a8bcb8a057ee93d8da2f,10,natural-1507,natural,true,"{""active"":126681120,""cache"":8312242,""peakActive"":134987808}",,3,8294400,0,4a85e0bcb8f464c66c75cb11c1eec19ea4773c4d0c27fb17ca25c0938dce94de,73,5,measured,,,,,1507,,1055746518978041,,
isolated,0.006194084,baseline,1,,1055746542138250,0.006194084,true,4a85e0bcb8f464c66c75cb11c1eec19ea4773c4d0c27fb17ca25c0938dce94de,,8c68fdeba1e149eae0336bbc5b4aecca6822250c7a21a8bcb8a057ee93d8da2f,10,natural-1507,natural,true,"{""active"":124600352,""cache"":10393010,""peakActive"":134987808}",,3,8294400,0,4a85e0bcb8f464c66c75cb11c1eec19ea4773c4d0c27fb17ca25c0938dce94de,73,5,measured,,,,,1507,,1055746535944166,,
isolated,0.005893167,baseline,0,,1055746574936000,0.005893167,true,4884d6f9f54612fb41275b8e8d13cddd2192972bfafae0abaa4314560ed442e6,,6c5f8a443a7b5b54701f1a7774dac18df1a092494a23d814bdd77e6c6bbe710b,9,natural-1506,natural,true,"{""active"":124600352,""cache"":10393010,""peakActive"":134987808}",,4,8294400,0,4884d6f9f54612fb41275b8e8d13cddd2192972bfafae0abaa4314560ed442e6,74,5,measured,,,,,1506,,1055746569042833,,
isolated,0.002706584,candidate,1,,1055746592503750,0.002706584,true,4884d6f9f54612fb41275b8e8d13cddd2192972bfafae0abaa4314560ed442e6,,6c5f8a443a7b5b54701f1a7774dac18df1a092494a23d814bdd77e6c6bbe710b,9,natural-1506,natural,true,"{""active"":126681120,""cache"":8312242,""peakActive"":134987808}",,4,8294400,0,4884d6f9f54612fb41275b8e8d13cddd2192972bfafae0abaa4314560ed442e6,74,5,measured,,,,,1506,,1055746589797166,,
isolated,0.002675125,candidate,0,,1055746623335291,0.002675125,true,def4be0fb3fad44d0bba17f4ec87b34a29779692689a1e34b7c1d14c9890783d,,3cd48e5b732947674c4a6e32824115b3e41ae92049a89938af339726f6f4ede5,8,natural-1505,natural,true,"{""active"":126681120,""cache"":8312242,""peakActive"":134987808}",,5,8294400,0,def4be0fb3fad44d0bba17f4ec87b34a29779692689a1e34b7c1d14c9890783d,75,5,measured,,,,,1505,,1055746620660166,,
isolated,0.003435417,baseline,1,,1055746641718708,0.003435417,true,def4be0fb3fad44d0bba17f4ec87b34a29779692689a1e34b7c1d14c9890783d,,3cd48e5b732947674c4a6e32824115b3e41ae92049a89938af339726f6f4ede5,8,natural-1505,natural,true,"{""active"":124600352,""cache"":10393010,""peakActive"":134987808}",,5,8294400,0,def4be0fb3fad44d0bba17f4ec87b34a29779692689a1e34b7c1d14c9890783d,75,5,measured,,,,,1505,,1055746638283291,,
isolated,0.005839625,baseline,0,,1055746678100791,0.005839625,true,19e13139913e3ab371c6400a1c7c2c109d1d6fdfbe6cb24aaa64906f6d77c38d,,bc1efaeb0a94427015bf1b360a9ed5013c1959c7be0f97eacee15e97fa4d5345,7,natural-1504,natural,true,"{""active"":124600352,""cache"":10393010,""peakActive"":134987808}",,6,8294400,0,19e13139913e3ab371c6400a1c7c2c109d1d6fdfbe6cb24aaa64906f6d77c38d,76,5,measured,,,,,1504,,1055746672261166,,
isolated,0.002646916,candidate,1,,1055746695609291,0.002646916,true,19e13139913e3ab371c6400a1c7c2c109d1d6fdfbe6cb24aaa64906f6d77c38d,,bc1efaeb0a94427015bf1b360a9ed5013c1959c7be0f97eacee15e97fa4d5345,7,natural-1504,natural,true,"{""active"":126681120,""cache"":8312242,""peakActive"":134987808}",,6,8294400,0,19e13139913e3ab371c6400a1c7c2c109d1d6fdfbe6cb24aaa64906f6d77c38d,76,5,measured,,,,,1504,,1055746692962375,,
isolated,0.001698542,candidate,0,,1055746725202875,0.001698542,true,258955f94ba510e2de8a6b14dfe07f10e1b6ab8e7d73c54fe6bc36c37eaa3d6d,,cb432adf0baf47a4e0ed095cc7d823427738c5aa006135d016d6ae9ddee87899,6,natural-1503,natural,true,"{""active"":126681120,""cache"":8312242,""peakActive"":134987808}",,7,8294400,0,258955f94ba510e2de8a6b14dfe07f10e1b6ab8e7d73c54fe6bc36c37eaa3d6d,77,5,measured,,,,,1503,,1055746723504333,,
isolated,0.003492416,baseline,1,,1055746743954166,0.003492416,true,258955f94ba510e2de8a6b14dfe07f10e1b6ab8e7d73c54fe6bc36c37eaa3d6d,,cb432adf0baf47a4e0ed095cc7d823427738c5aa006135d016d6ae9ddee87899,6,natural-1503,natural,true,"{""active"":124600352,""cache"":10393010,""peakActive"":134987808}",,7,8294400,0,258955f94ba510e2de8a6b14dfe07f10e1b6ab8e7d73c54fe6bc36c37eaa3d6d,77,5,measured,,,,,1503,,1055746740461750,,
isolated,0.003425709,baseline,0,,1055746774932125,0.003425709,true,a1dc46082a3247c370a0bea80eac8a6a710ea1d6c4447263d927751d18344a45,,80fb7b59839bc3ef553ea700cca4948213992df8929b065322b349df5c2b9974,5,natural-1502,natural,true,"{""active"":124600352,""cache"":10393010,""peakActive"":134987808}",,8,8294400,0,a1dc46082a3247c370a0bea80eac8a6a710ea1d6c4447263d927751d18344a45,78,5,measured,,,,,1502,,1055746771506416,,
isolated,0.001642084,candidate,1,,1055746791353750,0.001642084,true,a1dc46082a3247c370a0bea80eac8a6a710ea1d6c4447263d927751d18344a45,,80fb7b59839bc3ef553ea700cca4948213992df8929b065322b349df5c2b9974,5,natural-1502,natural,true,"{""active"":126681120,""cache"":8312242,""peakActive"":134987808}",,8,8294400,0,a1dc46082a3247c370a0bea80eac8a6a710ea1d6c4447263d927751d18344a45,78,5,measured,,,,,1502,,1055746789711666,,
isolated,0.001791333,candidate,0,,1055746821184041,0.001791333,true,7e53933ec6ffad34b19572512b6e4dd79cdf79d53cce1b9679f28641c8345004,,10a50f2709cccd846b33cda5498a15b41ad61332e2284bd7c8a188f4134d4c12,4,natural-1501,natural,true,"{""active"":126681120,""cache"":8312242,""peakActive"":134987808}",,9,8294400,0,7e53933ec6ffad34b19572512b6e4dd79cdf79d53cce1b9679f28641c8345004,79,5,measured,,,,,1501,,1055746819392708,,
isolated,0.005498959,baseline,1,,1055746841676125,0.005498959,true,7e53933ec6ffad34b19572512b6e4dd79cdf79d53cce1b9679f28641c8345004,,10a50f2709cccd846b33cda5498a15b41ad61332e2284bd7c8a188f4134d4c12,4,natural-1501,natural,true,"{""active"":124600352,""cache"":10393010,""peakActive"":134987808}",,9,8294400,0,7e53933ec6ffad34b19572512b6e4dd79cdf79d53cce1b9679f28641c8345004,79,5,measured,,,,,1501,,1055746836177166,,
isolated,0.006849,baseline,0,,1055746875946958,0.006849,true,ff2eeb16566030b9dd06a8c01bbf967fa94070c40acdbbea6a0d2dc48c7167eb,,a1831330a8b322484403fd9244f7cff12dcec82bc068b0215790e84a55edb66c,3,natural-1500,natural,true,"{""active"":124600352,""cache"":10393010,""peakActive"":134987808}",,10,8294400,0,ff2eeb16566030b9dd06a8c01bbf967fa94070c40acdbbea6a0d2dc48c7167eb,80,5,measured,,,,,1500,,1055746869097958,,
isolated,0.001621333,candidate,1,,1055746892630458,0.001621333,true,ff2eeb16566030b9dd06a8c01bbf967fa94070c40acdbbea6a0d2dc48c7167eb,,a1831330a8b322484403fd9244f7cff12dcec82bc068b0215790e84a55edb66c,3,natural-1500,natural,true,"{""active"":126681120,""cache"":8312242,""peakActive"":134987808}",,10,8294400,0,ff2eeb16566030b9dd06a8c01bbf967fa94070c40acdbbea6a0d2dc48c7167eb,80,5,measured,,,,,1500,,1055746891009125,,
isolated,0.001792292,candidate,0,,1055746921641750,0.001792292,true,e4d7d9ae97135d7dc185243b19490a1f40bcca651cf2b759538db368bedc01b7,,189292e00661ef089f37c248b608e927d6ac2828d78ec57b3b8a070aee243ef1,2,natural-1499,natural,true,"{""active"":126681120,""cache"":8312242,""peakActive"":134987808}",,11,8294400,0,e4d7d9ae97135d7dc185243b19490a1f40bcca651cf2b759538db368bedc01b7,81,5,measured,,,,,1499,,1055746919849458,,
isolated,0.006400458,baseline,1,,1055746942881083,0.006400458,true,e4d7d9ae97135d7dc185243b19490a1f40bcca651cf2b759538db368bedc01b7,,189292e00661ef089f37c248b608e927d6ac2828d78ec57b3b8a070aee243ef1,2,natural-1499,natural,true,"{""active"":124600352,""cache"":10393010,""peakActive"":134987808}",,11,8294400,0,e4d7d9ae97135d7dc185243b19490a1f40bcca651cf2b759538db368bedc01b7,81,5,measured,,,,,1499,,1055746936480625,,
isolated,0.002114792,baseline,0,,1055746972438458,0.002114792,true,788ae0147bdf979a6575938ca2d7d4403788588f7be2010f03776c968fd1ab49,,788ae0147bdf979a6575938ca2d7d4403788588f7be2010f03776c968fd1ab49,1,natural-1498,natural,true,"{""active"":124600352,""cache"":10393010,""peakActive"":134987808}",,12,8294400,0,788ae0147bdf979a6575938ca2d7d4403788588f7be2010f03776c968fd1ab49,82,5,measured,,,,,1498,,1055746970323666,,
isolated,0.001695375,candidate,1,,1055746989386791,0.001695375,true,788ae0147bdf979a6575938ca2d7d4403788588f7be2010f03776c968fd1ab49,,788ae0147bdf979a6575938ca2d7d4403788588f7be2010f03776c968fd1ab49,1,natural-1498,natural,true,"{""active"":126681120,""cache"":8312242,""peakActive"":134987808}",,12,8294400,0,788ae0147bdf979a6575938ca2d7d4403788588f7be2010f03776c968fd1ab49,82,5,measured,,,,,1498,,1055746987691416,,
isolated,0.002757416,candidate,0,,1055747021440541,0.002757416,true,ff24d7286b3978166808fccb18ded53d06f8a0687fe03a9af73eba1e698dc25c,,7389257eb62b35d1311f9027f2cc088363fdef9f52406398a05024e96ca7634f,0,natural-1497,natural,true,"{""active"":126681120,""cache"":8312242,""peakActive"":134987808}",,13,8294400,0,ff24d7286b3978166808fccb18ded53d06f8a0687fe03a9af73eba1e698dc25c,83,5,measured,,,,,1497,,1055747018683125,,
isolated,0.003296584,baseline,1,,1055747043969625,0.003296584,true,ff24d7286b3978166808fccb18ded53d06f8a0687fe03a9af73eba1e698dc25c,,7389257eb62b35d1311f9027f2cc088363fdef9f52406398a05024e96ca7634f,0,natural-1497,natural,true,"{""active"":124600352,""cache"":10393010,""peakActive"":134987808}",,13,8294400,0,ff24d7286b3978166808fccb18ded53d06f8a0687fe03a9af73eba1e698dc25c,83,5,measured,,,,,1497,,1055747040673041,,
isolated,0.0072575,baseline,0,,1055747084797458,0.0072575,true,ff24d7286b3978166808fccb18ded53d06f8a0687fe03a9af73eba1e698dc25c,,7389257eb62b35d1311f9027f2cc088363fdef9f52406398a05024e96ca7634f,0,natural-1497,natural,true,"{""active"":124600352,""cache"":10393010,""peakActive"":134987808}",,0,8294400,0,ff24d7286b3978166808fccb18ded53d06f8a0687fe03a9af73eba1e698dc25c,84,6,measured,,,,,1497,,1055747077539958,,
isolated,0.002868209,candidate,1,,1055747115590875,0.002868209,true,ff24d7286b3978166808fccb18ded53d06f8a0687fe03a9af73eba1e698dc25c,,7389257eb62b35d1311f9027f2cc088363fdef9f52406398a05024e96ca7634f,0,natural-1497,natural,true,"{""active"":126681120,""cache"":8312242,""peakActive"":134987808}",,0,8294400,0,ff24d7286b3978166808fccb18ded53d06f8a0687fe03a9af73eba1e698dc25c,84,6,measured,,,,,1497,,1055747112722666,,
isolated,0.001426416,candidate,0,,1055747203755666,0.001426416,true,788ae0147bdf979a6575938ca2d7d4403788588f7be2010f03776c968fd1ab49,,788ae0147bdf979a6575938ca2d7d4403788588f7be2010f03776c968fd1ab49,1,natural-1498,natural,true,"{""active"":126681120,""cache"":8312242,""peakActive"":134987808}",,1,8294400,0,788ae0147bdf979a6575938ca2d7d4403788588f7be2010f03776c968fd1ab49,85,6,measured,,,,,1498,,1055747202329250,,
isolated,0.001626083,baseline,1,,1055747223779458,0.001626083,true,788ae0147bdf979a6575938ca2d7d4403788588f7be2010f03776c968fd1ab49,,788ae0147bdf979a6575938ca2d7d4403788588f7be2010f03776c968fd1ab49,1,natural-1498,natural,true,"{""active"":124600352,""cache"":10393010,""peakActive"":134987808}",,1,8294400,0,788ae0147bdf979a6575938ca2d7d4403788588f7be2010f03776c968fd1ab49,85,6,measured,,,,,1498,,1055747222153375,,
isolated,0.006716458,baseline,0,,1055747260665208,0.006716458,true,e4d7d9ae97135d7dc185243b19490a1f40bcca651cf2b759538db368bedc01b7,,189292e00661ef089f37c248b608e927d6ac2828d78ec57b3b8a070aee243ef1,2,natural-1499,natural,true,"{""active"":124600352,""cache"":10393010,""peakActive"":134987808}",,2,8294400,0,e4d7d9ae97135d7dc185243b19490a1f40bcca651cf2b759538db368bedc01b7,86,6,measured,,,,,1499,,1055747253948750,,
isolated,0.001700666,candidate,1,,1055747278547916,0.001700666,true,e4d7d9ae97135d7dc185243b19490a1f40bcca651cf2b759538db368bedc01b7,,189292e00661ef089f37c248b608e927d6ac2828d78ec57b3b8a070aee243ef1,2,natural-1499,natural,true,"{""active"":126681120,""cache"":8312242,""peakActive"":134987808}",,2,8294400,0,e4d7d9ae97135d7dc185243b19490a1f40bcca651cf2b759538db368bedc01b7,86,6,measured,,,,,1499,,1055747276847250,,
isolated,0.002702667,candidate,0,,1055747310085958,0.002702667,true,ff2eeb16566030b9dd06a8c01bbf967fa94070c40acdbbea6a0d2dc48c7167eb,,a1831330a8b322484403fd9244f7cff12dcec82bc068b0215790e84a55edb66c,3,natural-1500,natural,true,"{""active"":126681120,""cache"":8312242,""peakActive"":134987808}",,3,8294400,0,ff2eeb16566030b9dd06a8c01bbf967fa94070c40acdbbea6a0d2dc48c7167eb,87,6,measured,,,,,1500,,1055747307383291,,
isolated,0.006559417,baseline,1,,1055747333354375,0.006559417,true,ff2eeb16566030b9dd06a8c01bbf967fa94070c40acdbbea6a0d2dc48c7167eb,,a1831330a8b322484403fd9244f7cff12dcec82bc068b0215790e84a55edb66c,3,natural-1500,natural,true,"{""active"":124600352,""cache"":10393010,""peakActive"":134987808}",,3,8294400,0,ff2eeb16566030b9dd06a8c01bbf967fa94070c40acdbbea6a0d2dc48c7167eb,87,6,measured,,,,,1500,,1055747326794958,,
isolated,0.00689175,baseline,0,,1055747369247625,0.00689175,true,7e53933ec6ffad34b19572512b6e4dd79cdf79d53cce1b9679f28641c8345004,,10a50f2709cccd846b33cda5498a15b41ad61332e2284bd7c8a188f4134d4c12,4,natural-1501,natural,true,"{""active"":124600352,""cache"":10393010,""peakActive"":134987808}",,4,8294400,0,7e53933ec6ffad34b19572512b6e4dd79cdf79d53cce1b9679f28641c8345004,88,6,measured,,,,,1501,,1055747362355875,,
isolated,0.001646917,candidate,1,,1055747387310000,0.001646917,true,7e53933ec6ffad34b19572512b6e4dd79cdf79d53cce1b9679f28641c8345004,,10a50f2709cccd846b33cda5498a15b41ad61332e2284bd7c8a188f4134d4c12,4,natural-1501,natural,true,"{""active"":126681120,""cache"":8312242,""peakActive"":134987808}",,4,8294400,0,7e53933ec6ffad34b19572512b6e4dd79cdf79d53cce1b9679f28641c8345004,88,6,measured,,,,,1501,,1055747385663083,,
isolated,0.001740167,candidate,0,,1055747417903833,0.001740167,true,a1dc46082a3247c370a0bea80eac8a6a710ea1d6c4447263d927751d18344a45,,80fb7b59839bc3ef553ea700cca4948213992df8929b065322b349df5c2b9974,5,natural-1502,natural,true,"{""active"":126681120,""cache"":8312242,""peakActive"":134987808}",,5,8294400,0,a1dc46082a3247c370a0bea80eac8a6a710ea1d6c4447263d927751d18344a45,89,6,measured,,,,,1502,,1055747416163666,,
isolated,0.004317208,baseline,1,,1055747438425458,0.004317208,true,a1dc46082a3247c370a0bea80eac8a6a710ea1d6c4447263d927751d18344a45,,80fb7b59839bc3ef553ea700cca4948213992df8929b065322b349df5c2b9974,5,natural-1502,natural,true,"{""active"":124600352,""cache"":10393010,""peakActive"":134987808}",,5,8294400,0,a1dc46082a3247c370a0bea80eac8a6a710ea1d6c4447263d927751d18344a45,89,6,measured,,,,,1502,,1055747434108250,,
isolated,0.006102625,baseline,0,,1055747473332208,0.006102625,true,258955f94ba510e2de8a6b14dfe07f10e1b6ab8e7d73c54fe6bc36c37eaa3d6d,,cb432adf0baf47a4e0ed095cc7d823427738c5aa006135d016d6ae9ddee87899,6,natural-1503,natural,true,"{""active"":124600352,""cache"":10393010,""peakActive"":134987808}",,6,8294400,0,258955f94ba510e2de8a6b14dfe07f10e1b6ab8e7d73c54fe6bc36c37eaa3d6d,90,6,measured,,,,,1503,,1055747467229583,,
isolated,0.001631917,candidate,1,,1055747491297000,0.001631917,true,258955f94ba510e2de8a6b14dfe07f10e1b6ab8e7d73c54fe6bc36c37eaa3d6d,,cb432adf0baf47a4e0ed095cc7d823427738c5aa006135d016d6ae9ddee87899,6,natural-1503,natural,true,"{""active"":126681120,""cache"":8312242,""peakActive"":134987808}",,6,8294400,0,258955f94ba510e2de8a6b14dfe07f10e1b6ab8e7d73c54fe6bc36c37eaa3d6d,90,6,measured,,,,,1503,,1055747489665083,,
isolated,0.00271975,candidate,0,,1055747522731750,0.00271975,true,19e13139913e3ab371c6400a1c7c2c109d1d6fdfbe6cb24aaa64906f6d77c38d,,bc1efaeb0a94427015bf1b360a9ed5013c1959c7be0f97eacee15e97fa4d5345,7,natural-1504,natural,true,"{""active"":126681120,""cache"":8312242,""peakActive"":134987808}",,7,8294400,0,19e13139913e3ab371c6400a1c7c2c109d1d6fdfbe6cb24aaa64906f6d77c38d,91,6,measured,,,,,1504,,1055747520012000,,
isolated,0.0060465,baseline,1,,1055747545157916,0.0060465,true,19e13139913e3ab371c6400a1c7c2c109d1d6fdfbe6cb24aaa64906f6d77c38d,,bc1efaeb0a94427015bf1b360a9ed5013c1959c7be0f97eacee15e97fa4d5345,7,natural-1504,natural,true,"{""active"":124600352,""cache"":10393010,""peakActive"":134987808}",,7,8294400,0,19e13139913e3ab371c6400a1c7c2c109d1d6fdfbe6cb24aaa64906f6d77c38d,91,6,measured,,,,,1504,,1055747539111416,,
isolated,0.005916875,baseline,0,,1055747581421583,0.005916875,true,def4be0fb3fad44d0bba17f4ec87b34a29779692689a1e34b7c1d14c9890783d,,3cd48e5b732947674c4a6e32824115b3e41ae92049a89938af339726f6f4ede5,8,natural-1505,natural,true,"{""active"":124600352,""cache"":10393010,""peakActive"":134987808}",,8,8294400,0,def4be0fb3fad44d0bba17f4ec87b34a29779692689a1e34b7c1d14c9890783d,92,6,measured,,,,,1505,,1055747575504708,,
isolated,0.001623625,candidate,1,,1055747599727041,0.001623625,true,def4be0fb3fad44d0bba17f4ec87b34a29779692689a1e34b7c1d14c9890783d,,3cd48e5b732947674c4a6e32824115b3e41ae92049a89938af339726f6f4ede5,8,natural-1505,natural,true,"{""active"":126681120,""cache"":8312242,""peakActive"":134987808}",,8,8294400,0,def4be0fb3fad44d0bba17f4ec87b34a29779692689a1e34b7c1d14c9890783d,92,6,measured,,,,,1505,,1055747598103416,,
isolated,0.001713958,candidate,0,,1055747631857208,0.001713958,true,4884d6f9f54612fb41275b8e8d13cddd2192972bfafae0abaa4314560ed442e6,,6c5f8a443a7b5b54701f1a7774dac18df1a092494a23d814bdd77e6c6bbe710b,9,natural-1506,natural,true,"{""active"":126681120,""cache"":8312242,""peakActive"":134987808}",,9,8294400,0,4884d6f9f54612fb41275b8e8d13cddd2192972bfafae0abaa4314560ed442e6,93,6,measured,,,,,1506,,1055747630143250,,
isolated,0.003075708,baseline,1,,1055747651469083,0.003075708,true,4884d6f9f54612fb41275b8e8d13cddd2192972bfafae0abaa4314560ed442e6,,6c5f8a443a7b5b54701f1a7774dac18df1a092494a23d814bdd77e6c6bbe710b,9,natural-1506,natural,true,"{""active"":124600352,""cache"":10393010,""peakActive"":134987808}",,9,8294400,0,4884d6f9f54612fb41275b8e8d13cddd2192972bfafae0abaa4314560ed442e6,93,6,measured,,,,,1506,,1055747648393375,,
isolated,0.006696542,baseline,0,,1055747687636625,0.006696542,true,4a85e0bcb8f464c66c75cb11c1eec19ea4773c4d0c27fb17ca25c0938dce94de,,8c68fdeba1e149eae0336bbc5b4aecca6822250c7a21a8bcb8a057ee93d8da2f,10,natural-1507,natural,true,"{""active"":124600352,""cache"":10393010,""peakActive"":134987808}",,10,8294400,0,4a85e0bcb8f464c66c75cb11c1eec19ea4773c4d0c27fb17ca25c0938dce94de,94,6,measured,,,,,1507,,1055747680940083,,
isolated,0.002720625,candidate,1,,1055747708013000,0.002720625,true,4a85e0bcb8f464c66c75cb11c1eec19ea4773c4d0c27fb17ca25c0938dce94de,,8c68fdeba1e149eae0336bbc5b4aecca6822250c7a21a8bcb8a057ee93d8da2f,10,natural-1507,natural,true,"{""active"":126681120,""cache"":8312242,""peakActive"":134987808}",,10,8294400,0,4a85e0bcb8f464c66c75cb11c1eec19ea4773c4d0c27fb17ca25c0938dce94de,94,6,measured,,,,,1507,,1055747705292375,,
isolated,0.002093417,candidate,0,,1055747742169458,0.002093417,true,8a51d9d7f9968563b7dd371f289fda22b1230b08f8f427295bd9f3c4250275e5,,8a51d9d7f9968563b7dd371f289fda22b1230b08f8f427295bd9f3c4250275e5,11,all-positive,synthetic,true,"{""active"":126681120,""cache"":8312242,""peakActive"":134987808}",,11,8294400,0,8a51d9d7f9968563b7dd371f289fda22b1230b08f8f427295bd9f3c4250275e5,95,6,measured,,,,,null,,1055747740076041,,
isolated,0.004223209,baseline,1,,1055747763462625,0.004223209,true,8a51d9d7f9968563b7dd371f289fda22b1230b08f8f427295bd9f3c4250275e5,,8a51d9d7f9968563b7dd371f289fda22b1230b08f8f427295bd9f3c4250275e5,11,all-positive,synthetic,true,"{""active"":124600352,""cache"":10393010,""peakActive"":134987808}",,11,8294400,0,8a51d9d7f9968563b7dd371f289fda22b1230b08f8f427295bd9f3c4250275e5,95,6,measured,,,,,null,,1055747759239416,,
isolated,0.005703958,baseline,0,,1055747800311166,0.005703958,true,2925f3cdc8173bf2ceb5c91d1bc8f9ad294f4b952c68c3bcada8b61c29b404ed,,80a6d83d82542a5c2fca9e35e10a611b62695ff07a8d290907159ff9876b37e8,12,sparse-invalid,synthetic,true,"{""active"":124600352,""cache"":10393010,""peakActive"":134987808}",,12,8294400,0,2925f3cdc8173bf2ceb5c91d1bc8f9ad294f4b952c68c3bcada8b61c29b404ed,96,6,measured,,,,,null,,1055747794607208,,
isolated,0.003255875,candidate,1,,1055747820507250,0.003255875,true,2925f3cdc8173bf2ceb5c91d1bc8f9ad294f4b952c68c3bcada8b61c29b404ed,,80a6d83d82542a5c2fca9e35e10a611b62695ff07a8d290907159ff9876b37e8,12,sparse-invalid,synthetic,true,"{""active"":126681120,""cache"":8312242,""peakActive"":134987808}",,12,8294400,0,2925f3cdc8173bf2ceb5c91d1bc8f9ad294f4b952c68c3bcada8b61c29b404ed,96,6,measured,,,,,null,,1055747817251375,,
isolated,0.001767333,candidate,0,,1055747852385833,0.001767333,true,788ae0147bdf979a6575938ca2d7d4403788588f7be2010f03776c968fd1ab49,,863b06634ceb4d3448bd4b50416825b3de7c01f07ab7f5f7272101def693195b,13,dense-invalid,synthetic,true,"{""active"":126681120,""cache"":8312242,""peakActive"":134987808}",,13,8294400,0,788ae0147bdf979a6575938ca2d7d4403788588f7be2010f03776c968fd1ab49,97,6,measured,,,,,null,,1055747850618500,,
isolated,0.001196375,baseline,1,,1055747870619625,0.001196375,true,788ae0147bdf979a6575938ca2d7d4403788588f7be2010f03776c968fd1ab49,,863b06634ceb4d3448bd4b50416825b3de7c01f07ab7f5f7272101def693195b,13,dense-invalid,synthetic,true,"{""active"":124600352,""cache"":10393010,""peakActive"":134987808}",,13,8294400,0,788ae0147bdf979a6575938ca2d7d4403788588f7be2010f03776c968fd1ab49,97,6,measured,,,,,null,,1055747869423250,,
isolated,0.001593166,baseline,0,,1055747901785666,0.001593166,true,788ae0147bdf979a6575938ca2d7d4403788588f7be2010f03776c968fd1ab49,,863b06634ceb4d3448bd4b50416825b3de7c01f07ab7f5f7272101def693195b,13,dense-invalid,synthetic,true,"{""active"":124600352,""cache"":10393010,""peakActive"":134987808}",,0,8294400,0,788ae0147bdf979a6575938ca2d7d4403788588f7be2010f03776c968fd1ab49,98,7,measured,,,,,null,,1055747900192500,,
isolated,0.001679833,candidate,1,,1055747920064666,0.001679833,true,788ae0147bdf979a6575938ca2d7d4403788588f7be2010f03776c968fd1ab49,,863b06634ceb4d3448bd4b50416825b3de7c01f07ab7f5f7272101def693195b,13,dense-invalid,synthetic,true,"{""active"":126681120,""cache"":8312242,""peakActive"":134987808}",,0,8294400,0,788ae0147bdf979a6575938ca2d7d4403788588f7be2010f03776c968fd1ab49,98,7,measured,,,,,null,,1055747918384833,,
isolated,0.003208709,candidate,0,,1055747955943750,0.003208709,true,2925f3cdc8173bf2ceb5c91d1bc8f9ad294f4b952c68c3bcada8b61c29b404ed,,80a6d83d82542a5c2fca9e35e10a611b62695ff07a8d290907159ff9876b37e8,12,sparse-invalid,synthetic,true,"{""active"":126681120,""cache"":8312242,""peakActive"":134987808}",,1,8294400,0,2925f3cdc8173bf2ceb5c91d1bc8f9ad294f4b952c68c3bcada8b61c29b404ed,99,7,measured,,,,,null,,1055747952735041,,
isolated,0.00771275,baseline,1,,1055747980384458,0.00771275,true,2925f3cdc8173bf2ceb5c91d1bc8f9ad294f4b952c68c3bcada8b61c29b404ed,,80a6d83d82542a5c2fca9e35e10a611b62695ff07a8d290907159ff9876b37e8,12,sparse-invalid,synthetic,true,"{""active"":124600352,""cache"":10393010,""peakActive"":134987808}",,1,8294400,0,2925f3cdc8173bf2ceb5c91d1bc8f9ad294f4b952c68c3bcada8b61c29b404ed,99,7,measured,,,,,null,,1055747972671708,,
isolated,0.005268833,baseline,0,,1055748021568583,0.005268833,true,8a51d9d7f9968563b7dd371f289fda22b1230b08f8f427295bd9f3c4250275e5,,8a51d9d7f9968563b7dd371f289fda22b1230b08f8f427295bd9f3c4250275e5,11,all-positive,synthetic,true,"{""active"":124600352,""cache"":10393010,""peakActive"":134987808}",,2,8294400,0,8a51d9d7f9968563b7dd371f289fda22b1230b08f8f427295bd9f3c4250275e5,100,7,measured,,,,,null,,1055748016299750,,
isolated,0.003140875,candidate,1,,1055748044046125,0.003140875,true,8a51d9d7f9968563b7dd371f289fda22b1230b08f8f427295bd9f3c4250275e5,,8a51d9d7f9968563b7dd371f289fda22b1230b08f8f427295bd9f3c4250275e5,11,all-positive,synthetic,true,"{""active"":126681120,""cache"":8312242,""peakActive"":134987808}",,2,8294400,0,8a51d9d7f9968563b7dd371f289fda22b1230b08f8f427295bd9f3c4250275e5,100,7,measured,,,,,null,,1055748040905250,,
isolated,0.00172475,candidate,0,,1055748078066166,0.00172475,true,4a85e0bcb8f464c66c75cb11c1eec19ea4773c4d0c27fb17ca25c0938dce94de,,8c68fdeba1e149eae0336bbc5b4aecca6822250c7a21a8bcb8a057ee93d8da2f,10,natural-1507,natural,true,"{""active"":126681120,""cache"":8312242,""peakActive"":134987808}",,3,8294400,0,4a85e0bcb8f464c66c75cb11c1eec19ea4773c4d0c27fb17ca25c0938dce94de,101,7,measured,,,,,1507,,1055748076341416,,
isolated,0.004432209,baseline,1,,1055748100348750,0.004432209,true,4a85e0bcb8f464c66c75cb11c1eec19ea4773c4d0c27fb17ca25c0938dce94de,,8c68fdeba1e149eae0336bbc5b4aecca6822250c7a21a8bcb8a057ee93d8da2f,10,natural-1507,natural,true,"{""active"":124600352,""cache"":10393010,""peakActive"":134987808}",,3,8294400,0,4a85e0bcb8f464c66c75cb11c1eec19ea4773c4d0c27fb17ca25c0938dce94de,101,7,measured,,,,,1507,,1055748095916541,,
isolated,0.003503917,baseline,0,,1055748141336875,0.003503917,true,4884d6f9f54612fb41275b8e8d13cddd2192972bfafae0abaa4314560ed442e6,,6c5f8a443a7b5b54701f1a7774dac18df1a092494a23d814bdd77e6c6bbe710b,9,natural-1506,natural,true,"{""active"":124600352,""cache"":10393010,""peakActive"":134987808}",,4,8294400,0,4884d6f9f54612fb41275b8e8d13cddd2192972bfafae0abaa4314560ed442e6,102,7,measured,,,,,1506,,1055748137832958,,
isolated,0.0016795,candidate,1,,1055748169235125,0.0016795,true,4884d6f9f54612fb41275b8e8d13cddd2192972bfafae0abaa4314560ed442e6,,6c5f8a443a7b5b54701f1a7774dac18df1a092494a23d814bdd77e6c6bbe710b,9,natural-1506,natural,true,"{""active"":126681120,""cache"":8312242,""peakActive"":134987808}",,4,8294400,0,4884d6f9f54612fb41275b8e8d13cddd2192972bfafae0abaa4314560ed442e6,102,7,measured,,,,,1506,,1055748167555625,,
isolated,0.001628042,candidate,0,,1055748204794958,0.001628042,true,def4be0fb3fad44d0bba17f4ec87b34a29779692689a1e34b7c1d14c9890783d,,3cd48e5b732947674c4a6e32824115b3e41ae92049a89938af339726f6f4ede5,8,natural-1505,natural,true,"{""active"":126681120,""cache"":8312242,""peakActive"":134987808}",,5,8294400,0,def4be0fb3fad44d0bba17f4ec87b34a29779692689a1e34b7c1d14c9890783d,103,7,measured,,,,,1505,,1055748203166916,,
isolated,0.003466458,baseline,1,,1055748226799583,0.003466458,true,def4be0fb3fad44d0bba17f4ec87b34a29779692689a1e34b7c1d14c9890783d,,3cd48e5b732947674c4a6e32824115b3e41ae92049a89938af339726f6f4ede5,8,natural-1505,natural,true,"{""active"":124600352,""cache"":10393010,""peakActive"":134987808}",,5,8294400,0,def4be0fb3fad44d0bba17f4ec87b34a29779692689a1e34b7c1d14c9890783d,103,7,measured,,,,,1505,,1055748223333125,,
isolated,0.006085958,baseline,0,,1055748266667083,0.006085958,true,19e13139913e3ab371c6400a1c7c2c109d1d6fdfbe6cb24aaa64906f6d77c38d,,bc1efaeb0a94427015bf1b360a9ed5013c1959c7be0f97eacee15e97fa4d5345,7,natural-1504,natural,true,"{""active"":124600352,""cache"":10393010,""peakActive"":134987808}",,6,8294400,0,19e13139913e3ab371c6400a1c7c2c109d1d6fdfbe6cb24aaa64906f6d77c38d,104,7,measured,,,,,1504,,1055748260581125,,
isolated,0.001470083,candidate,1,,1055748286677416,0.001470083,true,19e13139913e3ab371c6400a1c7c2c109d1d6fdfbe6cb24aaa64906f6d77c38d,,bc1efaeb0a94427015bf1b360a9ed5013c1959c7be0f97eacee15e97fa4d5345,7,natural-1504,natural,true,"{""active"":126681120,""cache"":8312242,""peakActive"":134987808}",,6,8294400,0,19e13139913e3ab371c6400a1c7c2c109d1d6fdfbe6cb24aaa64906f6d77c38d,104,7,measured,,,,,1504,,1055748285207333,,
isolated,0.001724,candidate,0,,1055748322810000,0.001724,true,258955f94ba510e2de8a6b14dfe07f10e1b6ab8e7d73c54fe6bc36c37eaa3d6d,,cb432adf0baf47a4e0ed095cc7d823427738c5aa006135d016d6ae9ddee87899,6,natural-1503,natural,true,"{""active"":126681120,""cache"":8312242,""peakActive"":134987808}",,7,8294400,0,258955f94ba510e2de8a6b14dfe07f10e1b6ab8e7d73c54fe6bc36c37eaa3d6d,105,7,measured,,,,,1503,,1055748321086000,,
isolated,0.003512083,baseline,1,,1055748345588208,0.003512083,true,258955f94ba510e2de8a6b14dfe07f10e1b6ab8e7d73c54fe6bc36c37eaa3d6d,,cb432adf0baf47a4e0ed095cc7d823427738c5aa006135d016d6ae9ddee87899,6,natural-1503,natural,true,"{""active"":124600352,""cache"":10393010,""peakActive"":134987808}",,7,8294400,0,258955f94ba510e2de8a6b14dfe07f10e1b6ab8e7d73c54fe6bc36c37eaa3d6d,105,7,measured,,,,,1503,,1055748342076125,,
isolated,0.0034675,baseline,0,,1055748384552916,0.0034675,true,a1dc46082a3247c370a0bea80eac8a6a710ea1d6c4447263d927751d18344a45,,80fb7b59839bc3ef553ea700cca4948213992df8929b065322b349df5c2b9974,5,natural-1502,natural,true,"{""active"":124600352,""cache"":10393010,""peakActive"":134987808}",,8,8294400,0,a1dc46082a3247c370a0bea80eac8a6a710ea1d6c4447263d927751d18344a45,106,7,measured,,,,,1502,,1055748381085416,,
isolated,0.0017055,candidate,1,,1055748405447291,0.0017055,true,a1dc46082a3247c370a0bea80eac8a6a710ea1d6c4447263d927751d18344a45,,80fb7b59839bc3ef553ea700cca4948213992df8929b065322b349df5c2b9974,5,natural-1502,natural,true,"{""active"":126681120,""cache"":8312242,""peakActive"":134987808}",,8,8294400,0,a1dc46082a3247c370a0bea80eac8a6a710ea1d6c4447263d927751d18344a45,106,7,measured,,,,,1502,,1055748403741791,,
isolated,0.001758,candidate,0,,1055748441765416,0.001758,true,7e53933ec6ffad34b19572512b6e4dd79cdf79d53cce1b9679f28641c8345004,,10a50f2709cccd846b33cda5498a15b41ad61332e2284bd7c8a188f4134d4c12,4,natural-1501,natural,true,"{""active"":126681120,""cache"":8312242,""peakActive"":134987808}",,9,8294400,0,7e53933ec6ffad34b19572512b6e4dd79cdf79d53cce1b9679f28641c8345004,107,7,measured,,,,,1501,,1055748440007416,,
isolated,0.007002834,baseline,1,,1055748471617000,0.007002834,true,7e53933ec6ffad34b19572512b6e4dd79cdf79d53cce1b9679f28641c8345004,,10a50f2709cccd846b33cda5498a15b41ad61332e2284bd7c8a188f4134d4c12,4,natural-1501,natural,true,"{""active"":124600352,""cache"":10393010,""peakActive"":134987808}",,9,8294400,0,7e53933ec6ffad34b19572512b6e4dd79cdf79d53cce1b9679f28641c8345004,107,7,measured,,,,,1501,,1055748464614166,,
isolated,0.003665208,baseline,0,,1055748513773416,0.003665208,true,ff2eeb16566030b9dd06a8c01bbf967fa94070c40acdbbea6a0d2dc48c7167eb,,a1831330a8b322484403fd9244f7cff12dcec82bc068b0215790e84a55edb66c,3,natural-1500,natural,true,"{""active"":124600352,""cache"":10393010,""peakActive"":134987808}",,10,8294400,0,ff2eeb16566030b9dd06a8c01bbf967fa94070c40acdbbea6a0d2dc48c7167eb,108,7,measured,,,,,1500,,1055748510108208,,
isolated,0.00261125,candidate,1,,1055748535463291,0.00261125,true,ff2eeb16566030b9dd06a8c01bbf967fa94070c40acdbbea6a0d2dc48c7167eb,,a1831330a8b322484403fd9244f7cff12dcec82bc068b0215790e84a55edb66c,3,natural-1500,natural,true,"{""active"":126681120,""cache"":8312242,""peakActive"":134987808}",,10,8294400,0,ff2eeb16566030b9dd06a8c01bbf967fa94070c40acdbbea6a0d2dc48c7167eb,108,7,measured,,,,,1500,,1055748532852041,,
isolated,0.002999709,candidate,0,,1055748576431250,0.002999709,true,e4d7d9ae97135d7dc185243b19490a1f40bcca651cf2b759538db368bedc01b7,,189292e00661ef089f37c248b608e927d6ac2828d78ec57b3b8a070aee243ef1,2,natural-1499,natural,true,"{""active"":124600352,""cache"":10393010,""peakActive"":134987808}",,11,8294400,0,e4d7d9ae97135d7dc185243b19490a1f40bcca651cf2b759538db368bedc01b7,109,7,measured,,,,,1499,,1055748573431541,,
isolated,0.003567042,baseline,1,,1055748598704000,0.003567042,true,e4d7d9ae97135d7dc185243b19490a1f40bcca651cf2b759538db368bedc01b7,,189292e00661ef089f37c248b608e927d6ac2828d78ec57b3b8a070aee243ef1,2,natural-1499,natural,true,"{""active"":124600352,""cache"":10393010,""peakActive"":134987808}",,11,8294400,0,e4d7d9ae97135d7dc185243b19490a1f40bcca651cf2b759538db368bedc01b7,109,7,measured,,,,,1499,,1055748595136958,,
isolated,0.001414458,baseline,0,,1055748634007083,0.001414458,true,788ae0147bdf979a6575938ca2d7d4403788588f7be2010f03776c968fd1ab49,,788ae0147bdf979a6575938ca2d7d4403788588f7be2010f03776c968fd1ab49,1,natural-1498,natural,true,"{""active"":124600352,""cache"":10393010,""peakActive"":134987808}",,12,8294400,0,788ae0147bdf979a6575938ca2d7d4403788588f7be2010f03776c968fd1ab49,110,7,measured,,,,,1498,,1055748632592625,,
isolated,0.001445833,candidate,1,,1055748654030458,0.001445833,true,788ae0147bdf979a6575938ca2d7d4403788588f7be2010f03776c968fd1ab49,,788ae0147bdf979a6575938ca2d7d4403788588f7be2010f03776c968fd1ab49,1,natural-1498,natural,true,"{""active"":126681120,""cache"":8312242,""peakActive"":134987808}",,12,8294400,0,788ae0147bdf979a6575938ca2d7d4403788588f7be2010f03776c968fd1ab49,110,7,measured,,,,,1498,,1055748652584625,,
isolated,0.002956041,candidate,0,,1055748692555541,0.002956041,true,ff24d7286b3978166808fccb18ded53d06f8a0687fe03a9af73eba1e698dc25c,,7389257eb62b35d1311f9027f2cc088363fdef9f52406398a05024e96ca7634f,0,natural-1497,natural,true,"{""active"":126681120,""cache"":8312242,""peakActive"":134987808}",,13,8294400,0,ff24d7286b3978166808fccb18ded53d06f8a0687fe03a9af73eba1e698dc25c,111,7,measured,,,,,1497,,1055748689599500,,
isolated,0.005568458,baseline,1,,1055748717594083,0.005568458,true,ff24d7286b3978166808fccb18ded53d06f8a0687fe03a9af73eba1e698dc25c,,7389257eb62b35d1311f9027f2cc088363fdef9f52406398a05024e96ca7634f,0,natural-1497,natural,true,"{""active"":124600352,""cache"":10393010,""peakActive"":134987808}",,13,8294400,0,ff24d7286b3978166808fccb18ded53d06f8a0687fe03a9af73eba1e698dc25c,111,7,measured,,,,,1497,,1055748712025625,,
fullMotion,0.019937208,baseline,0,"{""bytes"":8294400,""nonfiniteScalars"":0,""sha256"":""ff24d7286b3978166808fccb18ded53d06f8a0687fe03a9af73eba1e698dc25c""}",1056344339464041,,,,true,,,,natural,true,"{""active"":323551232,""cache"":74761360,""peakActive"":398571792}",0.019937208,0,,,,0,0,measured,1496,1057945836,false,true,1497,0,1056344319526833,"{""bytes"":16588800,""nonfiniteScalars"":0,""sha256"":""b5af93cbe1cc5d1d7f6ad42630abe65e9ea2748429906730d52b29109c701e87""}",996707947
fullMotion,0.011554542,candidate,1,"{""bytes"":8294400,""nonfiniteScalars"":0,""sha256"":""ff24d7286b3978166808fccb18ded53d06f8a0687fe03a9af73eba1e698dc25c""}",1056344387149583,,,,true,,,,natural,true,"{""active"":323551232,""cache"":74761360,""peakActive"":398571792}",0.011554542,0,,,,0,0,measured,1496,1057945836,false,true,1497,0,1056344375595041,"{""bytes"":16588800,""nonfiniteScalars"":0,""sha256"":""b5af93cbe1cc5d1d7f6ad42630abe65e9ea2748429906730d52b29109c701e87""}",996707947
fullMotion,0.017312667,candidate,0,"{""bytes"":8294400,""nonfiniteScalars"":0,""sha256"":""788ae0147bdf979a6575938ca2d7d4403788588f7be2010f03776c968fd1ab49""}",1056344508487250,,,,true,,,,natural,true,"{""active"":323551232,""cache"":74761360,""peakActive"":398571792}",0.017312667,1,,,,1,0,measured,1497,0,true,true,1498,1,1056344491174583,"{""bytes"":16588800,""nonfiniteScalars"":0,""sha256"":""1dd7f8a26e56dfba878da177773321a53dca3f2b9d00b46118d4425ec3093903""}",1049357384
fullMotion,0.015287125,baseline,1,"{""bytes"":8294400,""nonfiniteScalars"":0,""sha256"":""788ae0147bdf979a6575938ca2d7d4403788588f7be2010f03776c968fd1ab49""}",1056344559237083,,,,true,,,,natural,true,"{""active"":323551232,""cache"":74761360,""peakActive"":398571792}",0.015287125,1,,,,1,0,measured,1497,0,true,true,1498,1,1056344543949958,"{""bytes"":16588800,""nonfiniteScalars"":0,""sha256"":""1dd7f8a26e56dfba878da177773321a53dca3f2b9d00b46118d4425ec3093903""}",1049357384
fullMotion,0.011143167,baseline,0,"{""bytes"":8294400,""nonfiniteScalars"":0,""sha256"":""e4d7d9ae97135d7dc185243b19490a1f40bcca651cf2b759538db368bedc01b7""}",1056344673185708,,,,true,,,,natural,true,"{""active"":323551232,""cache"":74761360,""peakActive"":398571792}",0.011143167,2,,,,2,0,measured,1498,1058754825,false,true,1499,2,1056344662042541,"{""bytes"":16588800,""nonfiniteScalars"":0,""sha256"":""ee54d44ebac3dca564784630aa7e04eb0e50afdb17521dfa1b05c85b78882a48""}",994358578
fullMotion,0.008240333,candidate,1,"{""bytes"":8294400,""nonfiniteScalars"":0,""sha256"":""e4d7d9ae97135d7dc185243b19490a1f40bcca651cf2b759538db368bedc01b7""}",1056344716071041,,,,true,,,,natural,true,"{""active"":323551232,""cache"":74761360,""peakActive"":398571792}",0.008240333,2,,,,2,0,measured,1498,1058754825,false,true,1499,2,1056344707830708,"{""bytes"":16588800,""nonfiniteScalars"":0,""sha256"":""ee54d44ebac3dca564784630aa7e04eb0e50afdb17521dfa1b05c85b78882a48""}",994358578
fullMotion,0.015334833,candidate,0,"{""bytes"":8294400,""nonfiniteScalars"":0,""sha256"":""ff2eeb16566030b9dd06a8c01bbf967fa94070c40acdbbea6a0d2dc48c7167eb""}",1056344831505791,,,,true,,,,natural,true,"{""active"":352632868,""cache"":45679724,""peakActive"":398571792}",0.015334833,3,,,,3,0,measured,1499,1058843080,false,true,1500,3,1056344816170958,"{""bytes"":16588800,""nonfiniteScalars"":0,""sha256"":""26438fbe98f93bb7ea392c433b2bfd232c214d8aa921dac0b16df381e5575aa2""}",993628541
fullMotion,0.018105875,baseline,1,"{""bytes"":8294400,""nonfiniteScalars"":0,""sha256"":""ff2eeb16566030b9dd06a8c01bbf967fa94070c40acdbbea6a0d2dc48c7167eb""}",1056344885340291,,,,true,,,,natural,true,"{""active"":323551232,""cache"":74761360,""peakActive"":398571792}",0.018105875,3,,,,3,0,measured,1499,1058843080,false,true,1500,3,1056344867234416,"{""bytes"":16588800,""nonfiniteScalars"":0,""sha256"":""26438fbe98f93bb7ea392c433b2bfd232c214d8aa921dac0b16df381e5575aa2""}",993628541
fullMotion,0.020189542,baseline,0,"{""bytes"":8294400,""nonfiniteScalars"":0,""sha256"":""7e53933ec6ffad34b19572512b6e4dd79cdf79d53cce1b9679f28641c8345004""}",1056345005304583,,,,true,,,,natural,true,"{""active"":323551232,""cache"":74761360,""peakActive"":398571792}",0.020189542,4,,,,4,0,measured,1500,1059399821,false,true,1501,4,1056344985115041,"{""bytes"":16588800,""nonfiniteScalars"":0,""sha256"":""7978f43a3bced6a1c55c28e1bf996272c6bc5d5c543a9ffead43532ef8542ed8""}",996278982
fullMotion,0.016223917,candidate,1,"{""bytes"":8294400,""nonfiniteScalars"":0,""sha256"":""7e53933ec6ffad34b19572512b6e4dd79cdf79d53cce1b9679f28641c8345004""}",1056345056787125,,,,true,,,,natural,true,"{""active"":352632868,""cache"":45679724,""peakActive"":398571792}",0.016223917,4,,,,4,0,measured,1500,1059399821,false,true,1501,4,1056345040563208,"{""bytes"":16588800,""nonfiniteScalars"":0,""sha256"":""7978f43a3bced6a1c55c28e1bf996272c6bc5d5c543a9ffead43532ef8542ed8""}",996278982
fullMotion,0.016717291,candidate,0,"{""bytes"":8294400,""nonfiniteScalars"":0,""sha256"":""a1dc46082a3247c370a0bea80eac8a6a710ea1d6c4447263d927751d18344a45""}",1056345185562791,,,,true,,,,natural,true,"{""active"":344309772,""cache"":54002820,""peakActive"":398571792}",0.016717291,5,,,,5,0,measured,1501,1057767602,false,true,1502,5,1056345168845500,"{""bytes"":16588800,""nonfiniteScalars"":0,""sha256"":""e33097e78f0358cea2f0b6c880c8d7430606842815c4dde063dad6f92247d23d""}",998857116
fullMotion,0.01904825,baseline,1,"{""bytes"":8294400,""nonfiniteScalars"":0,""sha256"":""a1dc46082a3247c370a0bea80eac8a6a710ea1d6c4447263d927751d18344a45""}",1056345240029250,,,,true,,,,natural,true,"{""active"":352632868,""cache"":45679724,""peakActive"":398571792}",0.01904825,5,,,,5,0,measured,1501,1057767602,false,true,1502,5,1056345220981000,"{""bytes"":16588800,""nonfiniteScalars"":0,""sha256"":""e33097e78f0358cea2f0b6c880c8d7430606842815c4dde063dad6f92247d23d""}",998857116
fullMotion,0.012585584,baseline,0,"{""bytes"":8294400,""nonfiniteScalars"":0,""sha256"":""258955f94ba510e2de8a6b14dfe07f10e1b6ab8e7d73c54fe6bc36c37eaa3d6d""}",1056345349618625,,,,true,,,,natural,true,"{""active"":348471316,""cache"":49841276,""peakActive"":398571792}",0.012585584,6,,,,6,0,measured,1502,1057932308,false,true,1503,6,1056345337033041,"{""bytes"":16588800,""nonfiniteScalars"":0,""sha256"":""78c5f5048602e5bfe730d96301fea06c51773051ba1cc57f91269c205da7c095""}",1003234174
fullMotion,0.015156167,candidate,1,"{""bytes"":8294400,""nonfiniteScalars"":0,""sha256"":""258955f94ba510e2de8a6b14dfe07f10e1b6ab8e7d73c54fe6bc36c37eaa3d6d""}",1056345399141875,,,,true,,,,natural,true,"{""active"":348471324,""cache"":49841268,""peakActive"":398571792}",0.015156167,6,,,,6,0,measured,1502,1057932308,false,true,1503,6,1056345383985708,"{""bytes"":16588800,""nonfiniteScalars"":0,""sha256"":""78c5f5048602e5bfe730d96301fea06c51773051ba1cc57f91269c205da7c095""}",1003234174
fullMotion,0.011957916,candidate,0,"{""bytes"":8294400,""nonfiniteScalars"":0,""sha256"":""19e13139913e3ab371c6400a1c7c2c109d1d6fdfbe6cb24aaa64906f6d77c38d""}",1056345508946291,,,,true,,,,natural,true,"{""active"":352632868,""cache"":45679724,""peakActive"":398571792}",0.011957916,7,,,,7,0,measured,1503,1056893975,false,true,1504,7,1056345496988375,"{""bytes"":16588800,""nonfiniteScalars"":0,""sha256"":""24a3e209d060296693c3cbd16489d2a7e2d46cced3ec107c250b5b226a6785b8""}",1006775909
fullMotion,0.018308458,baseline,1,"{""bytes"":8294400,""nonfiniteScalars"":0,""sha256"":""19e13139913e3ab371c6400a1c7c2c109d1d6fdfbe6cb24aaa64906f6d77c38d""}",1056345562635958,,,,true,,,,natural,true,"{""active"":352632868,""cache"":45679724,""peakActive"":398571792}",0.018308458,7,,,,7,0,measured,1503,1056893975,false,true,1504,7,1056345544327500,"{""bytes"":16588800,""nonfiniteScalars"":0,""sha256"":""24a3e209d060296693c3cbd16489d2a7e2d46cced3ec107c250b5b226a6785b8""}",1006775909
fullMotion,0.012831375,baseline,0,"{""bytes"":8294400,""nonfiniteScalars"":0,""sha256"":""def4be0fb3fad44d0bba17f4ec87b34a29779692689a1e34b7c1d14c9890783d""}",1056345678355791,,,,true,,,,natural,true,"{""active"":323551232,""cache"":74761360,""peakActive"":398571792}",0.012831375,8,,,,8,0,measured,1504,1057428587,false,true,1505,8,1056345665524416,"{""bytes"":16588800,""nonfiniteScalars"":0,""sha256"":""d25a99836273ea0743af4085c581ad6a8686930de7930c31b2dc4751ddf3138e""}",1006014090
fullMotion,0.014169458,candidate,1,"{""bytes"":8294400,""nonfiniteScalars"":0,""sha256"":""def4be0fb3fad44d0bba17f4ec87b34a29779692689a1e34b7c1d14c9890783d""}",1056345728622916,,,,true,,,,natural,true,"{""active"":323551244,""cache"":74761348,""peakActive"":398571792}",0.014169458,8,,,,8,0,measured,1504,1057428587,false,true,1505,8,1056345714453458,"{""bytes"":16588800,""nonfiniteScalars"":0,""sha256"":""d25a99836273ea0743af4085c581ad6a8686930de7930c31b2dc4751ddf3138e""}",1006014090
fullMotion,0.010122667,candidate,0,"{""bytes"":8294400,""nonfiniteScalars"":0,""sha256"":""4884d6f9f54612fb41275b8e8d13cddd2192972bfafae0abaa4314560ed442e6""}",1056345835050083,,,,true,,,,natural,true,"{""active"":352632868,""cache"":45679724,""peakActive"":398571792}",0.010122667,9,,,,9,0,measured,1505,1054758990,false,true,1506,9,1056345824927416,"{""bytes"":16588800,""nonfiniteScalars"":0,""sha256"":""6535db30047013aff9361867183968d00e14f046061dc1e02eb431fc8c269d36""}",1006712293
fullMotion,0.016203125,baseline,1,"{""bytes"":8294400,""nonfiniteScalars"":0,""sha256"":""4884d6f9f54612fb41275b8e8d13cddd2192972bfafae0abaa4314560ed442e6""}",1056345886536875,,,,true,,,,natural,true,"{""active"":323551232,""cache"":74761360,""peakActive"":398571792}",0.016203125,9,,,,9,0,measured,1505,1054758990,false,true,1506,9,1056345870333750,"{""bytes"":16588800,""nonfiniteScalars"":0,""sha256"":""6535db30047013aff9361867183968d00e14f046061dc1e02eb431fc8c269d36""}",1006712293
fullMotion,0.015805375,baseline,0,"{""bytes"":8294400,""nonfiniteScalars"":0,""sha256"":""4a85e0bcb8f464c66c75cb11c1eec19ea4773c4d0c27fb17ca25c0938dce94de""}",1056345999698000,,,,true,,,,natural,true,"{""active"":352632868,""cache"":45679724,""peakActive"":398571792}",0.015805375,10,,,,10,0,measured,1506,1057566584,false,true,1507,10,1056345983892625,"{""bytes"":16588800,""nonfiniteScalars"":0,""sha256"":""95337bec55e8cd043e66cac3aa222461d766c6318d86d69f2b8bc74569569192""}",1007816552
fullMotion,0.008876125,candidate,1,"{""bytes"":8294400,""nonfiniteScalars"":0,""sha256"":""4a85e0bcb8f464c66c75cb11c1eec19ea4773c4d0c27fb17ca25c0938dce94de""}",1056346044508375,,,,true,,,,natural,true,"{""active"":352632868,""cache"":45679724,""peakActive"":398571792}",0.008876125,10,,,,10,0,measured,1506,1057566584,false,true,1507,10,1056346035632250,"{""bytes"":16588800,""nonfiniteScalars"":0,""sha256"":""95337bec55e8cd043e66cac3aa222461d766c6318d86d69f2b8bc74569569192""}",1007816552
fullMotion,0.015568792,candidate,0,"{""bytes"":8294400,""nonfiniteScalars"":0,""sha256"":""4a85e0bcb8f464c66c75cb11c1eec19ea4773c4d0c27fb17ca25c0938dce94de""}",1056346159751125,,,,true,,,,natural,true,"{""active"":352632868,""cache"":45679724,""peakActive"":398571792}",0.015568792,0,,,,11,1,measured,1506,1057566584,false,true,1507,10,1056346144182333,"{""bytes"":16588800,""nonfiniteScalars"":0,""sha256"":""95337bec55e8cd043e66cac3aa222461d766c6318d86d69f2b8bc74569569192""}",1007816552
fullMotion,0.016105792,baseline,1,"{""bytes"":8294400,""nonfiniteScalars"":0,""sha256"":""4a85e0bcb8f464c66c75cb11c1eec19ea4773c4d0c27fb17ca25c0938dce94de""}",1056346210815500,,,,true,,,,natural,true,"{""active"":323551244,""cache"":74761348,""peakActive"":398571792}",0.016105792,0,,,,11,1,measured,1506,1057566584,false,true,1507,10,1056346194709708,"{""bytes"":16588800,""nonfiniteScalars"":0,""sha256"":""95337bec55e8cd043e66cac3aa222461d766c6318d86d69f2b8bc74569569192""}",1007816552
fullMotion,0.019343208,baseline,0,"{""bytes"":8294400,""nonfiniteScalars"":0,""sha256"":""4884d6f9f54612fb41275b8e8d13cddd2192972bfafae0abaa4314560ed442e6""}",1056346326738916,,,,true,,,,natural,true,"{""active"":352632868,""cache"":45679724,""peakActive"":398571792}",0.019343208,1,,,,12,1,measured,1505,1054758990,false,true,1506,9,1056346307395708,"{""bytes"":16588800,""nonfiniteScalars"":0,""sha256"":""6535db30047013aff9361867183968d00e14f046061dc1e02eb431fc8c269d36""}",1006712293
fullMotion,0.0082025,candidate,1,"{""bytes"":8294400,""nonfiniteScalars"":0,""sha256"":""4884d6f9f54612fb41275b8e8d13cddd2192972bfafae0abaa4314560ed442e6""}",1056346369904750,,,,true,,,,natural,true,"{""active"":352632868,""cache"":45679724,""peakActive"":398571792}",0.0082025,1,,,,12,1,measured,1505,1054758990,false,true,1506,9,1056346361702250,"{""bytes"":16588800,""nonfiniteScalars"":0,""sha256"":""6535db30047013aff9361867183968d00e14f046061dc1e02eb431fc8c269d36""}",1006712293
fullMotion,0.010057417,candidate,0,"{""bytes"":8294400,""nonfiniteScalars"":0,""sha256"":""def4be0fb3fad44d0bba17f4ec87b34a29779692689a1e34b7c1d14c9890783d""}",1056346476107125,,,,true,,,,natural,true,"{""active"":348471332,""cache"":49841260,""peakActive"":398571792}",0.010057417,2,,,,13,1,measured,1504,1057428587,false,true,1505,8,1056346466049708,"{""bytes"":16588800,""nonfiniteScalars"":0,""sha256"":""d25a99836273ea0743af4085c581ad6a8686930de7930c31b2dc4751ddf3138e""}",1006014090
fullMotion,0.017801334,baseline,1,"{""bytes"":8294400,""nonfiniteScalars"":0,""sha256"":""def4be0fb3fad44d0bba17f4ec87b34a29779692689a1e34b7c1d14c9890783d""}",1056346530346250,,,,true,,,,natural,true,"{""active"":323551232,""cache"":74761360,""peakActive"":398571792}",0.017801334,2,,,,13,1,measured,1504,1057428587,false,true,1505,8,1056346512544916,"{""bytes"":16588800,""nonfiniteScalars"":0,""sha256"":""d25a99836273ea0743af4085c581ad6a8686930de7930c31b2dc4751ddf3138e""}",1006014090
fullMotion,0.016556375,baseline,0,"{""bytes"":8294400,""nonfiniteScalars"":0,""sha256"":""19e13139913e3ab371c6400a1c7c2c109d1d6fdfbe6cb24aaa64906f6d77c38d""}",1056346644771833,,,,true,,,,natural,true,"{""active"":348471320,""cache"":49841272,""peakActive"":398571792}",0.016556375,3,,,,14,1,measured,1503,1056893975,false,true,1504,7,1056346628215458,"{""bytes"":16588800,""nonfiniteScalars"":0,""sha256"":""24a3e209d060296693c3cbd16489d2a7e2d46cced3ec107c250b5b226a6785b8""}",1006775909
fullMotion,0.012142959,candidate,1,"{""bytes"":8294400,""nonfiniteScalars"":0,""sha256"":""19e13139913e3ab371c6400a1c7c2c109d1d6fdfbe6cb24aaa64906f6d77c38d""}",1056346692743625,,,,true,,,,natural,true,"{""active"":348471324,""cache"":49841268,""peakActive"":398571792}",0.012142959,3,,,,14,1,measured,1503,1056893975,false,true,1504,7,1056346680600666,"{""bytes"":16588800,""nonfiniteScalars"":0,""sha256"":""24a3e209d060296693c3cbd16489d2a7e2d46cced3ec107c250b5b226a6785b8""}",1006775909
fullMotion,0.017093167,candidate,0,"{""bytes"":8294400,""nonfiniteScalars"":0,""sha256"":""258955f94ba510e2de8a6b14dfe07f10e1b6ab8e7d73c54fe6bc36c37eaa3d6d""}",1056346810546250,,,,true,,,,natural,true,"{""active"":352632868,""cache"":45679724,""peakActive"":398571792}",0.017093167,4,,,,15,1,measured,1502,1057932308,false,true,1503,6,1056346793453083,"{""bytes"":16588800,""nonfiniteScalars"":0,""sha256"":""78c5f5048602e5bfe730d96301fea06c51773051ba1cc57f91269c205da7c095""}",1003234174
fullMotion,0.0130945,baseline,1,"{""bytes"":8294400,""nonfiniteScalars"":0,""sha256"":""258955f94ba510e2de8a6b14dfe07f10e1b6ab8e7d73c54fe6bc36c37eaa3d6d""}",1056346861114625,,,,true,,,,natural,true,"{""active"":352632868,""cache"":45679724,""peakActive"":398571792}",0.0130945,4,,,,15,1,measured,1502,1057932308,false,true,1503,6,1056346848020125,"{""bytes"":16588800,""nonfiniteScalars"":0,""sha256"":""78c5f5048602e5bfe730d96301fea06c51773051ba1cc57f91269c205da7c095""}",1003234174
fullMotion,0.015310042,baseline,0,"{""bytes"":8294400,""nonfiniteScalars"":0,""sha256"":""a1dc46082a3247c370a0bea80eac8a6a710ea1d6c4447263d927751d18344a45""}",1056346986067125,,,,true,,,,natural,true,"{""active"":352632868,""cache"":45679724,""peakActive"":398571792}",0.015310042,5,,,,16,1,measured,1501,1057767602,false,true,1502,5,1056346970757083,"{""bytes"":16588800,""nonfiniteScalars"":0,""sha256"":""e33097e78f0358cea2f0b6c880c8d7430606842815c4dde063dad6f92247d23d""}",998857116
fullMotion,0.017351084,candidate,1,"{""bytes"":8294400,""nonfiniteScalars"":0,""sha256"":""a1dc46082a3247c370a0bea80eac8a6a710ea1d6c4447263d927751d18344a45""}",1056347041844625,,,,true,,,,natural,true,"{""active"":348471320,""cache"":49841272,""peakActive"":398571792}",0.017351084,5,,,,16,1,measured,1501,1057767602,false,true,1502,5,1056347024493541,"{""bytes"":16588800,""nonfiniteScalars"":0,""sha256"":""e33097e78f0358cea2f0b6c880c8d7430606842815c4dde063dad6f92247d23d""}",998857116
fullMotion,0.00912,candidate,0,"{""bytes"":8294400,""nonfiniteScalars"":0,""sha256"":""7e53933ec6ffad34b19572512b6e4dd79cdf79d53cce1b9679f28641c8345004""}",1056347158754916,,,,true,,,,natural,true,"{""active"":340148236,""cache"":74761348,""peakActive"":398571792}",0.00912,6,,,,17,1,measured,1500,1059399821,false,true,1501,4,1056347149634916,"{""bytes"":16588800,""nonfiniteScalars"":0,""sha256"":""7978f43a3bced6a1c55c28e1bf996272c6bc5d5c543a9ffead43532ef8542ed8""}",996278982
fullMotion,0.015330458,baseline,1,"{""bytes"":8294400,""nonfiniteScalars"":0,""sha256"":""7e53933ec6ffad34b19572512b6e4dd79cdf79d53cce1b9679f28641c8345004""}",1056347211876166,,,,true,,,,natural,true,"{""active"":323551232,""cache"":74761360,""peakActive"":398571792}",0.015330458,6,,,,17,1,measured,1500,1059399821,false,true,1501,4,1056347196545708,"{""bytes"":16588800,""nonfiniteScalars"":0,""sha256"":""7978f43a3bced6a1c55c28e1bf996272c6bc5d5c543a9ffead43532ef8542ed8""}",996278982
fullMotion,0.016128334,baseline,0,"{""bytes"":8294400,""nonfiniteScalars"":0,""sha256"":""ff2eeb16566030b9dd06a8c01bbf967fa94070c40acdbbea6a0d2dc48c7167eb""}",1056347337877875,,,,true,,,,natural,true,"{""active"":344309772,""cache"":54002820,""peakActive"":398571792}",0.016128334,7,,,,18,1,measured,1499,1058843080,false,true,1500,3,1056347321749541,"{""bytes"":16588800,""nonfiniteScalars"":0,""sha256"":""26438fbe98f93bb7ea392c433b2bfd232c214d8aa921dac0b16df381e5575aa2""}",993628541
fullMotion,0.016782417,candidate,1,"{""bytes"":8294400,""nonfiniteScalars"":0,""sha256"":""ff2eeb16566030b9dd06a8c01bbf967fa94070c40acdbbea6a0d2dc48c7167eb""}",1056347392740250,,,,true,,,,natural,true,"{""active"":323551232,""cache"":74761360,""peakActive"":398571792}",0.016782417,7,,,,18,1,measured,1499,1058843080,false,true,1500,3,1056347375957833,"{""bytes"":16588800,""nonfiniteScalars"":0,""sha256"":""26438fbe98f93bb7ea392c433b2bfd232c214d8aa921dac0b16df381e5575aa2""}",993628541
fullMotion,0.009160458,candidate,0,"{""bytes"":8294400,""nonfiniteScalars"":0,""sha256"":""e4d7d9ae97135d7dc185243b19490a1f40bcca651cf2b759538db368bedc01b7""}",1056347506882583,,,,true,,,,natural,true,"{""active"":352632868,""cache"":45679724,""peakActive"":398571792}",0.009160458,8,,,,19,1,measured,1498,1058754825,false,true,1499,2,1056347497722125,"{""bytes"":16588800,""nonfiniteScalars"":0,""sha256"":""ee54d44ebac3dca564784630aa7e04eb0e50afdb17521dfa1b05c85b78882a48""}",994358578
fullMotion,0.019585583,baseline,1,"{""bytes"":8294400,""nonfiniteScalars"":0,""sha256"":""e4d7d9ae97135d7dc185243b19490a1f40bcca651cf2b759538db368bedc01b7""}",1056347564047291,,,,true,,,,natural,true,"{""active"":323551232,""cache"":74761360,""peakActive"":398571792}",0.019585583,8,,,,19,1,measured,1498,1058754825,false,true,1499,2,1056347544461708,"{""bytes"":16588800,""nonfiniteScalars"":0,""sha256"":""ee54d44ebac3dca564784630aa7e04eb0e50afdb17521dfa1b05c85b78882a48""}",994358578
fullMotion,0.015520209,baseline,0,"{""bytes"":8294400,""nonfiniteScalars"":0,""sha256"":""788ae0147bdf979a6575938ca2d7d4403788588f7be2010f03776c968fd1ab49""}",1056347680912875,,,,true,,,,natural,true,"{""active"":348471332,""cache"":49841260,""peakActive"":398571792}",0.015520209,9,,,,20,1,measured,1497,0,true,true,1498,1,1056347665392666,"{""bytes"":16588800,""nonfiniteScalars"":0,""sha256"":""1dd7f8a26e56dfba878da177773321a53dca3f2b9d00b46118d4425ec3093903""}",1049357384
fullMotion,0.017773,candidate,1,"{""bytes"":8294400,""nonfiniteScalars"":0,""sha256"":""788ae0147bdf979a6575938ca2d7d4403788588f7be2010f03776c968fd1ab49""}",1056347735282375,,,,true,,,,natural,true,"{""active"":323551232,""cache"":74761360,""peakActive"":398571792}",0.017773,9,,,,20,1,measured,1497,0,true,true,1498,1,1056347717509375,"{""bytes"":16588800,""nonfiniteScalars"":0,""sha256"":""1dd7f8a26e56dfba878da177773321a53dca3f2b9d00b46118d4425ec3093903""}",1049357384
fullMotion,0.016409709,candidate,0,"{""bytes"":8294400,""nonfiniteScalars"":0,""sha256"":""ff24d7286b3978166808fccb18ded53d06f8a0687fe03a9af73eba1e698dc25c""}",1056347855864125,,,,true,,,,natural,true,"{""active"":348471328,""cache"":49841264,""peakActive"":398571792}",0.016409709,10,,,,21,1,measured,1496,1057945836,false,true,1497,0,1056347839454416,"{""bytes"":16588800,""nonfiniteScalars"":0,""sha256"":""b5af93cbe1cc5d1d7f6ad42630abe65e9ea2748429906730d52b29109c701e87""}",996707947
fullMotion,0.01642475,baseline,1,"{""bytes"":8294400,""nonfiniteScalars"":0,""sha256"":""ff24d7286b3978166808fccb18ded53d06f8a0687fe03a9af73eba1e698dc25c""}",1056347910403166,,,,true,,,,natural,true,"{""active"":323551232,""cache"":74761360,""peakActive"":398571792}",0.01642475,10,,,,21,1,measured,1496,1057945836,false,true,1497,0,1056347893978416,"{""bytes"":16588800,""nonfiniteScalars"":0,""sha256"":""b5af93cbe1cc5d1d7f6ad42630abe65e9ea2748429906730d52b29109c701e87""}",996707947
fullMotion,0.014406709,baseline,0,"{""bytes"":8294400,""nonfiniteScalars"":0,""sha256"":""ff24d7286b3978166808fccb18ded53d06f8a0687fe03a9af73eba1e698dc25c""}",1056348025468750,,,,true,,,,natural,true,"{""active"":352632868,""cache"":45679724,""peakActive"":398571792}",0.014406709,0,,,,22,2,measured,1496,1057945836,false,true,1497,0,1056348011062041,"{""bytes"":16588800,""nonfiniteScalars"":0,""sha256"":""b5af93cbe1cc5d1d7f6ad42630abe65e9ea2748429906730d52b29109c701e87""}",996707947
fullMotion,0.007961708,candidate,1,"{""bytes"":8294400,""nonfiniteScalars"":0,""sha256"":""ff24d7286b3978166808fccb18ded53d06f8a0687fe03a9af73eba1e698dc25c""}",1056348069610333,,,,true,,,,natural,true,"{""active"":352632868,""cache"":45679724,""peakActive"":398571792}",0.007961708,0,,,,22,2,measured,1496,1057945836,false,true,1497,0,1056348061648625,"{""bytes"":16588800,""nonfiniteScalars"":0,""sha256"":""b5af93cbe1cc5d1d7f6ad42630abe65e9ea2748429906730d52b29109c701e87""}",996707947
fullMotion,0.009917625,candidate,0,"{""bytes"":8294400,""nonfiniteScalars"":0,""sha256"":""788ae0147bdf979a6575938ca2d7d4403788588f7be2010f03776c968fd1ab49""}",1056348177305916,,,,true,,,,natural,true,"{""active"":348471316,""cache"":49841276,""peakActive"":398571792}",0.009917625,1,,,,23,2,measured,1497,0,true,true,1498,1,1056348167388291,"{""bytes"":16588800,""nonfiniteScalars"":0,""sha256"":""1dd7f8a26e56dfba878da177773321a53dca3f2b9d00b46118d4425ec3093903""}",1049357384
fullMotion,0.011430917,baseline,1,"{""bytes"":8294400,""nonfiniteScalars"":0,""sha256"":""788ae0147bdf979a6575938ca2d7d4403788588f7be2010f03776c968fd1ab49""}",1056348224533208,,,,true,,,,natural,true,"{""active"":352632868,""cache"":45679724,""peakActive"":398571792}",0.011430917,1,,,,23,2,measured,1497,0,true,true,1498,1,1056348213102291,"{""bytes"":16588800,""nonfiniteScalars"":0,""sha256"":""1dd7f8a26e56dfba878da177773321a53dca3f2b9d00b46118d4425ec3093903""}",1049357384
fullMotion,0.009962292,baseline,0,"{""bytes"":8294400,""nonfiniteScalars"":0,""sha256"":""e4d7d9ae97135d7dc185243b19490a1f40bcca651cf2b759538db368bedc01b7""}",1056348331997750,,,,true,,,,natural,true,"{""active"":352632868,""cache"":45679724,""peakActive"":398571792}",0.009962292,2,,,,24,2,measured,1498,1058754825,false,true,1499,2,1056348322035458,"{""bytes"":16588800,""nonfiniteScalars"":0,""sha256"":""ee54d44ebac3dca564784630aa7e04eb0e50afdb17521dfa1b05c85b78882a48""}",994358578
fullMotion,0.01377575,candidate,1,"{""bytes"":8294400,""nonfiniteScalars"":0,""sha256"":""e4d7d9ae97135d7dc185243b19490a1f40bcca651cf2b759538db368bedc01b7""}",1056348381979291,,,,true,,,,natural,true,"{""active"":348471316,""cache"":49841276,""peakActive"":398571792}",0.01377575,2,,,,24,2,measured,1498,1058754825,false,true,1499,2,1056348368203541,"{""bytes"":16588800,""nonfiniteScalars"":0,""sha256"":""ee54d44ebac3dca564784630aa7e04eb0e50afdb17521dfa1b05c85b78882a48""}",994358578
fullMotion,0.014551084,candidate,0,"{""bytes"":8294400,""nonfiniteScalars"":0,""sha256"":""ff2eeb16566030b9dd06a8c01bbf967fa94070c40acdbbea6a0d2dc48c7167eb""}",1056348498719750,,,,true,,,,natural,true,"{""active"":323551232,""cache"":74761360,""peakActive"":398571792}",0.014551084,3,,,,25,2,measured,1499,1058843080,false,true,1500,3,1056348484168666,"{""bytes"":16588800,""nonfiniteScalars"":0,""sha256"":""26438fbe98f93bb7ea392c433b2bfd232c214d8aa921dac0b16df381e5575aa2""}",993628541
fullMotion,0.016152959,baseline,1,"{""bytes"":8294400,""nonfiniteScalars"":0,""sha256"":""ff2eeb16566030b9dd06a8c01bbf967fa94070c40acdbbea6a0d2dc48c7167eb""}",1056348552574375,,,,true,,,,natural,true,"{""active"":323551232,""cache"":74761360,""peakActive"":398571792}",0.016152959,3,,,,25,2,measured,1499,1058843080,false,true,1500,3,1056348536421416,"{""bytes"":16588800,""nonfiniteScalars"":0,""sha256"":""26438fbe98f93bb7ea392c433b2bfd232c214d8aa921dac0b16df381e5575aa2""}",993628541
fullMotion,0.015812875,baseline,0,"{""bytes"":8294400,""nonfiniteScalars"":0,""sha256"":""7e53933ec6ffad34b19572512b6e4dd79cdf79d53cce1b9679f28641c8345004""}",1056348683077666,,,,true,,,,natural,true,"{""active"":348471316,""cache"":49841276,""peakActive"":398571792}",0.015812875,4,,,,26,2,measured,1500,1059399821,false,true,1501,4,1056348667264791,"{""bytes"":16588800,""nonfiniteScalars"":0,""sha256"":""7978f43a3bced6a1c55c28e1bf996272c6bc5d5c543a9ffead43532ef8542ed8""}",996278982
fullMotion,0.014732333,candidate,1,"{""bytes"":8294400,""nonfiniteScalars"":0,""sha256"":""7e53933ec6ffad34b19572512b6e4dd79cdf79d53cce1b9679f28641c8345004""}",1056348735548166,,,,true,,,,natural,true,"{""active"":352632868,""cache"":45679724,""peakActive"":398571792}",0.014732333,4,,,,26,2,measured,1500,1059399821,false,true,1501,4,1056348720815833,"{""bytes"":16588800,""nonfiniteScalars"":0,""sha256"":""7978f43a3bced6a1c55c28e1bf996272c6bc5d5c543a9ffead43532ef8542ed8""}",996278982
fullMotion,0.017546584,candidate,0,"{""bytes"":8294400,""nonfiniteScalars"":0,""sha256"":""a1dc46082a3247c370a0bea80eac8a6a710ea1d6c4447263d927751d18344a45""}",1056348859234625,,,,true,,,,natural,true,"{""active"":323551232,""cache"":74761360,""peakActive"":398571792}",0.017546584,5,,,,27,2,measured,1501,1057767602,false,true,1502,5,1056348841688041,"{""bytes"":16588800,""nonfiniteScalars"":0,""sha256"":""e33097e78f0358cea2f0b6c880c8d7430606842815c4dde063dad6f92247d23d""}",998857116
fullMotion,0.014756125,baseline,1,"{""bytes"":8294400,""nonfiniteScalars"":0,""sha256"":""a1dc46082a3247c370a0bea80eac8a6a710ea1d6c4447263d927751d18344a45""}",1056348911907875,,,,true,,,,natural,true,"{""active"":323551232,""cache"":74761360,""peakActive"":398571792}",0.014756125,5,,,,27,2,measured,1501,1057767602,false,true,1502,5,1056348897151750,"{""bytes"":16588800,""nonfiniteScalars"":0,""sha256"":""e33097e78f0358cea2f0b6c880c8d7430606842815c4dde063dad6f92247d23d""}",998857116
fullMotion,0.010807125,baseline,0,"{""bytes"":8294400,""nonfiniteScalars"":0,""sha256"":""258955f94ba510e2de8a6b14dfe07f10e1b6ab8e7d73c54fe6bc36c37eaa3d6d""}",1056349028535833,,,,true,,,,natural,true,"{""active"":323551232,""cache"":74761360,""peakActive"":398571792}",0.010807125,6,,,,28,2,measured,1502,1057932308,false,true,1503,6,1056349017728708,"{""bytes"":16588800,""nonfiniteScalars"":0,""sha256"":""78c5f5048602e5bfe730d96301fea06c51773051ba1cc57f91269c205da7c095""}",1003234174
fullMotion,0.013954333,candidate,1,"{""bytes"":8294400,""nonfiniteScalars"":0,""sha256"":""258955f94ba510e2de8a6b14dfe07f10e1b6ab8e7d73c54fe6bc36c37eaa3d6d""}",1056349080172916,,,,true,,,,natural,true,"{""active"":323551232,""cache"":74761360,""peakActive"":398571792}",0.013954333,6,,,,28,2,measured,1502,1057932308,false,true,1503,6,1056349066218583,"{""bytes"":16588800,""nonfiniteScalars"":0,""sha256"":""78c5f5048602e5bfe730d96301fea06c51773051ba1cc57f91269c205da7c095""}",1003234174
fullMotion,0.011098292,candidate,0,"{""bytes"":8294400,""nonfiniteScalars"":0,""sha256"":""19e13139913e3ab371c6400a1c7c2c109d1d6fdfbe6cb24aaa64906f6d77c38d""}",1056349195717333,,,,true,,,,natural,true,"{""active"":323551240,""cache"":74761352,""peakActive"":398571792}",0.011098292,7,,,,29,2,measured,1503,1056893975,false,true,1504,7,1056349184619041,"{""bytes"":16588800,""nonfiniteScalars"":0,""sha256"":""24a3e209d060296693c3cbd16489d2a7e2d46cced3ec107c250b5b226a6785b8""}",1006775909
fullMotion,0.009717167,baseline,1,"{""bytes"":8294400,""nonfiniteScalars"":0,""sha256"":""19e13139913e3ab371c6400a1c7c2c109d1d6fdfbe6cb24aaa64906f6d77c38d""}",1056349242691458,,,,true,,,,natural,true,"{""active"":348471332,""cache"":49841260,""peakActive"":398571792}",0.009717167,7,,,,29,2,measured,1503,1056893975,false,true,1504,7,1056349232974291,"{""bytes"":16588800,""nonfiniteScalars"":0,""sha256"":""24a3e209d060296693c3cbd16489d2a7e2d46cced3ec107c250b5b226a6785b8""}",1006775909
fullMotion,0.015555541,baseline,0,"{""bytes"":8294400,""nonfiniteScalars"":0,""sha256"":""def4be0fb3fad44d0bba17f4ec87b34a29779692689a1e34b7c1d14c9890783d""}",1056349360713291,,,,true,,,,natural,true,"{""active"":344309780,""cache"":54002812,""peakActive"":398571792}",0.015555541,8,,,,30,2,measured,1504,1057428587,false,true,1505,8,1056349345157750,"{""bytes"":16588800,""nonfiniteScalars"":0,""sha256"":""d25a99836273ea0743af4085c581ad6a8686930de7930c31b2dc4751ddf3138e""}",1006014090
fullMotion,0.015286875,candidate,1,"{""bytes"":8294400,""nonfiniteScalars"":0,""sha256"":""def4be0fb3fad44d0bba17f4ec87b34a29779692689a1e34b7c1d14c9890783d""}",1056349413601083,,,,true,,,,natural,true,"{""active"":352632868,""cache"":45679724,""peakActive"":398571792}",0.015286875,8,,,,30,2,measured,1504,1057428587,false,true,1505,8,1056349398314208,"{""bytes"":16588800,""nonfiniteScalars"":0,""sha256"":""d25a99836273ea0743af4085c581ad6a8686930de7930c31b2dc4751ddf3138e""}",1006014090
fullMotion,0.008510708,candidate,0,"{""bytes"":8294400,""nonfiniteScalars"":0,""sha256"":""4884d6f9f54612fb41275b8e8d13cddd2192972bfafae0abaa4314560ed442e6""}",1056349526334208,,,,true,,,,natural,true,"{""active"":352632868,""cache"":45679724,""peakActive"":398571792}",0.008510708,9,,,,31,2,measured,1505,1054758990,false,true,1506,9,1056349517823500,"{""bytes"":16588800,""nonfiniteScalars"":0,""sha256"":""6535db30047013aff9361867183968d00e14f046061dc1e02eb431fc8c269d36""}",1006712293
fullMotion,0.0125185,baseline,1,"{""bytes"":8294400,""nonfiniteScalars"":0,""sha256"":""4884d6f9f54612fb41275b8e8d13cddd2192972bfafae0abaa4314560ed442e6""}",1056349577086708,,,,true,,,,natural,true,"{""active"":352632868,""cache"":45679724,""peakActive"":398571792}",0.0125185,9,,,,31,2,measured,1505,1054758990,false,true,1506,9,1056349564568208,"{""bytes"":16588800,""nonfiniteScalars"":0,""sha256"":""6535db30047013aff9361867183968d00e14f046061dc1e02eb431fc8c269d36""}",1006712293
fullMotion,0.013378083,baseline,0,"{""bytes"":8294400,""nonfiniteScalars"":0,""sha256"":""4a85e0bcb8f464c66c75cb11c1eec19ea4773c4d0c27fb17ca25c0938dce94de""}",1056349695820416,,,,true,,,,natural,true,"{""active"":323551232,""cache"":74761360,""peakActive"":398571792}",0.013378083,10,,,,32,2,measured,1506,1057566584,false,true,1507,10,1056349682442333,"{""bytes"":16588800,""nonfiniteScalars"":0,""sha256"":""95337bec55e8cd043e66cac3aa222461d766c6318d86d69f2b8bc74569569192""}",1007816552
fullMotion,0.008886042,candidate,1,"{""bytes"":8294400,""nonfiniteScalars"":0,""sha256"":""4a85e0bcb8f464c66c75cb11c1eec19ea4773c4d0c27fb17ca25c0938dce94de""}",1056349743282500,,,,true,,,,natural,true,"{""active"":352632868,""cache"":45679724,""peakActive"":398571792}",0.008886042,10,,,,32,2,measured,1506,1057566584,false,true,1507,10,1056349734396458,"{""bytes"":16588800,""nonfiniteScalars"":0,""sha256"":""95337bec55e8cd043e66cac3aa222461d766c6318d86d69f2b8bc74569569192""}",1007816552
fullMotion,0.008336,candidate,0,"{""bytes"":8294400,""nonfiniteScalars"":0,""sha256"":""4a85e0bcb8f464c66c75cb11c1eec19ea4773c4d0c27fb17ca25c0938dce94de""}",1056349857016750,,,,true,,,,natural,true,"{""active"":323551232,""cache"":74761360,""peakActive"":398571792}",0.008336,0,,,,33,3,measured,1506,1057566584,false,true,1507,10,1056349848680750,"{""bytes"":16588800,""nonfiniteScalars"":0,""sha256"":""95337bec55e8cd043e66cac3aa222461d766c6318d86d69f2b8bc74569569192""}",1007816552
fullMotion,0.019756792,baseline,1,"{""bytes"":8294400,""nonfiniteScalars"":0,""sha256"":""4a85e0bcb8f464c66c75cb11c1eec19ea4773c4d0c27fb17ca25c0938dce94de""}",1056349916304708,,,,true,,,,natural,true,"{""active"":323551232,""cache"":74761360,""peakActive"":398571792}",0.019756792,0,,,,33,3,measured,1506,1057566584,false,true,1507,10,1056349896547916,"{""bytes"":16588800,""nonfiniteScalars"":0,""sha256"":""95337bec55e8cd043e66cac3aa222461d766c6318d86d69f2b8bc74569569192""}",1007816552
fullMotion,0.011213458,baseline,0,"{""bytes"":8294400,""nonfiniteScalars"":0,""sha256"":""4884d6f9f54612fb41275b8e8d13cddd2192972bfafae0abaa4314560ed442e6""}",1056350039348333,,,,true,,,,natural,true,"{""active"":323551232,""cache"":74761360,""peakActive"":398571792}",0.011213458,1,,,,34,3,measured,1505,1054758990,false,true,1506,9,1056350028134875,"{""bytes"":16588800,""nonfiniteScalars"":0,""sha256"":""6535db30047013aff9361867183968d00e14f046061dc1e02eb431fc8c269d36""}",1006712293
fullMotion,0.009393292,candidate,1,"{""bytes"":8294400,""nonfiniteScalars"":0,""sha256"":""4884d6f9f54612fb41275b8e8d13cddd2192972bfafae0abaa4314560ed442e6""}",1056350088857333,,,,true,,,,natural,true,"{""active"":344309776,""cache"":54002816,""peakActive"":398571792}",0.009393292,1,,,,34,3,measured,1505,1054758990,false,true,1506,9,1056350079464041,"{""bytes"":16588800,""nonfiniteScalars"":0,""sha256"":""6535db30047013aff9361867183968d00e14f046061dc1e02eb431fc8c269d36""}",1006712293
fullMotion,0.013084958,candidate,0,"{""bytes"":8294400,""nonfiniteScalars"":0,""sha256"":""def4be0fb3fad44d0bba17f4ec87b34a29779692689a1e34b7c1d14c9890783d""}",1056350206778041,,,,true,,,,natural,true,"{""active"":323551232,""cache"":74761360,""peakActive"":398571792}",0.013084958,2,,,,35,3,measured,1504,1057428587,false,true,1505,8,1056350193693083,"{""bytes"":16588800,""nonfiniteScalars"":0,""sha256"":""d25a99836273ea0743af4085c581ad6a8686930de7930c31b2dc4751ddf3138e""}",1006014090
fullMotion,0.013685084,baseline,1,"{""bytes"":8294400,""nonfiniteScalars"":0,""sha256"":""def4be0fb3fad44d0bba17f4ec87b34a29779692689a1e34b7c1d14c9890783d""}",1056350258559500,,,,true,,,,natural,true,"{""active"":352632868,""cache"":45679724,""peakActive"":398571792}",0.013685084,2,,,,35,3,measured,1504,1057428587,false,true,1505,8,1056350244874416,"{""bytes"":16588800,""nonfiniteScalars"":0,""sha256"":""d25a99836273ea0743af4085c581ad6a8686930de7930c31b2dc4751ddf3138e""}",1006014090
fullMotion,0.01590775,baseline,0,"{""bytes"":8294400,""nonfiniteScalars"":0,""sha256"":""19e13139913e3ab371c6400a1c7c2c109d1d6fdfbe6cb24aaa64906f6d77c38d""}",1056350374105250,,,,true,,,,natural,true,"{""active"":352632868,""cache"":45679724,""peakActive"":398571792}",0.01590775,3,,,,36,3,measured,1503,1056893975,false,true,1504,7,1056350358197500,"{""bytes"":16588800,""nonfiniteScalars"":0,""sha256"":""24a3e209d060296693c3cbd16489d2a7e2d46cced3ec107c250b5b226a6785b8""}",1006775909
fullMotion,0.016071708,candidate,1,"{""bytes"":8294400,""nonfiniteScalars"":0,""sha256"":""19e13139913e3ab371c6400a1c7c2c109d1d6fdfbe6cb24aaa64906f6d77c38d""}",1056350427647458,,,,true,,,,natural,true,"{""active"":352632868,""cache"":45679724,""peakActive"":398571792}",0.016071708,3,,,,36,3,measured,1503,1056893975,false,true,1504,7,1056350411575750,"{""bytes"":16588800,""nonfiniteScalars"":0,""sha256"":""24a3e209d060296693c3cbd16489d2a7e2d46cced3ec107c250b5b226a6785b8""}",1006775909
fullMotion,0.008692584,candidate,0,"{""bytes"":8294400,""nonfiniteScalars"":0,""sha256"":""258955f94ba510e2de8a6b14dfe07f10e1b6ab8e7d73c54fe6bc36c37eaa3d6d""}",1056350538715750,,,,true,,,,natural,true,"{""active"":323551232,""cache"":74761360,""peakActive"":398571792}",0.008692584,4,,,,37,3,measured,1502,1057932308,false,true,1503,6,1056350530023166,"{""bytes"":16588800,""nonfiniteScalars"":0,""sha256"":""78c5f5048602e5bfe730d96301fea06c51773051ba1cc57f91269c205da7c095""}",1003234174
fullMotion,0.016495584,baseline,1,"{""bytes"":8294400,""nonfiniteScalars"":0,""sha256"":""258955f94ba510e2de8a6b14dfe07f10e1b6ab8e7d73c54fe6bc36c37eaa3d6d""}",1056350592931875,,,,true,,,,natural,true,"{""active"":352632868,""cache"":45679724,""peakActive"":398571792}",0.016495584,4,,,,37,3,measured,1502,1057932308,false,true,1503,6,1056350576436291,"{""bytes"":16588800,""nonfiniteScalars"":0,""sha256"":""78c5f5048602e5bfe730d96301fea06c51773051ba1cc57f91269c205da7c095""}",1003234174
fullMotion,0.013075,baseline,0,"{""bytes"":8294400,""nonfiniteScalars"":0,""sha256"":""a1dc46082a3247c370a0bea80eac8a6a710ea1d6c4447263d927751d18344a45""}",1056350711657333,,,,true,,,,natural,true,"{""active"":352632868,""cache"":45679724,""peakActive"":398571792}",0.013075,5,,,,38,3,measured,1501,1057767602,false,true,1502,5,1056350698582333,"{""bytes"":16588800,""nonfiniteScalars"":0,""sha256"":""e33097e78f0358cea2f0b6c880c8d7430606842815c4dde063dad6f92247d23d""}",998857116
fullMotion,0.008348791,candidate,1,"{""bytes"":8294400,""nonfiniteScalars"":0,""sha256"":""a1dc46082a3247c370a0bea80eac8a6a710ea1d6c4447263d927751d18344a45""}",1056350759655666,,,,true,,,,natural,true,"{""active"":352632868,""cache"":45679724,""peakActive"":398571792}",0.008348791,5,,,,38,3,measured,1501,1057767602,false,true,1502,5,1056350751306875,"{""bytes"":16588800,""nonfiniteScalars"":0,""sha256"":""e33097e78f0358cea2f0b6c880c8d7430606842815c4dde063dad6f92247d23d""}",998857116
fullMotion,0.017163625,candidate,0,"{""bytes"":8294400,""nonfiniteScalars"":0,""sha256"":""7e53933ec6ffad34b19572512b6e4dd79cdf79d53cce1b9679f28641c8345004""}",1056350884212500,,,,true,,,,natural,true,"{""active"":323551232,""cache"":74761360,""peakActive"":398571792}",0.017163625,6,,,,39,3,measured,1500,1059399821,false,true,1501,4,1056350867048875,"{""bytes"":16588800,""nonfiniteScalars"":0,""sha256"":""7978f43a3bced6a1c55c28e1bf996272c6bc5d5c543a9ffead43532ef8542ed8""}",996278982
fullMotion,0.011911625,baseline,1,"{""bytes"":8294400,""nonfiniteScalars"":0,""sha256"":""7e53933ec6ffad34b19572512b6e4dd79cdf79d53cce1b9679f28641c8345004""}",1056350934791583,,,,true,,,,natural,true,"{""active"":348471332,""cache"":49841260,""peakActive"":398571792}",0.011911625,6,,,,39,3,measured,1500,1059399821,false,true,1501,4,1056350922879958,"{""bytes"":16588800,""nonfiniteScalars"":0,""sha256"":""7978f43a3bced6a1c55c28e1bf996272c6bc5d5c543a9ffead43532ef8542ed8""}",996278982
fullMotion,0.017847541,baseline,0,"{""bytes"":8294400,""nonfiniteScalars"":0,""sha256"":""ff2eeb16566030b9dd06a8c01bbf967fa94070c40acdbbea6a0d2dc48c7167eb""}",1056351060112666,,,,true,,,,natural,true,"{""active"":323551232,""cache"":74761360,""peakActive"":398571792}",0.017847541,7,,,,40,3,measured,1499,1058843080,false,true,1500,3,1056351042265125,"{""bytes"":16588800,""nonfiniteScalars"":0,""sha256"":""26438fbe98f93bb7ea392c433b2bfd232c214d8aa921dac0b16df381e5575aa2""}",993628541
fullMotion,0.008157375,candidate,1,"{""bytes"":8294400,""nonfiniteScalars"":0,""sha256"":""ff2eeb16566030b9dd06a8c01bbf967fa94070c40acdbbea6a0d2dc48c7167eb""}",1056351106580750,,,,true,,,,natural,true,"{""active"":352632868,""cache"":45679724,""peakActive"":398571792}",0.008157375,7,,,,40,3,measured,1499,1058843080,false,true,1500,3,1056351098423375,"{""bytes"":16588800,""nonfiniteScalars"":0,""sha256"":""26438fbe98f93bb7ea392c433b2bfd232c214d8aa921dac0b16df381e5575aa2""}",993628541
fullMotion,0.014457292,candidate,0,"{""bytes"":8294400,""nonfiniteScalars"":0,""sha256"":""e4d7d9ae97135d7dc185243b19490a1f40bcca651cf2b759538db368bedc01b7""}",1056351224211083,,,,true,,,,natural,true,"{""active"":323551232,""cache"":74761360,""peakActive"":398571792}",0.014457292,8,,,,41,3,measured,1498,1058754825,false,true,1499,2,1056351209753791,"{""bytes"":16588800,""nonfiniteScalars"":0,""sha256"":""ee54d44ebac3dca564784630aa7e04eb0e50afdb17521dfa1b05c85b78882a48""}",994358578
fullMotion,0.01655425,baseline,1,"{""bytes"":8294400,""nonfiniteScalars"":0,""sha256"":""e4d7d9ae97135d7dc185243b19490a1f40bcca651cf2b759538db368bedc01b7""}",1056351278844875,,,,true,,,,natural,true,"{""active"":352632868,""cache"":45679724,""peakActive"":398571792}",0.01655425,8,,,,41,3,measured,1498,1058754825,false,true,1499,2,1056351262290625,"{""bytes"":16588800,""nonfiniteScalars"":0,""sha256"":""ee54d44ebac3dca564784630aa7e04eb0e50afdb17521dfa1b05c85b78882a48""}",994358578
fullMotion,0.013851417,baseline,0,"{""bytes"":8294400,""nonfiniteScalars"":0,""sha256"":""788ae0147bdf979a6575938ca2d7d4403788588f7be2010f03776c968fd1ab49""}",1056351396731625,,,,true,,,,natural,true,"{""active"":352632868,""cache"":45679724,""peakActive"":398571792}",0.013851417,9,,,,42,3,measured,1497,0,true,true,1498,1,1056351382880208,"{""bytes"":16588800,""nonfiniteScalars"":0,""sha256"":""1dd7f8a26e56dfba878da177773321a53dca3f2b9d00b46118d4425ec3093903""}",1049357384
fullMotion,0.013661875,candidate,1,"{""bytes"":8294400,""nonfiniteScalars"":0,""sha256"":""788ae0147bdf979a6575938ca2d7d4403788588f7be2010f03776c968fd1ab49""}",1056351448679750,,,,true,,,,natural,true,"{""active"":344309780,""cache"":54002812,""peakActive"":398571792}",0.013661875,9,,,,42,3,measured,1497,0,true,true,1498,1,1056351435017875,"{""bytes"":16588800,""nonfiniteScalars"":0,""sha256"":""1dd7f8a26e56dfba878da177773321a53dca3f2b9d00b46118d4425ec3093903""}",1049357384
fullMotion,0.008870333,candidate,0,"{""bytes"":8294400,""nonfiniteScalars"":0,""sha256"":""ff24d7286b3978166808fccb18ded53d06f8a0687fe03a9af73eba1e698dc25c""}",1056351561974333,,,,true,,,,natural,true,"{""active"":348471320,""cache"":49841268,""peakActive"":398571792}",0.008870333,10,,,,43,3,measured,1496,1057945836,false,true,1497,0,1056351553104000,"{""bytes"":16588800,""nonfiniteScalars"":0,""sha256"":""b5af93cbe1cc5d1d7f6ad42630abe65e9ea2748429906730d52b29109c701e87""}",996707947
fullMotion,0.012277208,baseline,1,"{""bytes"":8294400,""nonfiniteScalars"":0,""sha256"":""ff24d7286b3978166808fccb18ded53d06f8a0687fe03a9af73eba1e698dc25c""}",1056351612696291,,,,true,,,,natural,true,"{""active"":352632868,""cache"":45679724,""peakActive"":398571792}",0.012277208,10,,,,43,3,measured,1496,1057945836,false,true,1497,0,1056351600419083,"{""bytes"":16588800,""nonfiniteScalars"":0,""sha256"":""b5af93cbe1cc5d1d7f6ad42630abe65e9ea2748429906730d52b29109c701e87""}",996707947
